frame_id,job_id,atoms,target_temperature_K,volume_scale,md_seed,split,source_group,frame_index_zero_based,sampling_time_fs,step,temperature_K,MACE_energy_eV_atom,MACE_pressure_GPa,MACE_max_force_eV_A,min_ZrC_A,min_CC_A,min_ZrZr_A,geometry_sha256,source_path,source_sha256,duplicate_of,phase,rank,method,selection_seed,min_SOAP_distance_before_selection
zrc64_T5250_v100_s17_f0175,zrc64_T5250_v100_s17,64,5250,1.0,17,development,zrc64_v100_s17_heating,175,8750.0,17500,5031.1307382983,-8.2210111618042,26.876519864973915,7.724471092224121,1.9075356890089654,1.3073959002888784,2.314332420369777,1accd35cb678773425563203f2aa83f2fa3b8a8fb7ce2f998950b6eccb90d1f9,hpc/results/round1-8-64/production/zrc64_T5250_v100_s17/jobs/zrc64_T5250_v100_s17/production/attempt-01/sampling/frames.extxyz,c105336a4968370fe0edbeab8640489ed047806d76ff10421d0ca32fae09eea0,,unassigned,1,stratified_random,2026,
zrc64_T4500_v105_s17_f0040,zrc64_T4500_v105_s17,64,4500,1.05,17,development,zrc64_v105_s17_heating,40,2000.0,4000,4048.6820448505223,-8.982773780822754,14.28489448278132,7.551702976226807,1.8773408182743365,1.3003862434909716,2.6454688226822283,33ab5f98da8ebf97685aaa9e8a06b612038cfe3fc9e4140f78d38d2273389950,hpc/results/round1-8-64/production/zrc64_T4500_v105_s17/jobs/zrc64_T4500_v105_s17/production/attempt-01/sampling/frames.extxyz,05e37e3688bdce1195b166c3cdb4e0b2767bce96dc36f5029349686ffc9fba78,,unassigned,2,stratified_random,2026,0.20093276736056676
zrc64_T3000_v100_s17_f0010,zrc64_T3000_v100_s17,64,3000,1.0,17,development,zrc64_v100_s17_heating,10,500.0,1000,2766.3430685603607,-9.352869987487793,13.507846882570417,6.214907646179199,1.9705584529837727,2.7910214911667155,2.8847219422463946,912ca9172841227810a6f99f84d4d029a05677a66456d4f086e3599ee08d98dd,hpc/results/round1-8-64/production/zrc64_T3000_v100_s17/jobs/zrc64_T3000_v100_s17/production/attempt-01/sampling/frames.extxyz,a4444c4024dfaef8af475d257202e4ec0c331a45e9426cd5c950944caa131eaa,,unassigned,3,stratified_random,2026,0.10327478459916604
zrc64_T0300_v095_s17_f0125,zrc64_T0300_v095_s17,64,300,0.95,17,development,zrc64_v095_s17_heating,125,6250.0,12500,315.2600515775154,-9.647187232971191,15.183324813842773,2.095839262008667,2.1723458445284187,3.108318346746551,3.131953842446705,f1d01826dfda0055a739003beae1aa7fa388e3ccd05e1b37505a37f44d2c6b51,experiments/zrc_mace_round1/jobs/zrc64_T0300_v095_s17/production/attempt-01/sampling/frames.extxyz,29fc41d9fad7160ccd2375073663700da24320df162982d90ed67297d635bd7d,,unassigned,4,stratified_random,2026,0.06174815738002178
zrc64_T0300_v105_s17_f0075,zrc64_T0300_v105_s17,64,300,1.05,17,development,zrc64_v105_s17_heating,75,3750.0,7500,302.07100348683895,-9.651474952697754,-8.69398307800293,1.9660779237747192,2.203356852817843,3.1686127785291367,3.2257498967718083,5aa0030574d9b0c82dae02528ec59fba31bba7a8a7a3244cb3294333f9e76188,experiments/zrc_mace_round1/jobs/zrc64_T0300_v105_s17/production/attempt-01/sampling/frames.extxyz,2e6224250d01b866f883442edea3e0ecd17b582eb99446eca08ba48b95249e08,,unassigned,5,stratified_random,2026,0.07320203786722959
zrc64_T0300_v100_s17_f0100,zrc64_T0300_v100_s17,64,300,1.0,17,development,zrc64_v100_s17_heating,100,5000.0,10000,310.98296889290987,-9.675135612487793,1.539339303970337,1.934239149093628,2.2128808147778947,3.1379856251220226,3.2062034644381123,57f8768d211016a362df5e1e120145e69135b9d8a624577082590d08615635f1,experiments/zrc_mace_round1/jobs/zrc64_T0300_v100_s17/production/attempt-01/sampling/frames.extxyz,b0e19e781d665d4f92fb7606a1fa566d8357e4b8f1c5799a79f193aea3456c2f,,unassigned,6,stratified_random,2026,0.04471319637798728
zrc64_T4500_v100_s17_f0025,zrc64_T4500_v100_s17,64,4500,1.0,17,development,zrc64_v100_s17_heating,25,1250.0,2500,4511.545748386823,-8.953389167785645,22.39978652918443,8.459651947021484,1.8273120050857214,1.3611996720625998,2.7125666585450077,c5006c8db9e481e6eb853b4aa78797c152d7db308fbc8f09ffc4f88028b8b48c,hpc/results/round1-8-64/production/zrc64_T4500_v100_s17/jobs/zrc64_T4500_v100_s17/production/attempt-01/sampling/frames.extxyz,b5f6ee0648c369753023d9323aabfe46cfd7612607cbea2ffbfb15a993519ff2,,unassigned,7,stratified_random,2026,0.0448482378412543
zrc64_T6000_v095_s17_f0075,zrc64_T6000_v095_s17,64,6000,0.95,17,development,zrc64_v095_s17_heating,75,3750.0,7500,6144.6225961583605,-8.067951202392578,43.394949438636765,9.815567970275879,1.8541033122351123,1.2793743811773035,2.3307772218740093,dad3460b12f09429e8076018659ac1a73cb25936a8a49d1dea38169c6551e94a,hpc/results/round1-8-64/production/zrc64_T6000_v095_s17/jobs/zrc64_T6000_v095_s17/production/attempt-01/sampling/frames.extxyz,ebfa194f0d83eb7ec3df31489d43cf1768b9a48d0c55db95d8af2f4e79e8302b,,unassigned,8,stratified_random,2026,0.059822449111012234
zrc64_T3000_v105_s17_f0135,zrc64_T3000_v105_s17,64,3000,1.05,17,development,zrc64_v105_s17_heating,135,6750.0,13500,2849.711935297536,-9.271407127380371,5.50493355258654,8.06369686126709,1.8657083310902989,2.847422137134897,2.9493106832568787,46e223d7729e302d13860d4689c12dad15857648d87c8b19acd83c590a825f52,hpc/results/round1-8-64/production/zrc64_T3000_v105_s17/jobs/zrc64_T3000_v105_s17/production/attempt-01/sampling/frames.extxyz,b4dccb6801af5c2276e8bda38746a4f6f66326b38d4a2344115b8b88f363d665,,unassigned,9,stratified_random,2026,0.04576139177203034
zrc64_T5250_v105_s17_f0075,zrc64_T5250_v105_s17,64,5250,1.05,17,development,zrc64_v105_s17_heating,75,3750.0,7500,5144.207098430176,-8.342785835266113,23.176627054680907,9.528843879699707,1.7599438793448163,1.3241215342903545,2.4261312823210437,4c8b91e85b8e88398844d57b4bdcf8782b125cecf2647b686475f8c0e3aaa4e5,hpc/results/round1-8-64/production/zrc64_T5250_v105_s17/jobs/zrc64_T5250_v105_s17/production/attempt-01/sampling/frames.extxyz,98513e4ef98528a1f91bcd1e3ab3c9da409ecdb19122d0f4eb5d882dd43afa8e,,unassigned,10,stratified_random,2026,0.0703806667575837
zrc64_T5250_v095_s17_f0170,zrc64_T5250_v095_s17,64,5250,0.95,17,development,zrc64_v095_s17_heating,170,8500.0,17000,6003.731198531082,-8.349084854125977,40.77761682927668,10.924280166625977,1.9402487391163403,1.2334892760173088,2.533971142461676,260cf502d33232b636e55ae290fa0939bd62024f234bfbe514b8345b39253bf2,hpc/results/round1-8-64/production/zrc64_T5250_v095_s17/jobs/zrc64_T5250_v095_s17/production/attempt-01/sampling/frames.extxyz,7fdbc9fc59e3288da3c2fc653d1ed8709f0feeca8bf1573cf734a243a8eea755,,unassigned,11,stratified_random,2026,0.07101344085552236
zrc64_T1500_v100_s17_f0160,zrc64_T1500_v100_s17,64,1500,1.0,17,development,zrc64_v100_s17_heating,160,8000.0,16000,1753.4983385083772,-9.537053108215332,7.273345672275465,4.467246055603027,2.0297500327137414,2.8957434729843223,3.0570708095147836,ebe7a3f67482ddf7cab5ffbd3259495fdb6e00e5842db69640ce02bba822a477,hpc/results/round1-8-64/production/zrc64_T1500_v100_s17/jobs/zrc64_T1500_v100_s17/production/attempt-01/sampling/frames.extxyz,0b57a9d22d7e8c7db61735858cc30505ba173d07c1c4a6e396f17041a99b84e2,,unassigned,12,stratified_random,2026,0.024366482557832
zrc64_T1500_v105_s17_f0140,zrc64_T1500_v105_s17,64,1500,1.05,17,development,zrc64_v105_s17_heating,140,7000.0,14000,1574.915409134039,-9.466130256652832,-1.4305818287628747,4.643989086151123,2.091944308234922,2.936800681180263,2.9792554716921607,9164f01513a91e4d8aba4f2e751dfb695440e56ec52b0bfb540324b01fe64ad3,hpc/results/round1-8-64/production/zrc64_T1500_v105_s17/jobs/zrc64_T1500_v105_s17/production/attempt-01/sampling/frames.extxyz,d28a4f0a705320a646044b919cebe9286d070451f48feede258cfdd61a8ba8f5,,unassigned,13,stratified_random,2026,0.030252766959693728
zrc64_T6000_v105_s17_f0185,zrc64_T6000_v105_s17,64,6000,1.05,17,development,zrc64_v105_s17_heating,185,9250.0,18500,7603.9593431010935,-8.080897331237793,31.24449116898259,16.217844009399414,1.6425278190778168,1.3018278117177973,2.5253873805761162,8dbde3a6850044e1f9148eff949cc7cc6bd61135a796d5a6aa4fbf95456a6c64,hpc/results/round1-8-64/production/zrc64_T6000_v105_s17/jobs/zrc64_T6000_v105_s17/production/attempt-01/sampling/frames.extxyz,ef738ec6f25e619a80c636ce84ec0302c99d26bcf9231bfb5a2f7e421275dfdc,,unassigned,14,stratified_random,2026,0.06371865331911444
zrc64_T3000_v095_s17_f0150,zrc64_T3000_v095_s17,64,3000,0.95,17,development,zrc64_v095_s17_heating,150,7500.0,15000,3149.779556803436,-9.271093368530273,29.678214653978987,7.008865833282471,1.9400549820483728,2.7448851038975732,2.898085873146073,bd654b5bcc0e2da2f7e783b8d96a65b15af067244e81d00f1e3d2cb886c43802,hpc/results/round1-8-64/production/zrc64_T3000_v095_s17/jobs/zrc64_T3000_v095_s17/production/attempt-01/sampling/frames.extxyz,38d42f886936a7c5334dbee7f9fc2d38457e89614c905ba8d473d57ee3aee2bb,,unassigned,15,stratified_random,2026,0.04262089332248903
zrc64_T6000_v100_s17_f0035,zrc64_T6000_v100_s17,64,6000,1.0,17,development,zrc64_v100_s17_heating,35,1750.0,3500,5719.210687527267,-8.115768432617188,36.685283953048966,14.358713150024414,1.8985480366069059,1.3020113183036304,2.126628345576349,607f5093eefdf9d60c2f689afc11c47ad04ede42c9303582a2f824912f151c64,hpc/results/round1-8-64/production/zrc64_T6000_v100_s17/jobs/zrc64_T6000_v100_s17/production/attempt-01/sampling/frames.extxyz,41599cc730e48121c4bdac3bc09d76b684d95a277e129cddc8adb7f46e6d0946,,unassigned,16,stratified_random,2026,0.046214716305097166
zrc64_T1500_v095_s17_f0170,zrc64_T1500_v095_s17,64,1500,0.95,17,development,zrc64_v095_s17_heating,170,8500.0,17000,1656.3965938690462,-9.484757423400879,21.224926883057414,4.930119037628174,2.048037294405294,2.8952592485858464,2.9903019940271953,3518989746f540cde297b9fff4ed6232eb89c58a3d621b3a158eddbce51e95b4,hpc/results/round1-8-64/production/zrc64_T1500_v095_s17/jobs/zrc64_T1500_v095_s17/production/attempt-01/sampling/frames.extxyz,5b28004032b343dfef216429d4e0761a24384595070cb03a21afa3c444c24067,,unassigned,17,stratified_random,2026,0.02558868331128142
zrc64_T4500_v095_s17_f0135,zrc64_T4500_v095_s17,64,4500,0.95,17,development,zrc64_v095_s17_heating,135,6750.0,13500,4508.048891897618,-9.015153884887695,36.24264471372434,8.487699508666992,1.8801007162775893,2.549789732969788,2.7644513261773698,b02795004a09abc41a6a023da47a38717d237190bc6dd7c25e019c54459e469c,hpc/results/round1-8-64/production/zrc64_T4500_v095_s17/jobs/zrc64_T4500_v095_s17/production/attempt-01/sampling/frames.extxyz,65116dd3c23f7ea4f37d5e963453d34409098eb6bae1ff570fe77bb92b99e81a,,unassigned,18,stratified_random,2026,0.031806147550212285
zrc64_T1500_v100_s17_f0020,zrc64_T1500_v100_s17,64,1500,1.0,17,development,zrc64_v100_s17_heating,20,1000.0,2000,1562.8277845878677,-9.508988380432129,7.681451133916831,4.999934196472168,2.03853518317875,2.972854234566411,2.9857689551350948,d0a9595959b2cf83a18eb255f9e468015df40189608de4fff08f048760c27093,hpc/results/round1-8-64/production/zrc64_T1500_v100_s17/jobs/zrc64_T1500_v100_s17/production/attempt-01/sampling/frames.extxyz,0b57a9d22d7e8c7db61735858cc30505ba173d07c1c4a6e396f17041a99b84e2,,unassigned,19,stratified_random,2026,0.009028319991652937
zrc64_T6000_v095_s17_f0060,zrc64_T6000_v095_s17,64,6000,0.95,17,development,zrc64_v095_s17_heating,60,3000.0,6000,5446.794212463271,-8.05202579498291,46.538086522224994,10.259561538696289,1.8818728846488528,1.2311874899420883,2.2232801407416507,f1b877418d0b877f1361eb1f4a39a6ddaa5ec3081c5d4074262cddc1e88925bf,hpc/results/round1-8-64/production/zrc64_T6000_v095_s17/jobs/zrc64_T6000_v095_s17/production/attempt-01/sampling/frames.extxyz,ebfa194f0d83eb7ec3df31489d43cf1768b9a48d0c55db95d8af2f4e79e8302b,,unassigned,20,stratified_random,2026,0.047057661863839854
zrc64_T4500_v095_s17_f0035,zrc64_T4500_v095_s17,64,4500,0.95,17,development,zrc64_v095_s17_heating,35,1750.0,3500,4882.966276056059,-9.055798530578613,35.49399173641901,9.140240669250488,1.8120311040446544,1.3033896701995968,2.7534795675381023,a879bab0d831a1f2c713e53cb9109687b067cfce99a673d0bcfa501d5212079c,hpc/results/round1-8-64/production/zrc64_T4500_v095_s17/jobs/zrc64_T4500_v095_s17/production/attempt-01/sampling/frames.extxyz,65116dd3c23f7ea4f37d5e963453d34409098eb6bae1ff570fe77bb92b99e81a,,unassigned,21,stratified_random,2026,0.03260797096734582
zrc64_T5250_v105_s17_f0195,zrc64_T5250_v105_s17,64,5250,1.05,17,development,zrc64_v105_s17_heating,195,9750.0,19500,5283.275389285219,-8.310372352600098,24.165268958310346,10.70495319366455,1.907001182773266,1.2798401673506803,2.387418628980725,fcc1f0410a747c7583e0be8d73b562da5da8a9af1e27f428c229ef7b47d04be1,hpc/results/round1-8-64/production/zrc64_T5250_v105_s17/jobs/zrc64_T5250_v105_s17/production/attempt-01/sampling/frames.extxyz,98513e4ef98528a1f91bcd1e3ab3c9da409ecdb19122d0f4eb5d882dd43afa8e,,unassigned,22,stratified_random,2026,0.04363623570083974
zrc64_T3000_v105_s17_f0150,zrc64_T3000_v105_s17,64,3000,1.05,17,development,zrc64_v105_s17_heating,150,7500.0,15000,3447.0692687570904,-9.342188835144043,3.8030859553924707,6.9564290046691895,1.9500951097152188,2.7383426419047834,2.951787107289687,58085b6bfc72acc5fde2939d57644da488b647f204c22cb9f018cd33ee649631,hpc/results/round1-8-64/production/zrc64_T3000_v105_s17/jobs/zrc64_T3000_v105_s17/production/attempt-01/sampling/frames.extxyz,b4dccb6801af5c2276e8bda38746a4f6f66326b38d4a2344115b8b88f363d665,,unassigned,23,stratified_random,2026,0.011819270275125672
zrc64_T3000_v095_s17_f0185,zrc64_T3000_v095_s17,64,3000,0.95,17,development,zrc64_v095_s17_heating,185,9250.0,18500,2886.589459833926,-9.302618980407715,27.599931629122494,7.499847412109375,1.9547578262598517,2.8161756731113714,2.872388523649234,7c6d1983a821d2cb413087e6689a3ad5fc585335247352deba281e41e198c9fb,hpc/results/round1-8-64/production/zrc64_T3000_v095_s17/jobs/zrc64_T3000_v095_s17/production/attempt-01/sampling/frames.extxyz,38d42f886936a7c5334dbee7f9fc2d38457e89614c905ba8d473d57ee3aee2bb,,unassigned,24,stratified_random,2026,0.010999353055377692
zrc64_T4500_v100_s17_f0065,zrc64_T4500_v100_s17,64,4500,1.0,17,development,zrc64_v100_s17_heating,65,3250.0,6500,4352.961445230672,-9.028387069702148,21.71202155585153,6.873937129974365,1.9168770392482288,1.5608184342966296,2.790230139615644,653a62badd15cd2bb23fb5cbb80e43d2076e39ff30dd077240c76a0a38c3ebae,hpc/results/round1-8-64/production/zrc64_T4500_v100_s17/jobs/zrc64_T4500_v100_s17/production/attempt-01/sampling/frames.extxyz,b5f6ee0648c369753023d9323aabfe46cfd7612607cbea2ffbfb15a993519ff2,,unassigned,25,stratified_random,2026,0.03418831707748906
zrc64_T5250_v100_s17_f0130,zrc64_T5250_v100_s17,64,5250,1.0,17,development,zrc64_v100_s17_heating,130,6500.0,13000,5819.4657807381045,-8.224580764770508,34.85365869147358,10.716025352478027,1.8671995018406369,1.2647861350575889,2.2125298817449,2859f6bda7ce07e70ec231b42405bebfe0abc0ffff52110e1c953e33f220ca8a,hpc/results/round1-8-64/production/zrc64_T5250_v100_s17/jobs/zrc64_T5250_v100_s17/production/attempt-01/sampling/frames.extxyz,c105336a4968370fe0edbeab8640489ed047806d76ff10421d0ca32fae09eea0,,unassigned,26,stratified_random,2026,0.04429884138710176
zrc64_T5250_v095_s17_f0115,zrc64_T5250_v095_s17,64,5250,0.95,17,development,zrc64_v095_s17_heating,115,5750.0,11500,5422.325900605294,-8.303635597229004,39.34968034201325,11.071677207946777,1.8933137363450017,1.2277126797360338,2.205486029769832,9d0fa1ebde89126f98179dea301db028948a9b3c9ad69ebe41be0c84bb70ffa5,hpc/results/round1-8-64/production/zrc64_T5250_v095_s17/jobs/zrc64_T5250_v095_s17/production/attempt-01/sampling/frames.extxyz,7fdbc9fc59e3288da3c2fc653d1ed8709f0feeca8bf1573cf734a243a8eea755,,unassigned,27,stratified_random,2026,0.03587034252815727
zrc64_T0300_v105_s17_f0155,zrc64_T0300_v105_s17,64,300,1.05,17,development,zrc64_v105_s17_heating,155,7750.0,15500,336.4522759563368,-9.65398120880127,-8.727983474731445,1.8138878345489502,2.2446237393843083,3.219985204664763,3.1991726692250815,23b5e2aa0bbaf508e28bc07517ac9673a898178a21c61e50b648ad24111794fd,experiments/zrc_mace_round1/jobs/zrc64_T0300_v105_s17/production/attempt-01/sampling/frames.extxyz,2e6224250d01b866f883442edea3e0ecd17b582eb99446eca08ba48b95249e08,,unassigned,28,stratified_random,2026,0.00370633100641951
zrc64_T6000_v100_s17_f0025,zrc64_T6000_v100_s17,64,6000,1.0,17,development,zrc64_v100_s17_heating,25,1250.0,2500,5892.078495873979,-8.060506820678711,36.83614395869043,7.3615946769714355,1.8731704170886443,1.2497861468868587,2.173937929424152,456b633fab54255941a336bc4ac8a15538243838f226be1f2dd587984b10e4dc,hpc/results/round1-8-64/production/zrc64_T6000_v100_s17/jobs/zrc64_T6000_v100_s17/production/attempt-01/sampling/frames.extxyz,41599cc730e48121c4bdac3bc09d76b684d95a277e129cddc8adb7f46e6d0946,,unassigned,29,stratified_random,2026,0.0617179386316132
zrc64_T1500_v095_s17_f0100,zrc64_T1500_v095_s17,64,1500,0.95,17,development,zrc64_v095_s17_heating,100,5000.0,10000,1504.9399556773521,-9.49050235748291,20.66226018096688,4.379339218139648,2.0339571846855753,2.754324852357138,3.0109600045844878,17610a2d99591ce4af67e2294288d6282b27eec31febed7f19f115990e21b6e6,hpc/results/round1-8-64/production/zrc64_T1500_v095_s17/jobs/zrc64_T1500_v095_s17/production/attempt-01/sampling/frames.extxyz,5b28004032b343dfef216429d4e0761a24384595070cb03a21afa3c444c24067,,unassigned,30,stratified_random,2026,0.0051803244385632725
zrc64_T1500_v105_s17_f0125,zrc64_T1500_v105_s17,64,1500,1.05,17,development,zrc64_v105_s17_heating,125,6250.0,12500,1547.234043807724,-9.48583698272705,-1.3740223709775365,4.898880481719971,2.044431896070711,2.9632117423803797,3.012437301121691,bbd92fe9e0610a2ab74a472b5d22b7639f76e1c4d0c5499403d22574c0041cf9,hpc/results/round1-8-64/production/zrc64_T1500_v105_s17/jobs/zrc64_T1500_v105_s17/production/attempt-01/sampling/frames.extxyz,d28a4f0a705320a646044b919cebe9286d070451f48feede258cfdd61a8ba8f5,,unassigned,31,stratified_random,2026,0.0107778134562711
zrc64_T3000_v100_s17_f0170,zrc64_T3000_v100_s17,64,3000,1.0,17,development,zrc64_v100_s17_heating,170,8500.0,17000,2641.928516037447,-9.360433578491211,15.331934419704686,7.091571807861328,1.9454814103017954,2.890434118376107,2.8018509412022503,e0509694e587c8e33d768cbbd70010db0cdad197f0739ae629f68bb7d47e9784,hpc/results/round1-8-64/production/zrc64_T3000_v100_s17/jobs/zrc64_T3000_v100_s17/production/attempt-01/sampling/frames.extxyz,a4444c4024dfaef8af475d257202e4ec0c331a45e9426cd5c950944caa131eaa,,unassigned,32,stratified_random,2026,0.013949293358636638
zrc64_T0300_v095_s17_f0130,zrc64_T0300_v095_s17,64,300,0.95,17,development,zrc64_v095_s17_heating,130,6500.0,13000,279.73116217487967,-9.65056037902832,15.055609703063965,2.0664000511169434,2.183356836269395,3.130457891267975,3.133706207022018,4e69fd0e385e47b0612099ebc2692527985b5bd65694a78bb5842af7ce2660fb,experiments/zrc_mace_round1/jobs/zrc64_T0300_v095_s17/production/attempt-01/sampling/frames.extxyz,29fc41d9fad7160ccd2375073663700da24320df162982d90ed67297d635bd7d,,unassigned,33,stratified_random,2026,0.0025122558771355245
zrc64_T4500_v105_s17_f0100,zrc64_T4500_v105_s17,64,4500,1.05,17,development,zrc64_v105_s17_heating,100,5000.0,10000,4552.319858362464,-9.001684188842773,13.902276084731795,15.75144100189209,1.8698727186177209,1.1537194044378545,2.619461305343767,96c2e7a4dc51e1a4c129e03a92eb0b4ed783a1be7b1717d179345ed0635e9cd6,hpc/results/round1-8-64/production/zrc64_T4500_v105_s17/jobs/zrc64_T4500_v105_s17/production/attempt-01/sampling/frames.extxyz,05e37e3688bdce1195b166c3cdb4e0b2767bce96dc36f5029349686ffc9fba78,,unassigned,34,stratified_random,2026,0.027428809764805853
zrc64_T0300_v100_s17_f0095,zrc64_T0300_v100_s17,64,300,1.0,17,development,zrc64_v100_s17_heating,95,4750.0,9500,322.5758677724795,-9.674753189086914,1.5157232284545898,2.0371062755584717,2.219719489583985,3.1377184805071523,3.169079770564604,a0d8f5408e2ec76c0af3d66581107be22485c6c484241d8c8c6e9e4a91775331,experiments/zrc_mace_round1/jobs/zrc64_T0300_v100_s17/production/attempt-01/sampling/frames.extxyz,b0e19e781d665d4f92fb7606a1fa566d8357e4b8f1c5799a79f193aea3456c2f,,unassigned,35,stratified_random,2026,0.0030102367485003783
zrc64_T6000_v105_s17_f0070,zrc64_T6000_v105_s17,64,6000,1.05,17,development,zrc64_v105_s17_heating,70,3500.0,7000,6186.389842173977,-8.094502449035645,31.456103530182396,12.288670539855957,1.7936605652739521,1.2183436019278078,2.1797512192850585,b71a1e1287ed334ab9d6c3577d8acb4f7955b04f604e768c6303a27d0789ba13,hpc/results/round1-8-64/production/zrc64_T6000_v105_s17/jobs/zrc64_T6000_v105_s17/production/attempt-01/sampling/frames.extxyz,ef738ec6f25e619a80c636ce84ec0302c99d26bcf9231bfb5a2f7e421275dfdc,,unassigned,36,stratified_random,2026,0.044244090674483
zrc64_T4500_v095_s17_f0030,zrc64_T4500_v095_s17,64,4500,0.95,17,development,zrc64_v095_s17_heating,30,1500.0,3000,4076.911160817876,-8.961908340454102,34.5496718582709,7.618041515350342,1.8548094808161542,1.3961532736302777,2.42209698518775,5a7574a1b6378115fbee237b02ccce4d2c6c02794e4516d8b76743dad56fdfe1,hpc/results/round1-8-64/production/zrc64_T4500_v095_s17/jobs/zrc64_T4500_v095_s17/production/attempt-01/sampling/frames.extxyz,65116dd3c23f7ea4f37d5e963453d34409098eb6bae1ff570fe77bb92b99e81a,,unassigned,37,stratified_random,2026,0.026853971126432428
zrc64_T5250_v095_s17_f0055,zrc64_T5250_v095_s17,64,5250,0.95,17,development,zrc64_v095_s17_heating,55,2750.0,5500,6182.059409944074,-8.819173812866211,39.79245313640167,15.473158836364746,1.738700951264261,1.4317221233055484,2.6546656555880985,bc34b48f7f7da4c7bc9786e04afb6c76dfa0c8c1d6d938807cfe409976c323ef,hpc/results/round1-8-64/production/zrc64_T5250_v095_s17/jobs/zrc64_T5250_v095_s17/production/attempt-01/sampling/frames.extxyz,7fdbc9fc59e3288da3c2fc653d1ed8709f0feeca8bf1573cf734a243a8eea755,,unassigned,38,stratified_random,2026,0.018987578658299538
zrc64_T0300_v100_s17_f0030,zrc64_T0300_v100_s17,64,300,1.0,17,development,zrc64_v100_s17_heating,30,1500.0,3000,262.8661508762857,-9.668625831604004,1.569455862045288,1.9242233037948608,2.2111098684765165,3.117575494797301,3.1745469132370268,60a23af0f65e89da4db9285c0d272e22d3a3a0d1933ea07026805019d2f1d85b,experiments/zrc_mace_round1/jobs/zrc64_T0300_v100_s17/production/attempt-01/sampling/frames.extxyz,b0e19e781d665d4f92fb7606a1fa566d8357e4b8f1c5799a79f193aea3456c2f,,unassigned,39,stratified_random,2026,0.0028428901122730544
zrc64_T3000_v095_s17_f0050,zrc64_T3000_v095_s17,64,3000,0.95,17,development,zrc64_v095_s17_heating,50,2500.0,5000,2790.0744189980037,-9.33092212677002,26.49728946797005,7.196105480194092,1.9595791524241624,2.765482093940577,2.874634878221003,7217b6907e43c98dd5e6035fcada769c6ce2930fe480ef9ad53fbf023cba7c0b,hpc/results/round1-8-64/production/zrc64_T3000_v095_s17/jobs/zrc64_T3000_v095_s17/production/attempt-01/sampling/frames.extxyz,38d42f886936a7c5334dbee7f9fc2d38457e89614c905ba8d473d57ee3aee2bb,,unassigned,40,stratified_random,2026,0.018068867335536642
zrc64_T1500_v100_s17_f0175,zrc64_T1500_v100_s17,64,1500,1.0,17,development,zrc64_v100_s17_heating,175,8750.0,17500,1889.880246967409,-9.5453462600708,7.640465638017026,4.2767653465271,2.06386417373791,2.9017430232291157,3.0512260136932214,95242cba8aaf342c50650dcf8ae8145d1b40cad36f5fb618f8547a8c1eeda68a,hpc/results/round1-8-64/production/zrc64_T1500_v100_s17/jobs/zrc64_T1500_v100_s17/production/attempt-01/sampling/frames.extxyz,0b57a9d22d7e8c7db61735858cc30505ba173d07c1c4a6e396f17041a99b84e2,,unassigned,41,stratified_random,2026,0.007752689628461809
zrc64_T6000_v105_s17_f0110,zrc64_T6000_v105_s17,64,6000,1.05,17,development,zrc64_v105_s17_heating,110,5500.0,11000,5285.508220482989,-8.050713539123535,31.530675735625636,13.872174263000488,1.807268193434516,1.2052398002777815,2.217673272964979,f75fc404d87679c95562b2193aaa742c143801390ce4da3f3907ecce4328a8e3,hpc/results/round1-8-64/production/zrc64_T6000_v105_s17/jobs/zrc64_T6000_v105_s17/production/attempt-01/sampling/frames.extxyz,ef738ec6f25e619a80c636ce84ec0302c99d26bcf9231bfb5a2f7e421275dfdc,,unassigned,42,stratified_random,2026,0.04937762106601791
zrc64_T5250_v105_s17_f0020,zrc64_T5250_v105_s17,64,5250,1.05,17,development,zrc64_v105_s17_heating,20,1000.0,2000,4491.058043651241,-8.219332695007324,23.175329623846977,16.566024780273438,1.6749507562549266,1.3146802165725067,2.451415004507012,361144f9e56b3bd03d9324205c6d6adb48acf4f18a720fa70219252d4fa985d1,hpc/results/round1-8-64/production/zrc64_T5250_v105_s17/jobs/zrc64_T5250_v105_s17/production/attempt-01/sampling/frames.extxyz,98513e4ef98528a1f91bcd1e3ab3c9da409ecdb19122d0f4eb5d882dd43afa8e,,unassigned,43,stratified_random,2026,0.04530072669328479
zrc64_T3000_v100_s17_f0090,zrc64_T3000_v100_s17,64,3000,1.0,17,development,zrc64_v100_s17_heating,90,4500.0,9000,3323.5943546279523,-9.340521812438965,12.832471371024884,7.208562850952148,1.9461500478505291,2.6899419249543506,2.8659463742559304,33501a06b4f9d6f46d1889281e51034b42a4e443a72dd1e93bf0421971f8c6bc,hpc/results/round1-8-64/production/zrc64_T3000_v100_s17/jobs/zrc64_T3000_v100_s17/production/attempt-01/sampling/frames.extxyz,a4444c4024dfaef8af475d257202e4ec0c331a45e9426cd5c950944caa131eaa,,unassigned,44,stratified_random,2026,0.01418844224651826
zrc64_T5250_v100_s17_f0055,zrc64_T5250_v100_s17,64,5250,1.0,17,development,zrc64_v100_s17_heating,55,2750.0,5500,5816.815068459846,-8.229276657104492,35.12257622155285,8.192689895629883,1.8160744935308653,1.3131233801134539,2.2987208415436817,b57c417bf2456b1e2d7549089edfcc3fd0f0b2921d62e2e4b9f265533f0b398a,hpc/results/round1-8-64/production/zrc64_T5250_v100_s17/jobs/zrc64_T5250_v100_s17/production/attempt-01/sampling/frames.extxyz,c105336a4968370fe0edbeab8640489ed047806d76ff10421d0ca32fae09eea0,,unassigned,45,stratified_random,2026,0.03934979940882836
zrc64_T4500_v100_s17_f0140,zrc64_T4500_v100_s17,64,4500,1.0,17,development,zrc64_v100_s17_heating,140,7000.0,14000,3462.975757578845,-9.03268814086914,22.765471749839456,10.807920455932617,1.8598520451698692,1.2799060750762667,2.6128441995576,3af1cf52abe59970b2c314e9f44809f114383fe01ac7f6687e58c5dd51cc0409,hpc/results/round1-8-64/production/zrc64_T4500_v100_s17/jobs/zrc64_T4500_v100_s17/production/attempt-01/sampling/frames.extxyz,b5f6ee0648c369753023d9323aabfe46cfd7612607cbea2ffbfb15a993519ff2,,unassigned,46,stratified_random,2026,0.02869466504161504
zrc64_T1500_v105_s17_f0165,zrc64_T1500_v105_s17,64,1500,1.05,17,development,zrc64_v105_s17_heating,165,8250.0,16500,1448.0401044735179,-9.492069244384766,-2.3459870070981714,5.104068279266357,1.999644221138142,2.983521819819488,3.0887269080318798,bdd2ff9007cddaec17bc9d23a7e58abbdd40f3945d7176cde0bd9625587bad36,hpc/results/round1-8-64/production/zrc64_T1500_v105_s17/jobs/zrc64_T1500_v105_s17/production/attempt-01/sampling/frames.extxyz,d28a4f0a705320a646044b919cebe9286d070451f48feede258cfdd61a8ba8f5,,unassigned,47,stratified_random,2026,0.008126604398874103
zrc64_T0300_v105_s17_f0005,zrc64_T0300_v105_s17,64,300,1.05,17,development,zrc64_v105_s17_heating,5,250.0,500,326.36867693262826,-9.652772903442383,-8.679855346679688,1.8685871362686157,2.218519137737368,3.1837910164131706,3.167429020851365,d577dd390b50f11b0bbd799b16f2c4b66ec950a786dd65f28de7ae48134752d4,experiments/zrc_mace_round1/jobs/zrc64_T0300_v105_s17/production/attempt-01/sampling/frames.extxyz,2e6224250d01b866f883442edea3e0ecd17b582eb99446eca08ba48b95249e08,,unassigned,48,stratified_random,2026,0.005757432588910551
zrc64_T3000_v105_s17_f0095,zrc64_T3000_v105_s17,64,3000,1.05,17,development,zrc64_v105_s17_heating,95,4750.0,9500,3319.4197466809183,-9.266995429992676,6.82941246651111,7.9146952629089355,1.9570847918338097,2.780072559453513,2.8967245600327467,01184810768296ecad5e94cb551ca1ffb9c2bbeb3435d2dba7f886b39819e390,hpc/results/round1-8-64/production/zrc64_T3000_v105_s17/jobs/zrc64_T3000_v105_s17/production/attempt-01/sampling/frames.extxyz,b4dccb6801af5c2276e8bda38746a4f6f66326b38d4a2344115b8b88f363d665,,unassigned,49,stratified_random,2026,0.01589276437712161
zrc64_T6000_v095_s17_f0095,zrc64_T6000_v095_s17,64,6000,0.95,17,development,zrc64_v095_s17_heating,95,4750.0,9500,5802.629043579664,-8.072386741638184,45.20954303761122,10.625053405761719,1.7675161268760946,1.2851784921520708,2.2372050331775957,26ac811aece4cf1043074e2fc46eeb884b8eb39fbc6695b0b4fd73c6c4ee8864,hpc/results/round1-8-64/production/zrc64_T6000_v095_s17/jobs/zrc64_T6000_v095_s17/production/attempt-01/sampling/frames.extxyz,ebfa194f0d83eb7ec3df31489d43cf1768b9a48d0c55db95d8af2f4e79e8302b,,unassigned,50,stratified_random,2026,0.04532023815287397
zrc64_T6000_v100_s17_f0200,zrc64_T6000_v100_s17,64,6000,1.0,17,development,zrc64_v100_s17_heating,200,10000.0,20000,6068.117800890301,-8.185046195983887,35.20233414024931,15.878693580627441,1.8273840462950084,1.1648446306285736,2.23953659667382,efcacd5f374fcaf740fcc40aed417f299914c4dc7cee7efe016b9504d7462445,hpc/results/round1-8-64/production/zrc64_T6000_v100_s17/jobs/zrc64_T6000_v100_s17/production/attempt-01/sampling/frames.extxyz,41599cc730e48121c4bdac3bc09d76b684d95a277e129cddc8adb7f46e6d0946,,unassigned,51,stratified_random,2026,0.03168403406325566
zrc64_T0300_v095_s17_f0070,zrc64_T0300_v095_s17,64,300,0.95,17,development,zrc64_v095_s17_heating,70,3500.0,7000,331.94442053026194,-9.641715049743652,15.443467140197754,2.3559370040893555,2.16886198276974,3.126499785643505,3.139754060092474,41b1d69d52b756a55ce52c6725ac19cecbaf7851c1340849186059390075076d,experiments/zrc_mace_round1/jobs/zrc64_T0300_v095_s17/production/attempt-01/sampling/frames.extxyz,29fc41d9fad7160ccd2375073663700da24320df162982d90ed67297d635bd7d,,unassigned,52,stratified_random,2026,0.004279570610916136
zrc64_T4500_v105_s17_f0045,zrc64_T4500_v105_s17,64,4500,1.05,17,development,zrc64_v105_s17_heating,45,2250.0,4500,4726.51604255584,-8.859808921813965,16.302545530868368,8.221809387207031,1.8183709656230116,1.351811867567315,2.6178109993385736,bd80d481cfe9647e68144ac3c74f090b4790119336048772be1b0543b2b8502b,hpc/results/round1-8-64/production/zrc64_T4500_v105_s17/jobs/zrc64_T4500_v105_s17/production/attempt-01/sampling/frames.extxyz,05e37e3688bdce1195b166c3cdb4e0b2767bce96dc36f5029349686ffc9fba78,,unassigned,53,stratified_random,2026,0.026603314958118705
zrc64_T1500_v095_s17_f0040,zrc64_T1500_v095_s17,64,1500,0.95,17,development,zrc64_v095_s17_heating,40,2000.0,4000,1368.1361641265146,-9.557026863098145,19.259018155266624,4.289515972137451,2.0994511956345363,2.990988700206824,3.0230150651319745,426704b97d09c87c7d702dd6439d363542d0da31efcddf330728a221f4c5dc19,hpc/results/round1-8-64/production/zrc64_T1500_v095_s17/jobs/zrc64_T1500_v095_s17/production/attempt-01/sampling/frames.extxyz,5b28004032b343dfef216429d4e0761a24384595070cb03a21afa3c444c24067,,unassigned,54,stratified_random,2026,0.011612163815827928
zrc64_T0300_v095_s17_f0095,zrc64_T0300_v095_s17,64,300,0.95,17,development,zrc64_v095_s17_heating,95,4750.0,9500,277.03190611967636,-9.651240348815918,15.110326766967773,1.985311508178711,2.1631451799817776,3.1268230411527074,3.132095927514826,b3daf44e5b6c308c25df00a5d58591bcdac5438ca961695e16c1f537e61fd714,experiments/zrc_mace_round1/jobs/zrc64_T0300_v095_s17/production/attempt-01/sampling/frames.extxyz,29fc41d9fad7160ccd2375073663700da24320df162982d90ed67297d635bd7d,,unassigned,55,stratified_random,2026,0.0030419287416683124
zrc64_T5250_v105_s17_f0125,zrc64_T5250_v105_s17,64,5250,1.05,17,development,zrc64_v105_s17_heating,125,6250.0,12500,4878.006704166793,-8.151901245117188,26.657158545520694,9.341036796569824,1.8240144806343397,1.2523631157936341,2.1881311860626296,088ae9040cf36ebb117957107948abeecf86a15948164d03085889dd0f061378,hpc/results/round1-8-64/production/zrc64_T5250_v105_s17/jobs/zrc64_T5250_v105_s17/production/attempt-01/sampling/frames.extxyz,98513e4ef98528a1f91bcd1e3ab3c9da409ecdb19122d0f4eb5d882dd43afa8e,,unassigned,56,stratified_random,2026,0.03517004354658426
zrc64_T4500_v095_s17_f0070,zrc64_T4500_v095_s17,64,4500,0.95,17,development,zrc64_v095_s17_heating,70,3500.0,7000,4069.9110718910097,-9.067819595336914,33.775970984436455,10.481414794921875,1.8066014325501072,1.4235591318500638,2.745416894278626,d0b3416ad842a27d8f36a858b816af366560ad4a986a14dcbf204553e926072d,hpc/results/round1-8-64/production/zrc64_T4500_v095_s17/jobs/zrc64_T4500_v095_s17/production/attempt-01/sampling/frames.extxyz,65116dd3c23f7ea4f37d5e963453d34409098eb6bae1ff570fe77bb92b99e81a,,unassigned,57,stratified_random,2026,0.022031324214496797
zrc64_T6000_v105_s17_f0090,zrc64_T6000_v105_s17,64,6000,1.05,17,development,zrc64_v105_s17_heating,90,4500.0,9000,6111.672238782455,-8.147331237792969,30.367534755062255,12.789743423461914,1.8076281823762177,1.1949899152245305,2.0493494828200998,27111f34953e3e7ee02cc995513fe744b4a173913914d449a8d70323d0da393a,hpc/results/round1-8-64/production/zrc64_T6000_v105_s17/jobs/zrc64_T6000_v105_s17/production/attempt-01/sampling/frames.extxyz,ef738ec6f25e619a80c636ce84ec0302c99d26bcf9231bfb5a2f7e421275dfdc,,unassigned,58,stratified_random,2026,0.04157713104102609
zrc64_T5250_v095_s17_f0130,zrc64_T5250_v095_s17,64,5250,0.95,17,development,zrc64_v095_s17_heating,130,6500.0,13000,5505.853105230525,-8.096837997436523,43.71954202835305,9.94694995880127,1.7772229908492378,1.2783116859546075,2.363780532729245,fcd569706541d495617db330f05c5a66446aede84ad482129bec954927d637c0,hpc/results/round1-8-64/production/zrc64_T5250_v095_s17/jobs/zrc64_T5250_v095_s17/production/attempt-01/sampling/frames.extxyz,7fdbc9fc59e3288da3c2fc653d1ed8709f0feeca8bf1573cf734a243a8eea755,,unassigned,59,stratified_random,2026,0.04626675015570687
zrc64_T0300_v105_s17_f0060,zrc64_T0300_v105_s17,64,300,1.05,17,development,zrc64_v105_s17_heating,60,3000.0,6000,318.07916834954995,-9.653560638427734,-8.535157203674316,1.9465327262878418,2.189960303208099,3.1557458630170157,3.2500851258770207,875a27a58dfd461086c4cfa042b36a552f62ed7d7a52344e95a69931d23a14b0,experiments/zrc_mace_round1/jobs/zrc64_T0300_v105_s17/production/attempt-01/sampling/frames.extxyz,2e6224250d01b866f883442edea3e0ecd17b582eb99446eca08ba48b95249e08,,unassigned,60,stratified_random,2026,0.002447981658244512
zrc64_T4500_v100_s17_f0195,zrc64_T4500_v100_s17,64,4500,1.0,17,development,zrc64_v100_s17_heating,195,9750.0,19500,4264.798118378491,-8.905806541442871,25.782554729884918,8.899946212768555,1.8235537225022014,1.461856274529876,2.658226382441568,c81aecf6d20ee657474bbb4e87ccade0857c1b32b27756a10ac7a33b50068b9f,hpc/results/round1-8-64/production/zrc64_T4500_v100_s17/jobs/zrc64_T4500_v100_s17/production/attempt-01/sampling/frames.extxyz,b5f6ee0648c369753023d9323aabfe46cfd7612607cbea2ffbfb15a993519ff2,,unassigned,61,stratified_random,2026,0.025771403367002343
zrc64_T1500_v095_s17_f0045,zrc64_T1500_v095_s17,64,1500,0.95,17,development,zrc64_v095_s17_heating,45,2250.0,4500,1345.3405249003852,-9.480238914489746,20.80240866083433,5.354281902313232,1.9870785326359381,2.8610055696801227,3.0000939374150204,b3aba4f1628b629dcb68ed54dbc074289ab0bea28b66877ff79a580be841f96f,hpc/results/round1-8-64/production/zrc64_T1500_v095_s17/jobs/zrc64_T1500_v095_s17/production/attempt-01/sampling/frames.extxyz,5b28004032b343dfef216429d4e0761a24384595070cb03a21afa3c444c24067,,unassigned,62,stratified_random,2026,0.005091771513985327
zrc64_T6000_v100_s17_f0185,zrc64_T6000_v100_s17,64,6000,1.0,17,development,zrc64_v100_s17_heating,185,9250.0,18500,6707.260927399353,-7.983367919921875,38.859129938284795,10.133377075195312,1.7708306058293621,1.304819309117101,2.225867682373504,f82253ba7f38be9841daca84e13a48414e32109f0dd85cd69f1b67d5b26758b2,hpc/results/round1-8-64/production/zrc64_T6000_v100_s17/jobs/zrc64_T6000_v100_s17/production/attempt-01/sampling/frames.extxyz,41599cc730e48121c4bdac3bc09d76b684d95a277e129cddc8adb7f46e6d0946,,unassigned,63,stratified_random,2026,0.042335640757071025
zrc64_T5250_v100_s17_f0180,zrc64_T5250_v100_s17,64,5250,1.0,17,development,zrc64_v100_s17_heating,180,9000.0,18000,4875.478332620455,-8.260172843933105,31.092843383817552,9.905781745910645,1.791992589662568,1.2922250033536486,2.401142843073936,3df7f6c516e4c8f3857bf09a1b7a3e51d5539d7bbf155cfee93d2bf0b9ce0260,hpc/results/round1-8-64/production/zrc64_T5250_v100_s17/jobs/zrc64_T5250_v100_s17/production/attempt-01/sampling/frames.extxyz,c105336a4968370fe0edbeab8640489ed047806d76ff10421d0ca32fae09eea0,,unassigned,64,stratified_random,2026,0.03760515740174731
zrc64_T3000_v105_s17_f0195,zrc64_T3000_v105_s17,64,3000,1.05,17,development,zrc64_v105_s17_heating,195,9750.0,19500,2670.7398452787806,-9.330570220947266,4.232969750021475,9.138631820678711,1.8467855343146224,2.8830534272443575,2.9105985135507173,aa97d376b64af9bb86ea07c4c221bf22cf0b884b2fd56cc2f819e8d638e72643,hpc/results/round1-8-64/production/zrc64_T3000_v105_s17/jobs/zrc64_T3000_v105_s17/production/attempt-01/sampling/frames.extxyz,b4dccb6801af5c2276e8bda38746a4f6f66326b38d4a2344115b8b88f363d665,,unassigned,65,stratified_random,2026,0.009503286390422076
zrc64_T3000_v100_s17_f0160,zrc64_T3000_v100_s17,64,3000,1.0,17,development,zrc64_v100_s17_heating,160,8000.0,16000,3479.9193096998188,-9.310771942138672,16.181389977418043,9.623905181884766,1.929783760784152,2.7635441944880608,2.8367291323662096,c0fd7a179887090e1e90e6c2948be177bf46cffddd10ad55ca52cd0b324a91ee,hpc/results/round1-8-64/production/zrc64_T3000_v100_s17/jobs/zrc64_T3000_v100_s17/production/attempt-01/sampling/frames.extxyz,a4444c4024dfaef8af475d257202e4ec0c331a45e9426cd5c950944caa131eaa,,unassigned,66,stratified_random,2026,0.01188924378389795
zrc64_T1500_v105_s17_f0100,zrc64_T1500_v105_s17,64,1500,1.05,17,development,zrc64_v105_s17_heating,100,5000.0,10000,1446.6879281524086,-9.501729011535645,-2.8177860959575156,5.273107051849365,2.006537999664514,2.998909565786741,3.0533085813738183,c0e0b22964790f2aaca4dd60f8b4e2a09dc5c6f215acb2f128e9b9889ac2587d,hpc/results/round1-8-64/production/zrc64_T1500_v105_s17/jobs/zrc64_T1500_v105_s17/production/attempt-01/sampling/frames.extxyz,d28a4f0a705320a646044b919cebe9286d070451f48feede258cfdd61a8ba8f5,,unassigned,67,stratified_random,2026,0.007401998702379161
zrc64_T6000_v095_s17_f0125,zrc64_T6000_v095_s17,64,6000,0.95,17,development,zrc64_v095_s17_heating,125,6250.0,12500,5875.621961181929,-7.9407758712768555,48.849235826531384,11.750118255615234,1.8146866827154515,1.2538444189314766,2.2715446203153027,a30258d0c8e4c93996bc08917468175535c77acd7039312c409c40b56d6f73db,hpc/results/round1-8-64/production/zrc64_T6000_v095_s17/jobs/zrc64_T6000_v095_s17/production/attempt-01/sampling/frames.extxyz,ebfa194f0d83eb7ec3df31489d43cf1768b9a48d0c55db95d8af2f4e79e8302b,,unassigned,68,stratified_random,2026,0.0554990021941039
zrc64_T1500_v100_s17_f0045,zrc64_T1500_v100_s17,64,1500,1.0,17,development,zrc64_v100_s17_heating,45,2250.0,4500,1756.192628487256,-9.51367473602295,6.955503526269751,6.036559104919434,1.9659422799960984,2.9486343963752613,2.973176535343581,7c4b9cbafcfa5c358578ba0c8836a326f07fe38e0244179ef7a9648bdb76fb4c,hpc/results/round1-8-64/production/zrc64_T1500_v100_s17/jobs/zrc64_T1500_v100_s17/production/attempt-01/sampling/frames.extxyz,0b57a9d22d7e8c7db61735858cc30505ba173d07c1c4a6e396f17041a99b84e2,,unassigned,69,stratified_random,2026,0.007187420236491944
zrc64_T0300_v100_s17_f0070,zrc64_T0300_v100_s17,64,300,1.0,17,development,zrc64_v100_s17_heating,70,3500.0,7000,318.84754062622335,-9.672722816467285,1.6363332271575928,2.110194683074951,2.220404992760805,3.15106745911655,3.1616895552088393,d54eac34b0e1eeade389d8f86ffd07413df2e44a6b386e8a6226377fd0f4e1b4,experiments/zrc_mace_round1/jobs/zrc64_T0300_v100_s17/production/attempt-01/sampling/frames.extxyz,b0e19e781d665d4f92fb7606a1fa566d8357e4b8f1c5799a79f193aea3456c2f,,unassigned,70,stratified_random,2026,0.0024772964395882945
zrc64_T4500_v105_s17_f0105,zrc64_T4500_v105_s17,64,4500,1.05,17,development,zrc64_v105_s17_heating,105,5250.0,10500,4768.574889549363,-8.943824768066406,11.736482296092445,7.350062847137451,1.912291503378694,1.5594713199168622,2.7163839362738553,582a493411412c8ebe258a864a005a80674fe264b0b540dd0ae48f07c06f7efa,hpc/results/round1-8-64/production/zrc64_T4500_v105_s17/jobs/zrc64_T4500_v105_s17/production/attempt-01/sampling/frames.extxyz,05e37e3688bdce1195b166c3cdb4e0b2767bce96dc36f5029349686ffc9fba78,,unassigned,71,stratified_random,2026,0.028004463210406734
zrc64_T3000_v095_s17_f0195,zrc64_T3000_v095_s17,64,3000,0.95,17,development,zrc64_v095_s17_heating,195,9750.0,19500,3220.299837330961,-9.298617362976074,27.832416352468552,8.171728134155273,1.90727390127576,2.6914512983625527,2.7789767751306944,7a610ab34081e8ae786006ac22e729382e4b9842e73aa7677bf9fb1b115e18db,hpc/results/round1-8-64/production/zrc64_T3000_v095_s17/jobs/zrc64_T3000_v095_s17/production/attempt-01/sampling/frames.extxyz,38d42f886936a7c5334dbee7f9fc2d38457e89614c905ba8d473d57ee3aee2bb,,unassigned,72,stratified_random,2026,0.01099937555955983
zrc64_T0300_v100_s17_f0165,zrc64_T0300_v100_s17,64,300,1.0,17,development,zrc64_v100_s17_heating,165,8250.0,16500,300.08131804581745,-9.673095703125,1.6438251733779907,1.8121635913848877,2.198719839277912,3.1503273333295327,3.190619688081193,f925c8146145b468500fa714fa79f8f00822886d0faa3c5fdeb1ef351e4dda72,experiments/zrc_mace_round1/jobs/zrc64_T0300_v100_s17/production/attempt-01/sampling/frames.extxyz,b0e19e781d665d4f92fb7606a1fa566d8357e4b8f1c5799a79f193aea3456c2f,,unassigned,73,stratified_random,2026,0.0031490799570181374
zrc64_T3000_v095_s17_f0110,zrc64_T3000_v095_s17,64,3000,0.95,17,development,zrc64_v095_s17_heating,110,5500.0,11000,3136.9397376639336,-9.27061939239502,29.4725961165869,7.185584545135498,1.9167128915092548,2.84750027383898,2.785857268467128,2644d9f86f9bcafe5e1557a5cd1e63679b02e97dc19355373958c53fa689786a,hpc/results/round1-8-64/production/zrc64_T3000_v095_s17/jobs/zrc64_T3000_v095_s17/production/attempt-01/sampling/frames.extxyz,38d42f886936a7c5334dbee7f9fc2d38457e89614c905ba8d473d57ee3aee2bb,,unassigned,74,stratified_random,2026,0.009032051148141824
zrc64_T6000_v100_s17_f0120,zrc64_T6000_v100_s17,64,6000,1.0,17,development,zrc64_v100_s17_heating,120,6000.0,12000,6583.779135569942,-8.078822135925293,35.02958153487951,10.727859497070312,1.75066254231092,1.3141803992572452,2.20824768580454,7f2b80af7d624ea4c9b277628100e35fb32ffa5e27fb66745b65d72dbc065828,hpc/results/round1-8-64/production/zrc64_T6000_v100_s17/jobs/zrc64_T6000_v100_s17/production/attempt-01/sampling/frames.extxyz,41599cc730e48121c4bdac3bc09d76b684d95a277e129cddc8adb7f46e6d0946,,unassigned,75,stratified_random,2026,0.040503962645774404
zrc64_T6000_v095_s17_f0090,zrc64_T6000_v095_s17,64,6000,0.95,17,development,zrc64_v095_s17_heating,90,4500.0,9000,6989.280806688274,-8.10788631439209,47.15654907886913,11.614205360412598,1.7980509521443537,1.298743181023029,2.34672416434335,86104513513754ee0e92f019b305dcb4e5a9ae2f38d570d0f56b7444df0809bc,hpc/results/round1-8-64/production/zrc64_T6000_v095_s17/jobs/zrc64_T6000_v095_s17/production/attempt-01/sampling/frames.extxyz,ebfa194f0d83eb7ec3df31489d43cf1768b9a48d0c55db95d8af2f4e79e8302b,,unassigned,76,stratified_random,2026,0.042735851298276645
zrc64_T5250_v105_s17_f0090,zrc64_T5250_v105_s17,64,5250,1.05,17,development,zrc64_v105_s17_heating,90,4500.0,9000,5359.040917782394,-8.16111946105957,24.571227017089022,8.37385368347168,1.8041046505220986,1.2971111595427562,2.26523280820652,3f152fed5868db3becf822a0df0797d6c63fec88e1f6df3186c08126bd398614,hpc/results/round1-8-64/production/zrc64_T5250_v105_s17/jobs/zrc64_T5250_v105_s17/production/attempt-01/sampling/frames.extxyz,98513e4ef98528a1f91bcd1e3ab3c9da409ecdb19122d0f4eb5d882dd43afa8e,,unassigned,77,stratified_random,2026,0.039232769931712146
zrc64_T1500_v100_s17_f0185,zrc64_T1500_v100_s17,64,1500,1.0,17,development,zrc64_v100_s17_heating,185,9250.0,18500,1720.0246766490352,-9.511881828308105,8.493850275117467,4.46083402633667,2.0422509734289314,2.9027569882177082,3.0053568704102767,d591d99df0e1463a8d1225f7cb26321fd3a2891cbbd3aefbdd2ab916095f857f,hpc/results/round1-8-64/production/zrc64_T1500_v100_s17/jobs/zrc64_T1500_v100_s17/production/attempt-01/sampling/frames.extxyz,0b57a9d22d7e8c7db61735858cc30505ba173d07c1c4a6e396f17041a99b84e2,,unassigned,78,stratified_random,2026,0.006527060462034176
zrc64_T1500_v105_s17_f0005,zrc64_T1500_v105_s17,64,1500,1.05,17,development,zrc64_v105_s17_heating,5,250.0,500,1730.31066755249,-9.49457836151123,-2.700630283427086,5.658994197845459,2.003278596210491,2.967667953142273,3.0430061972954467,c1bb58787db5a896bd598a8490d916251db7b6bb44800655f88d9f0002f8edd8,hpc/results/round1-8-64/production/zrc64_T1500_v105_s17/jobs/zrc64_T1500_v105_s17/production/attempt-01/sampling/frames.extxyz,d28a4f0a705320a646044b919cebe9286d070451f48feede258cfdd61a8ba8f5,,unassigned,79,stratified_random,2026,0.00533675364897468
zrc64_T0300_v095_s17_f0060,zrc64_T0300_v095_s17,64,300,0.95,17,development,zrc64_v095_s17_heating,60,3000.0,6000,261.75448346004265,-9.650477409362793,14.97961139678955,1.9399874210357666,2.163149086737417,3.0707207714052402,3.1091197580584247,977b60856b179beb0cc3853bef60c548befd21033c75e12b82bd621cbf4cedbc,experiments/zrc_mace_round1/jobs/zrc64_T0300_v095_s17/production/attempt-01/sampling/frames.extxyz,29fc41d9fad7160ccd2375073663700da24320df162982d90ed67297d635bd7d,,unassigned,80,stratified_random,2026,0.0025072794577438114
zrc64_T6000_v105_s17_f0085,zrc64_T6000_v105_s17,64,6000,1.05,17,development,zrc64_v105_s17_heating,85,4250.0,8500,6223.479872329151,-8.04114055633545,27.599878526756253,13.934575080871582,1.716914629554002,1.2355256260033594,2.3267511337625493,56ac6158fa5898058516eba4b563eea685ef5fc2dc9f60f9201189d4a2c9a567,hpc/results/round1-8-64/production/zrc64_T6000_v105_s17/jobs/zrc64_T6000_v105_s17/production/attempt-01/sampling/frames.extxyz,ef738ec6f25e619a80c636ce84ec0302c99d26bcf9231bfb5a2f7e421275dfdc,,unassigned,81,stratified_random,2026,0.055371341099430066
zrc64_T5250_v100_s17_f0140,zrc64_T5250_v100_s17,64,5250,1.0,17,development,zrc64_v100_s17_heating,140,7000.0,14000,6009.110977123895,-8.163853645324707,34.64603806096682,7.805075168609619,1.7880310063712979,1.2742537949347705,2.176820638884028,15d597d2cefa7e070f0b1b0421c151dd218a4128f6d46f864c1e9c93da199012,hpc/results/round1-8-64/production/zrc64_T5250_v100_s17/jobs/zrc64_T5250_v100_s17/production/attempt-01/sampling/frames.extxyz,c105336a4968370fe0edbeab8640489ed047806d76ff10421d0ca32fae09eea0,,unassigned,82,stratified_random,2026,0.035713556593390636
zrc64_T3000_v105_s17_f0080,zrc64_T3000_v105_s17,64,3000,1.05,17,development,zrc64_v105_s17_heating,80,4000.0,8000,3137.2741071456717,-9.27196979522705,6.281232333498976,8.196182250976562,1.8895886923747924,2.825311874820367,2.7054925951475832,f4f5e3f3b1b5787df876a4bed06fbd4b28a4fdfae32e12d2fdea9c979b925327,hpc/results/round1-8-64/production/zrc64_T3000_v105_s17/jobs/zrc64_T3000_v105_s17/production/attempt-01/sampling/frames.extxyz,b4dccb6801af5c2276e8bda38746a4f6f66326b38d4a2344115b8b88f363d665,,unassigned,83,stratified_random,2026,0.014313226404419826
zrc64_T4500_v100_s17_f0070,zrc64_T4500_v100_s17,64,4500,1.0,17,development,zrc64_v100_s17_heating,70,3500.0,7000,4813.684210692699,-9.019351959228516,24.541854714384137,8.821576118469238,1.8360312481572534,1.235729030143459,2.531700325251999,72926b3d6f7707f3e43dcece77391e9c194580000b3eb0d18f134724abafd47d,hpc/results/round1-8-64/production/zrc64_T4500_v100_s17/jobs/zrc64_T4500_v100_s17/production/attempt-01/sampling/frames.extxyz,b5f6ee0648c369753023d9323aabfe46cfd7612607cbea2ffbfb15a993519ff2,,unassigned,84,stratified_random,2026,0.029573728023671513
zrc64_T4500_v095_s17_f0015,zrc64_T4500_v095_s17,64,4500,0.95,17,development,zrc64_v095_s17_heating,15,750.0,1500,5172.5468205059615,-9.05636215209961,35.652219524445,9.533365249633789,1.8730558493697618,1.5528387450647756,2.752636268026226,f04626049dc41ffe21df3f8352261f4bee3ea7170f46f6c895a37b442b3aaa97,hpc/results/round1-8-64/production/zrc64_T4500_v095_s17/jobs/zrc64_T4500_v095_s17/production/attempt-01/sampling/frames.extxyz,65116dd3c23f7ea4f37d5e963453d34409098eb6bae1ff570fe77bb92b99e81a,,unassigned,85,stratified_random,2026,0.019624900278161692
zrc64_T0300_v105_s17_f0055,zrc64_T0300_v105_s17,64,300,1.05,17,development,zrc64_v105_s17_heating,55,2750.0,5500,333.0929949428454,-9.644838333129883,-8.592144012451172,2.153319835662842,2.245476267590232,3.1517156870879437,3.2050070055922353,342ff407f2bb1f715399f2c449c136c8f2f1e85faecf541c610860040e946942,experiments/zrc_mace_round1/jobs/zrc64_T0300_v105_s17/production/attempt-01/sampling/frames.extxyz,2e6224250d01b866f883442edea3e0ecd17b582eb99446eca08ba48b95249e08,,unassigned,86,stratified_random,2026,0.0025211816889616984
zrc64_T5250_v095_s17_f0020,zrc64_T5250_v095_s17,64,5250,0.95,17,development,zrc64_v095_s17_heating,20,1000.0,2000,5117.827946853632,-8.984312057495117,36.283627962013846,9.692322731018066,1.8299272948689862,2.3220374740671352,2.749911665784185,4283026e4b326af30e6d6ac0176d03920e854658636e3683306f441609c35513,hpc/results/round1-8-64/production/zrc64_T5250_v095_s17/jobs/zrc64_T5250_v095_s17/production/attempt-01/sampling/frames.extxyz,7fdbc9fc59e3288da3c2fc653d1ed8709f0feeca8bf1573cf734a243a8eea755,,unassigned,87,stratified_random,2026,0.01476522257896134
zrc64_T1500_v095_s17_f0140,zrc64_T1500_v095_s17,64,1500,0.95,17,development,zrc64_v095_s17_heating,140,7000.0,14000,1553.9367691607983,-9.492937088012695,21.71237773924389,4.324563503265381,2.068206229821005,2.9783534050544813,2.9528923780307372,bb58695574c3b3b288ff87f367804a8189f1611b0bca1c4a79d928312bb766ee,hpc/results/round1-8-64/production/zrc64_T1500_v095_s17/jobs/zrc64_T1500_v095_s17/production/attempt-01/sampling/frames.extxyz,5b28004032b343dfef216429d4e0761a24384595070cb03a21afa3c444c24067,,unassigned,88,stratified_random,2026,0.00817201446933328
zrc64_T4500_v105_s17_f0090,zrc64_T4500_v105_s17,64,4500,1.05,17,development,zrc64_v105_s17_heating,90,4500.0,9000,4273.741219690084,-8.901296615600586,16.135131760892943,10.277334213256836,1.784516396153819,1.4143044412771515,2.7818127761204865,9f0e5f796ae3ea299cb28e1764031f0104633ed279bb610d4a7b2bbec82687e7,hpc/results/round1-8-64/production/zrc64_T4500_v105_s17/jobs/zrc64_T4500_v105_s17/production/attempt-01/sampling/frames.extxyz,05e37e3688bdce1195b166c3cdb4e0b2767bce96dc36f5029349686ffc9fba78,,unassigned,89,stratified_random,2026,0.027874468791489512
zrc64_T3000_v100_s17_f0050,zrc64_T3000_v100_s17,64,3000,1.0,17,development,zrc64_v100_s17_heating,50,2500.0,5000,2863.87762640088,-9.373372077941895,13.597562958369283,7.272133827209473,1.954130962914879,2.8205388326000804,2.9177049337697976,96c9b0eb7fd881bda19666c0c0bfe40ca9b3df646aa7f0f9595b1c135b5a8954,hpc/results/round1-8-64/production/zrc64_T3000_v100_s17/jobs/zrc64_T3000_v100_s17/production/attempt-01/sampling/frames.extxyz,a4444c4024dfaef8af475d257202e4ec0c331a45e9426cd5c950944caa131eaa,,unassigned,90,stratified_random,2026,0.010308101852047433
zrc64_T4500_v095_s17_f0120,zrc64_T4500_v095_s17,64,4500,0.95,17,development,zrc64_v095_s17_heating,120,6000.0,12000,5059.085539749885,-9.080459594726562,34.9954125390566,12.627500534057617,1.7799061418249975,2.5790178257534704,2.7559042939436136,48ba6a7ba4345efbdaeb03ae7120f2b5f55cb31c6955e4c877df8bd1e6754de2,hpc/results/round1-8-64/production/zrc64_T4500_v095_s17/jobs/zrc64_T4500_v095_s17/production/attempt-01/sampling/frames.extxyz,65116dd3c23f7ea4f37d5e963453d34409098eb6bae1ff570fe77bb92b99e81a,,unassigned,91,stratified_random,2026,0.018207792678317625
zrc64_T3000_v095_s17_f0095,zrc64_T3000_v095_s17,64,3000,0.95,17,development,zrc64_v095_s17_heating,95,4750.0,9500,2968.0352458072807,-9.356588363647461,26.186911635519117,8.056807518005371,1.905527799546998,2.8041309276211424,2.8655265579103664,e4bfa68cfb5fa60d4d498e6519533544460dab6f249278b74ebf57727bdee2b2,hpc/results/round1-8-64/production/zrc64_T3000_v095_s17/jobs/zrc64_T3000_v095_s17/production/attempt-01/sampling/frames.extxyz,38d42f886936a7c5334dbee7f9fc2d38457e89614c905ba8d473d57ee3aee2bb,,unassigned,92,stratified_random,2026,0.009658141359016534
zrc64_T0300_v095_s17_f0100,zrc64_T0300_v095_s17,64,300,0.95,17,development,zrc64_v095_s17_heating,100,5000.0,10000,241.09752881555568,-9.641310691833496,15.377626419067383,2.7559592723846436,2.1399918940416645,3.094105567936065,3.1111278731094583,b7ed8eaa324bd7aeb7a8d229863df8cbff58e4abf485a25a143d549102e1668c,experiments/zrc_mace_round1/jobs/zrc64_T0300_v095_s17/production/attempt-01/sampling/frames.extxyz,29fc41d9fad7160ccd2375073663700da24320df162982d90ed67297d635bd7d,,unassigned,93,stratified_random,2026,0.0026700611582143015
zrc64_T5250_v100_s17_f0110,zrc64_T5250_v100_s17,64,5250,1.0,17,development,zrc64_v100_s17_heating,110,5500.0,11000,5150.786599811058,-8.089585304260254,33.50165823638063,11.511381149291992,1.8079796587134325,1.401077950641218,2.275955568873369,3f1dc2e517ab4bc5fd53ba5bc007b1aba977158d2ba01c30d864bb1facafefea,hpc/results/round1-8-64/production/zrc64_T5250_v100_s17/jobs/zrc64_T5250_v100_s17/production/attempt-01/sampling/frames.extxyz,c105336a4968370fe0edbeab8640489ed047806d76ff10421d0ca32fae09eea0,,unassigned,94,stratified_random,2026,0.032191496883789666
zrc64_T1500_v105_s17_f0120,zrc64_T1500_v105_s17,64,1500,1.05,17,development,zrc64_v105_s17_heating,120,6000.0,12000,1339.191602844279,-9.532276153564453,-3.11886287718536,3.889889717102051,2.062265543279595,3.004852673005807,3.054861200626542,17b0734ee1ae4c4125bda26b5db07d050684619d655139784a29d6b1a26982b9,hpc/results/round1-8-64/production/zrc64_T1500_v105_s17/jobs/zrc64_T1500_v105_s17/production/attempt-01/sampling/frames.extxyz,d28a4f0a705320a646044b919cebe9286d070451f48feede258cfdd61a8ba8f5,,unassigned,95,stratified_random,2026,0.008914853414850456
zrc64_T5250_v105_s17_f0040,zrc64_T5250_v105_s17,64,5250,1.05,17,development,zrc64_v105_s17_heating,40,2000.0,4000,4081.1838645395555,-8.36227035522461,20.45589505485953,7.361691951751709,1.9081763240046703,1.3078071237492177,2.477387555107665,ac71e945326a96739f7cd92db27a37b7f34bbcc95dd8f7bd1656bfd847d9c55d,hpc/results/round1-8-64/production/zrc64_T5250_v105_s17/jobs/zrc64_T5250_v105_s17/production/attempt-01/sampling/frames.extxyz,98513e4ef98528a1f91bcd1e3ab3c9da409ecdb19122d0f4eb5d882dd43afa8e,,unassigned,96,stratified_random,2026,0.043719146497123766
zrc64_T0300_v105_s17_f0035,zrc64_T0300_v105_s17,64,300,1.05,17,development,zrc64_v105_s17_heating,35,1750.0,3500,310.9935030550337,-9.658937454223633,-8.819758415222168,1.7794971466064453,2.248525059365462,3.213097293583193,3.2378612063478163,66a1de4f0c84f3afbbd2b2ffc3d3abe36a42127c1da4cd3c218048a8a3188201,experiments/zrc_mace_round1/jobs/zrc64_T0300_v105_s17/production/attempt-01/sampling/frames.extxyz,2e6224250d01b866f883442edea3e0ecd17b582eb99446eca08ba48b95249e08,,unassigned,97,stratified_random,2026,0.0038054012230987685
zrc64_T3000_v100_s17_f0145,zrc64_T3000_v100_s17,64,3000,1.0,17,development,zrc64_v100_s17_heating,145,7250.0,14500,3590.0907024911053,-9.373064994812012,14.654409117305734,6.599186897277832,1.9833654188325478,2.7940640501073712,2.966365409697474,a44e2aa5a5e462220042593d1553f822972190da4b5696774ea07e8265055fee,hpc/results/round1-8-64/production/zrc64_T3000_v100_s17/jobs/zrc64_T3000_v100_s17/production/attempt-01/sampling/frames.extxyz,a4444c4024dfaef8af475d257202e4ec0c331a45e9426cd5c950944caa131eaa,,unassigned,98,stratified_random,2026,0.009289197399313737
zrc64_T1500_v095_s17_f0200,zrc64_T1500_v095_s17,64,1500,0.95,17,development,zrc64_v095_s17_heating,200,10000.0,20000,1528.5430409260205,-9.50227165222168,20.709454166142958,5.374517917633057,2.078339988371533,2.9631182007173624,2.974822479857267,b208488e828cc289a2a9d8818402d3cc2f491acd35f6ddd0a80ad9b0ace733f5,hpc/results/round1-8-64/production/zrc64_T1500_v095_s17/jobs/zrc64_T1500_v095_s17/production/attempt-01/sampling/frames.extxyz,5b28004032b343dfef216429d4e0761a24384595070cb03a21afa3c444c24067,,unassigned,99,stratified_random,2026,0.006734301150594871
zrc64_T3000_v105_s17_f0110,zrc64_T3000_v105_s17,64,3000,1.05,17,development,zrc64_v105_s17_heating,110,5500.0,11000,3237.7816089391226,-9.238510131835938,6.455029223057892,7.005737781524658,1.963063949589573,2.807159814430005,2.848769835277175,9e0bf7e1fe8abd33e8f6f65da3b2fb4b2e38bba7cf88c8141fcc286bfccc998d,hpc/results/round1-8-64/production/zrc64_T3000_v105_s17/jobs/zrc64_T3000_v105_s17/production/attempt-01/sampling/frames.extxyz,b4dccb6801af5c2276e8bda38746a4f6f66326b38d4a2344115b8b88f363d665,,unassigned,100,stratified_random,2026,0.013166722671503798
zrc64_T6000_v095_s17_f0100,zrc64_T6000_v095_s17,64,6000,0.95,17,development,zrc64_v095_s17_heating,100,5000.0,10000,5303.747017433234,-8.033287048339844,43.5729713903315,9.749211311340332,1.8160891460543034,1.2538538879304983,2.331861425310152,887236e770a5d8640ab98dab8954ccd6f6abae931fb158fe638e196d321ec921,hpc/results/round1-8-64/production/zrc64_T6000_v095_s17/jobs/zrc64_T6000_v095_s17/production/attempt-01/sampling/frames.extxyz,ebfa194f0d83eb7ec3df31489d43cf1768b9a48d0c55db95d8af2f4e79e8302b,,unassigned,101,stratified_random,2026,0.048445827383814664
zrc64_T6000_v100_s17_f0130,zrc64_T6000_v100_s17,64,6000,1.0,17,development,zrc64_v100_s17_heating,130,6500.0,13000,6891.856134211406,-8.158262252807617,37.8173117761964,10.133973121643066,1.877225210827402,1.304076417575339,2.3696331394403316,6955e321c6be5681c9b052d0bb6405fe9c7099741e0f0b1b4ab5905e41c58b41,hpc/results/round1-8-64/production/zrc64_T6000_v100_s17/jobs/zrc64_T6000_v100_s17/production/attempt-01/sampling/frames.extxyz,41599cc730e48121c4bdac3bc09d76b684d95a277e129cddc8adb7f46e6d0946,,unassigned,102,stratified_random,2026,0.035949549733526626
zrc64_T0300_v100_s17_f0010,zrc64_T0300_v100_s17,64,300,1.0,17,development,zrc64_v100_s17_heating,10,500.0,1000,293.2828551690849,-9.67462158203125,1.5593949556350708,1.8714463710784912,2.1960055617938528,3.1408885816065175,3.1700816149600177,3625274edb32d650d38e931d695d7a57e2bdda1e28e172741615465a1da9d461,experiments/zrc_mace_round1/jobs/zrc64_T0300_v100_s17/production/attempt-01/sampling/frames.extxyz,b0e19e781d665d4f92fb7606a1fa566d8357e4b8f1c5799a79f193aea3456c2f,,unassigned,103,stratified_random,2026,0.003004377080048033
zrc64_T6000_v105_s17_f0075,zrc64_T6000_v105_s17,64,6000,1.05,17,development,zrc64_v105_s17_heating,75,3750.0,7500,5180.76233570019,-7.958351135253906,31.485974349265135,13.407532691955566,1.7774287494420535,1.1597866320159056,2.3573104987190963,5ca9ce02c83d8952e30ae475af9d187123ac5924360a5b6310ca161fbd3b5c46,hpc/results/round1-8-64/production/zrc64_T6000_v105_s17/jobs/zrc64_T6000_v105_s17/production/attempt-01/sampling/frames.extxyz,ef738ec6f25e619a80c636ce84ec0302c99d26bcf9231bfb5a2f7e421275dfdc,,unassigned,104,stratified_random,2026,0.0437811263599649
zrc64_T4500_v105_s17_f0080,zrc64_T4500_v105_s17,64,4500,1.05,17,development,zrc64_v105_s17_heating,80,4000.0,8000,4784.294053268661,-8.83359432220459,18.99860363066637,10.93850326538086,1.786536155607166,1.3017224839606376,2.721793198803996,4ebacae59082069ebdf3b8b3e74548a4420fc3b5920e6fac962c49d0eebf423d,hpc/results/round1-8-64/production/zrc64_T4500_v105_s17/jobs/zrc64_T4500_v105_s17/production/attempt-01/sampling/frames.extxyz,05e37e3688bdce1195b166c3cdb4e0b2767bce96dc36f5029349686ffc9fba78,,unassigned,105,stratified_random,2026,0.02730379045308558
zrc64_T5250_v095_s17_f0085,zrc64_T5250_v095_s17,64,5250,0.95,17,development,zrc64_v095_s17_heating,85,4250.0,8500,5262.7030190685755,-8.496770858764648,42.85181142155808,12.178799629211426,1.7632431250538783,1.409441283812994,2.473058631216398,a5a1e667796f17795821b89a1483fed79723194a5ab1b4e6bec8afd16115a7d5,hpc/results/round1-8-64/production/zrc64_T5250_v095_s17/jobs/zrc64_T5250_v095_s17/production/attempt-01/sampling/frames.extxyz,7fdbc9fc59e3288da3c2fc653d1ed8709f0feeca8bf1573cf734a243a8eea755,,unassigned,106,stratified_random,2026,0.07386497435349562
zrc64_T1500_v100_s17_f0145,zrc64_T1500_v100_s17,64,1500,1.0,17,development,zrc64_v100_s17_heating,145,7250.0,14500,1351.3088400344373,-9.534361839294434,6.85690837127963,5.143222808837891,2.0008611761039505,2.9857374213327224,3.0185259497895416,d3f2d6af9f7894b9b82a3849e56f6da3cf8af4b43b7270dcda1ff5094bec502a,hpc/results/round1-8-64/production/zrc64_T1500_v100_s17/jobs/zrc64_T1500_v100_s17/production/attempt-01/sampling/frames.extxyz,0b57a9d22d7e8c7db61735858cc30505ba173d07c1c4a6e396f17041a99b84e2,,unassigned,107,stratified_random,2026,0.00613462428603446
zrc64_T4500_v100_s17_f0105,zrc64_T4500_v100_s17,64,4500,1.0,17,development,zrc64_v100_s17_heating,105,5250.0,10500,4072.509668006626,-9.023151397705078,22.77627241638103,9.998908042907715,1.8568687194879177,1.695445595546722,2.760121815489876,7919393ef76089436b2d9e72aa20e6e3ea3b67cc0209ad2fc6f6349f2ee70cfa,hpc/results/round1-8-64/production/zrc64_T4500_v100_s17/jobs/zrc64_T4500_v100_s17/production/attempt-01/sampling/frames.extxyz,b5f6ee0648c369753023d9323aabfe46cfd7612607cbea2ffbfb15a993519ff2,,unassigned,108,stratified_random,2026,0.02319994938861545
zrc64_T4500_v100_s17_f0175,zrc64_T4500_v100_s17,64,4500,1.0,17,development,zrc64_v100_s17_heating,175,8750.0,17500,4758.223604730789,-9.068622589111328,23.132100882283705,7.632620811462402,1.8805253776800062,1.418453219611561,2.8159884326507663,c7aeb546b203e9c56375b35350bd815292a1d76511066f11eb040b24f1278015,hpc/results/round1-8-64/production/zrc64_T4500_v100_s17/jobs/zrc64_T4500_v100_s17/production/attempt-01/sampling/frames.extxyz,b5f6ee0648c369753023d9323aabfe46cfd7612607cbea2ffbfb15a993519ff2,,unassigned,109,stratified_random,2026,0.021434305393312553
zrc64_T5250_v100_s17_f0090,zrc64_T5250_v100_s17,64,5250,1.0,17,development,zrc64_v100_s17_heating,90,4500.0,9000,4859.508421878003,-8.079630851745605,34.4179026333627,9.930135726928711,1.8041759170981777,1.2994043701750655,2.1401969229215267,473fb41b96e8d55654bde6d15cf4567b9d92a4299bd277a2d7683ab326774a3c,hpc/results/round1-8-64/production/zrc64_T5250_v100_s17/jobs/zrc64_T5250_v100_s17/production/attempt-01/sampling/frames.extxyz,c105336a4968370fe0edbeab8640489ed047806d76ff10421d0ca32fae09eea0,,unassigned,110,stratified_random,2026,0.036526631876346305
zrc64_T1500_v105_s17_f0015,zrc64_T1500_v105_s17,64,1500,1.05,17,development,zrc64_v105_s17_heating,15,750.0,1500,1551.124014251077,-9.49355697631836,-1.8653368801100636,4.410140037536621,2.05662214096504,3.0189745709908644,3.043327674541714,e3e4f9cf55e98451d6f6751a57e5ebe1fd5d2e5ffc25749702bf8e0a6cf8077f,hpc/results/round1-8-64/production/zrc64_T1500_v105_s17/jobs/zrc64_T1500_v105_s17/production/attempt-01/sampling/frames.extxyz,d28a4f0a705320a646044b919cebe9286d070451f48feede258cfdd61a8ba8f5,,unassigned,111,stratified_random,2026,0.007758558411102425
zrc64_T1500_v095_s17_f0130,zrc64_T1500_v095_s17,64,1500,0.95,17,development,zrc64_v095_s17_heating,130,6500.0,13000,1395.8587883255896,-9.522225379943848,19.729127969087404,4.242304801940918,2.039748225004366,2.9177599232968867,3.0439814575795103,3d1f436e048bd2a4c2be9365e0572ae0067d8956eacadcc1f8df2e98ae123000,hpc/results/round1-8-64/production/zrc64_T1500_v095_s17/jobs/zrc64_T1500_v095_s17/production/attempt-01/sampling/frames.extxyz,5b28004032b343dfef216429d4e0761a24384595070cb03a21afa3c444c24067,,unassigned,112,stratified_random,2026,0.004920662968306607
zrc64_T6000_v105_s17_f0165,zrc64_T6000_v105_s17,64,6000,1.05,17,development,zrc64_v105_s17_heating,165,8250.0,16500,6928.263971100636,-8.038975715637207,26.33471494800063,11.649574279785156,1.787289760251692,1.2125721318841698,2.3226477323414434,60670dfa64a3916a4c4a4cd5e61797b162545bfd8f2d95d45e56f75d0b8466c5,hpc/results/round1-8-64/production/zrc64_T6000_v105_s17/jobs/zrc64_T6000_v105_s17/production/attempt-01/sampling/frames.extxyz,ef738ec6f25e619a80c636ce84ec0302c99d26bcf9231bfb5a2f7e421275dfdc,,unassigned,113,stratified_random,2026,0.04734277866582451
zrc64_T3000_v100_s17_f0120,zrc64_T3000_v100_s17,64,3000,1.0,17,development,zrc64_v100_s17_heating,120,6000.0,12000,2921.138340761629,-9.263582229614258,15.78421872896698,8.606374740600586,1.848677489034674,2.8574481105940146,2.811220640736785,41b446322579e76c243a3d7925abaae6ebd136d6c03d4fc6166631532c411bc4,hpc/results/round1-8-64/production/zrc64_T3000_v100_s17/jobs/zrc64_T3000_v100_s17/production/attempt-01/sampling/frames.extxyz,a4444c4024dfaef8af475d257202e4ec0c331a45e9426cd5c950944caa131eaa,,unassigned,114,stratified_random,2026,0.01372495280333731
zrc64_T4500_v095_s17_f0190,zrc64_T4500_v095_s17,64,4500,0.95,17,development,zrc64_v095_s17_heating,190,9500.0,19000,4643.020606658285,-9.147390365600586,32.39069764952707,8.195199012756348,1.9770480565183672,2.646209939588051,2.719173623931036,858f8dd48f0ffe3cd7cbfaf110b6d1291e2882d760ded70af4efcff903a87693,hpc/results/round1-8-64/production/zrc64_T4500_v095_s17/jobs/zrc64_T4500_v095_s17/production/attempt-01/sampling/frames.extxyz,65116dd3c23f7ea4f37d5e963453d34409098eb6bae1ff570fe77bb92b99e81a,,unassigned,115,stratified_random,2026,0.016902919248292687
zrc64_T5250_v095_s17_f0080,zrc64_T5250_v095_s17,64,5250,0.95,17,development,zrc64_v095_s17_heating,80,4000.0,8000,5343.899130668486,-8.624617576599121,38.313154508890804,12.324469566345215,1.7637689399805172,1.438334847628557,2.7297005991117325,1539566aed37e2e91caa7aec580b547d8d31a9aefc0e1d1c2c60139293409539,hpc/results/round1-8-64/production/zrc64_T5250_v095_s17/jobs/zrc64_T5250_v095_s17/production/attempt-01/sampling/frames.extxyz,7fdbc9fc59e3288da3c2fc653d1ed8709f0feeca8bf1573cf734a243a8eea755,,unassigned,116,stratified_random,2026,0.03003243173279112
zrc64_T6000_v100_s17_f0160,zrc64_T6000_v100_s17,64,6000,1.0,17,development,zrc64_v100_s17_heating,160,8000.0,16000,6184.586164996005,-8.14731502532959,34.5505464994106,10.562610626220703,1.777303296830909,1.2325959345241837,2.147553983958306,b3c5a2a149b72bd72373f71303b1b2733920812ecf33420b37b3e179b8c515a7,hpc/results/round1-8-64/production/zrc64_T6000_v100_s17/jobs/zrc64_T6000_v100_s17/production/attempt-01/sampling/frames.extxyz,41599cc730e48121c4bdac3bc09d76b684d95a277e129cddc8adb7f46e6d0946,,unassigned,117,stratified_random,2026,0.043042640663210306
zrc64_T3000_v095_s17_f0005,zrc64_T3000_v095_s17,64,3000,0.95,17,development,zrc64_v095_s17_heating,5,250.0,500,2906.166797547461,-9.37210750579834,25.863188454268872,5.427310943603516,1.983026361162348,2.80166398269328,2.8813243909078183,21e656a054c64da7fcd634f702ce3fd6c5d7b0b1f1ba4dd70ffde18c9c6c8f97,hpc/results/round1-8-64/production/zrc64_T3000_v095_s17/jobs/zrc64_T3000_v095_s17/production/attempt-01/sampling/frames.extxyz,38d42f886936a7c5334dbee7f9fc2d38457e89614c905ba8d473d57ee3aee2bb,,unassigned,118,stratified_random,2026,0.008360783837954511
zrc64_T0300_v095_s17_f0010,zrc64_T0300_v095_s17,64,300,0.95,17,development,zrc64_v095_s17_heating,10,500.0,1000,255.45964001525454,-9.645986557006836,15.183418273925781,2.3526477813720703,2.1620616875439174,3.108418953852279,3.1195991467418316,33ceb7331aecbff78680f27b996711496b1ff19a6f5341b9696f30203732b920,experiments/zrc_mace_round1/jobs/zrc64_T0300_v095_s17/production/attempt-01/sampling/frames.extxyz,29fc41d9fad7160ccd2375073663700da24320df162982d90ed67297d635bd7d,,unassigned,119,stratified_random,2026,0.002040467103255
zrc64_T0300_v100_s17_f0170,zrc64_T0300_v100_s17,64,300,1.0,17,development,zrc64_v100_s17_heating,170,8500.0,17000,258.1294854186264,-9.67501163482666,1.5433415174484253,2.289494276046753,2.2027799775857533,3.2006226165161813,3.1560589033096575,13cfca7bb30faceb54280f866794e19d42f6684afbe2f0f1a249ace36b571586,experiments/zrc_mace_round1/jobs/zrc64_T0300_v100_s17/production/attempt-01/sampling/frames.extxyz,b0e19e781d665d4f92fb7606a1fa566d8357e4b8f1c5799a79f193aea3456c2f,,unassigned,120,stratified_random,2026,0.0022687145445762142
zrc64_T0300_v105_s17_f0180,zrc64_T0300_v105_s17,64,300,1.05,17,development,zrc64_v105_s17_heating,180,9000.0,18000,301.11604835084813,-9.652087211608887,-8.600895881652832,2.0598933696746826,2.164680221698407,3.200779162022725,3.2280817292639172,3c9e04e69b31d3a8df24acd4135f67041f49dc621a31742204a1f613bf806426,experiments/zrc_mace_round1/jobs/zrc64_T0300_v105_s17/production/attempt-01/sampling/frames.extxyz,2e6224250d01b866f883442edea3e0ecd17b582eb99446eca08ba48b95249e08,,unassigned,121,stratified_random,2026,0.0027438535007183467
zrc64_T6000_v095_s17_f0115,zrc64_T6000_v095_s17,64,6000,0.95,17,development,zrc64_v095_s17_heating,115,5750.0,11500,5399.018653066245,-8.056073188781738,45.24440953264425,10.555302619934082,1.7763611838957363,1.2607524408392765,2.1568823153142835,399f91b26899b290f6a167e5ae684e0c6564ce0f44b2eb2e756e4b213279d033,hpc/results/round1-8-64/production/zrc64_T6000_v095_s17/jobs/zrc64_T6000_v095_s17/production/attempt-01/sampling/frames.extxyz,ebfa194f0d83eb7ec3df31489d43cf1768b9a48d0c55db95d8af2f4e79e8302b,,unassigned,122,stratified_random,2026,0.038153340791234364
zrc64_T3000_v105_s17_f0155,zrc64_T3000_v105_s17,64,3000,1.05,17,development,zrc64_v105_s17_heating,155,7750.0,15500,3026.7089294454104,-9.34029769897461,4.074144617523558,6.81806755065918,1.960063264578049,2.7832829286612206,2.829252080328645,7bb471e4e9cc467090bdb30d53b46b22b4aeb48406e945b96db91cbff70cac9a,hpc/results/round1-8-64/production/zrc64_T3000_v105_s17/jobs/zrc64_T3000_v105_s17/production/attempt-01/sampling/frames.extxyz,b4dccb6801af5c2276e8bda38746a4f6f66326b38d4a2344115b8b88f363d665,,unassigned,123,stratified_random,2026,0.012715182669866104
zrc64_T1500_v100_s17_f0065,zrc64_T1500_v100_s17,64,1500,1.0,17,development,zrc64_v100_s17_heating,65,3250.0,6500,1847.7266292181412,-9.531820297241211,7.056634475462846,4.773317813873291,2.1102631766561557,2.928785312548434,2.9552072098403452,63378af2fd70bea72d206ff48954a593d0f0433bd56846268f920cda26c5f6ec,hpc/results/round1-8-64/production/zrc64_T1500_v100_s17/jobs/zrc64_T1500_v100_s17/production/attempt-01/sampling/frames.extxyz,0b57a9d22d7e8c7db61735858cc30505ba173d07c1c4a6e396f17041a99b84e2,,unassigned,124,stratified_random,2026,0.006247388921418897
zrc64_T5250_v105_s17_f0150,zrc64_T5250_v105_s17,64,5250,1.05,17,development,zrc64_v105_s17_heating,150,7500.0,15000,5766.787321133504,-8.264877319335938,22.430896112007783,13.564929008483887,1.803262989299863,1.1691139834144744,2.372950645432047,6fbef3b84e3b1b7fcee1c9a2fcec777412d24ac95ed4f820e52a51db177dfd39,hpc/results/round1-8-64/production/zrc64_T5250_v105_s17/jobs/zrc64_T5250_v105_s17/production/attempt-01/sampling/frames.extxyz,98513e4ef98528a1f91bcd1e3ab3c9da409ecdb19122d0f4eb5d882dd43afa8e,,unassigned,125,stratified_random,2026,0.04644980661784945
zrc64_T4500_v105_s17_f0120,zrc64_T4500_v105_s17,64,4500,1.05,17,development,zrc64_v105_s17_heating,120,6000.0,12000,6551.286395241184,-8.927454948425293,16.363757838619257,6.0047736167907715,1.9011645674095559,1.3131405727383392,2.6158067807989185,297dc245a0ca0d1dc79f88eaf050748282008beebad30e091403dcb2118310f0,hpc/results/round1-8-64/production/zrc64_T4500_v105_s17/jobs/zrc64_T4500_v105_s17/production/attempt-01/sampling/frames.extxyz,05e37e3688bdce1195b166c3cdb4e0b2767bce96dc36f5029349686ffc9fba78,,unassigned,126,stratified_random,2026,0.030557006856957294
zrc64_T0300_v105_s17_f0070,zrc64_T0300_v105_s17,64,300,1.05,17,development,zrc64_v105_s17_heating,70,3500.0,7000,258.33867699407296,-9.650655746459961,-8.565389633178711,2.090580463409424,2.211249865775219,3.2105418729506474,3.2434426843467805,bcab1e15c56f26bede26251abaa81e4361176373fe0d919473eedae998954f49,experiments/zrc_mace_round1/jobs/zrc64_T0300_v105_s17/production/attempt-01/sampling/frames.extxyz,2e6224250d01b866f883442edea3e0ecd17b582eb99446eca08ba48b95249e08,,unassigned,127,stratified_random,2026,0.0022220664013032692
zrc64_T5250_v105_s17_f0015,zrc64_T5250_v105_s17,64,5250,1.05,17,development,zrc64_v105_s17_heating,15,750.0,1500,4903.630394294471,-8.256073951721191,21.53048511797722,10.219534873962402,1.7375242891512943,1.3458296001017147,2.312878488493981,e6216eac592e0235c6fa21f2dce6a562e47b4d829419c8f57cc7fe86c56d638a,hpc/results/round1-8-64/production/zrc64_T5250_v105_s17/jobs/zrc64_T5250_v105_s17/production/attempt-01/sampling/frames.extxyz,98513e4ef98528a1f91bcd1e3ab3c9da409ecdb19122d0f4eb5d882dd43afa8e,,unassigned,128,stratified_random,2026,0.05128241944605834
zrc64_T0300_v095_s17_f0035,zrc64_T0300_v095_s17,64,300,0.95,17,development,zrc64_v095_s17_heating,35,1750.0,3500,216.24764451650938,-9.643415451049805,15.3589448928833,2.5288820266723633,2.1941021442974256,3.12549640039978,3.129289580411569,d2a7eebaed80b632547eca597e429bcefff60072478d2a499b933e0befffc79a,experiments/zrc_mace_round1/jobs/zrc64_T0300_v095_s17/production/attempt-01/sampling/frames.extxyz,29fc41d9fad7160ccd2375073663700da24320df162982d90ed67297d635bd7d,,unassigned,129,stratified_random,2026,0.0023822704403752373
zrc64_T3000_v105_s17_f0180,zrc64_T3000_v105_s17,64,3000,1.05,17,development,zrc64_v105_s17_heating,180,9000.0,18000,2854.1436013727625,-9.307456016540527,3.689661778819274,5.676684856414795,1.9979331534474147,2.6087511088438218,2.8859025472287496,0ff97b9ab0c06aff3fc324653397e77e8d0a92e01af4db2399e8b05b84b9eab7,hpc/results/round1-8-64/production/zrc64_T3000_v105_s17/jobs/zrc64_T3000_v105_s17/production/attempt-01/sampling/frames.extxyz,b4dccb6801af5c2276e8bda38746a4f6f66326b38d4a2344115b8b88f363d665,,unassigned,130,stratified_random,2026,0.012368299819029198
zrc64_T5250_v095_s17_f0095,zrc64_T5250_v095_s17,64,5250,0.95,17,development,zrc64_v095_s17_heating,95,4750.0,9500,4992.58772121069,-8.355366706848145,42.26002405065823,7.489541530609131,1.8152238588460448,1.297855401351728,2.416678797342985,fb8b975dd9b9e1af945f7aeb40821d0a488b4fb68c3186393f2d8b56cea5430a,hpc/results/round1-8-64/production/zrc64_T5250_v095_s17/jobs/zrc64_T5250_v095_s17/production/attempt-01/sampling/frames.extxyz,7fdbc9fc59e3288da3c2fc653d1ed8709f0feeca8bf1573cf734a243a8eea755,,unassigned,131,stratified_random,2026,0.06190718710424443
zrc64_T6000_v105_s17_f0200,zrc64_T6000_v105_s17,64,6000,1.05,17,development,zrc64_v105_s17_heating,200,10000.0,20000,5876.490867296732,-8.274063110351562,22.60068426087934,10.23852825164795,1.776132969529834,1.3672876822617852,2.4503545770041484,b46fe8cf73c44393ba0be48cf575a3cc5e32ab9249e7d6b0df889199a8f50924,hpc/results/round1-8-64/production/zrc64_T6000_v105_s17/jobs/zrc64_T6000_v105_s17/production/attempt-01/sampling/frames.extxyz,ef738ec6f25e619a80c636ce84ec0302c99d26bcf9231bfb5a2f7e421275dfdc,,unassigned,132,stratified_random,2026,0.04858744936433249
zrc64_T4500_v100_s17_f0080,zrc64_T4500_v100_s17,64,4500,1.0,17,development,zrc64_v100_s17_heating,80,4000.0,8000,3504.266150141984,-9.052765846252441,23.106966063890237,9.85001277923584,1.874032735385475,1.3585129818886503,2.73038690426986,1a1474143943b91c7a110caaa5177d0fefee8dc52374dbc716062128b52e4222,hpc/results/round1-8-64/production/zrc64_T4500_v100_s17/jobs/zrc64_T4500_v100_s17/production/attempt-01/sampling/frames.extxyz,b5f6ee0648c369753023d9323aabfe46cfd7612607cbea2ffbfb15a993519ff2,,unassigned,133,stratified_random,2026,0.02506702549402733
zrc64_T1500_v095_s17_f0010,zrc64_T1500_v095_s17,64,1500,0.95,17,development,zrc64_v095_s17_heating,10,500.0,1000,1599.3677149574148,-9.515883445739746,20.642698987614004,5.390825271606445,2.0723447431202513,2.9712586402667123,2.9719260869547557,068329cd4e895933a26fd94836d8833f4c88188a6a2e816adf9fc247e7900d3f,hpc/results/round1-8-64/production/zrc64_T1500_v095_s17/jobs/zrc64_T1500_v095_s17/production/attempt-01/sampling/frames.extxyz,5b28004032b343dfef216429d4e0761a24384595070cb03a21afa3c444c24067,,unassigned,134,stratified_random,2026,0.006382067383987174
zrc64_T5250_v100_s17_f0045,zrc64_T5250_v100_s17,64,5250,1.0,17,development,zrc64_v100_s17_heating,45,2250.0,4500,5558.341058244246,-8.204815864562988,34.05766166910399,13.263580322265625,1.8333190678996756,1.171068398869643,2.2718779180946056,96e62f217d209d2f83fead37e89db9d34ebd04e5997058323764b84d30eb62c1,hpc/results/round1-8-64/production/zrc64_T5250_v100_s17/jobs/zrc64_T5250_v100_s17/production/attempt-01/sampling/frames.extxyz,c105336a4968370fe0edbeab8640489ed047806d76ff10421d0ca32fae09eea0,,unassigned,135,stratified_random,2026,0.03353626739321685
zrc64_T3000_v100_s17_f0075,zrc64_T3000_v100_s17,64,3000,1.0,17,development,zrc64_v100_s17_heating,75,3750.0,7500,2568.8675634731185,-9.328763961791992,12.492142744184674,9.518753051757812,1.927455372470497,2.8209294124624433,2.841328933844571,7b1bed89b8bec0e616f1be1c91a97149e1ff4a78aba9d68d4e43c6555cd70385,hpc/results/round1-8-64/production/zrc64_T3000_v100_s17/jobs/zrc64_T3000_v100_s17/production/attempt-01/sampling/frames.extxyz,a4444c4024dfaef8af475d257202e4ec0c331a45e9426cd5c950944caa131eaa,,unassigned,136,stratified_random,2026,0.011751095223117763
zrc64_T6000_v095_s17_f0150,zrc64_T6000_v095_s17,64,6000,0.95,17,development,zrc64_v095_s17_heating,150,7500.0,15000,5577.3202495138885,-8.029827117919922,42.958602366335285,10.831401824951172,1.7964807903281705,1.251113737523601,2.2983887866874717,87dc373a91377404f58c6e87528738693727b4ff16da749e9cb1215625a55dfa,hpc/results/round1-8-64/production/zrc64_T6000_v095_s17/jobs/zrc64_T6000_v095_s17/production/attempt-01/sampling/frames.extxyz,ebfa194f0d83eb7ec3df31489d43cf1768b9a48d0c55db95d8af2f4e79e8302b,,unassigned,137,stratified_random,2026,0.041758073926471614
zrc64_T3000_v095_s17_f0145,zrc64_T3000_v095_s17,64,3000,0.95,17,development,zrc64_v095_s17_heating,145,7250.0,14500,3375.0232813948614,-9.360300064086914,26.16204381956282,5.975992679595947,1.9806109628377566,2.8096799144132456,2.9193199650737522,cf50798b93fc57b5e3d55114673406b2b54d12d4d766711c67c778a76866434e,hpc/results/round1-8-64/production/zrc64_T3000_v095_s17/jobs/zrc64_T3000_v095_s17/production/attempt-01/sampling/frames.extxyz,38d42f886936a7c5334dbee7f9fc2d38457e89614c905ba8d473d57ee3aee2bb,,unassigned,138,stratified_random,2026,0.009602957106169615
zrc64_T4500_v095_s17_f0155,zrc64_T4500_v095_s17,64,4500,0.95,17,development,zrc64_v095_s17_heating,155,7750.0,15500,4692.779180418276,-9.08894157409668,35.027477722845795,9.564800262451172,1.9383038282539782,2.708904139121863,2.7774987493088985,18fa5c86f56ec484d2a684004f536173a2896154f1211cfc4e4c476eff1cec08,hpc/results/round1-8-64/production/zrc64_T4500_v095_s17/jobs/zrc64_T4500_v095_s17/production/attempt-01/sampling/frames.extxyz,65116dd3c23f7ea4f37d5e963453d34409098eb6bae1ff570fe77bb92b99e81a,,unassigned,139,stratified_random,2026,0.011949745536843415
zrc64_T6000_v100_s17_f0065,zrc64_T6000_v100_s17,64,6000,1.0,17,development,zrc64_v100_s17_heating,65,3250.0,6500,6058.020970009022,-8.039253234863281,35.69149477818152,13.053337097167969,1.753774362258673,1.2214356150125751,2.4403132517227735,ff5f5e668c0f390faab079b37c093e958b0fdcbcde8ecd40675504a78e5ce111,hpc/results/round1-8-64/production/zrc64_T6000_v100_s17/jobs/zrc64_T6000_v100_s17/production/attempt-01/sampling/frames.extxyz,41599cc730e48121c4bdac3bc09d76b684d95a277e129cddc8adb7f46e6d0946,,unassigned,140,stratified_random,2026,0.042852741351762876
zrc64_T0300_v100_s17_f0080,zrc64_T0300_v100_s17,64,300,1.0,17,development,zrc64_v100_s17_heating,80,4000.0,8000,284.76330138829996,-9.671561241149902,1.7242618799209595,1.8654781579971313,2.2020328702761036,3.183010374580611,3.1861518187409907,c5a742e7bfdb8cc2d270bbfff59d18eb7a5a385db625e1c747c441475010b6a6,experiments/zrc_mace_round1/jobs/zrc64_T0300_v100_s17/production/attempt-01/sampling/frames.extxyz,b0e19e781d665d4f92fb7606a1fa566d8357e4b8f1c5799a79f193aea3456c2f,,unassigned,141,stratified_random,2026,0.0024508006612035033
zrc64_T1500_v100_s17_f0115,zrc64_T1500_v100_s17,64,1500,1.0,17,development,zrc64_v100_s17_heating,115,5750.0,11500,1402.199366743533,-9.538213729858398,7.01780872543294,5.034921646118164,2.0367922602043786,2.893412067749397,3.0684616604430865,76829db0e09f703a8e1a9918fe31ce4ce30ac998a1fc80a9ccd0ce4cb1e58549,hpc/results/round1-8-64/production/zrc64_T1500_v100_s17/jobs/zrc64_T1500_v100_s17/production/attempt-01/sampling/frames.extxyz,0b57a9d22d7e8c7db61735858cc30505ba173d07c1c4a6e396f17041a99b84e2,,unassigned,142,stratified_random,2026,0.005281613630736958
zrc64_T1500_v105_s17_f0115,zrc64_T1500_v105_s17,64,1500,1.05,17,development,zrc64_v105_s17_heating,115,5750.0,11500,1480.6118402858074,-9.512081146240234,-2.6967420259026578,4.551187515258789,2.0058530417095977,2.977734626106726,3.0274359126439045,4b9a0999b6717d2141bea4aea839300e18958f83367f6746a0ee159b52edcc79,hpc/results/round1-8-64/production/zrc64_T1500_v105_s17/jobs/zrc64_T1500_v105_s17/production/attempt-01/sampling/frames.extxyz,d28a4f0a705320a646044b919cebe9286d070451f48feede258cfdd61a8ba8f5,,unassigned,143,stratified_random,2026,0.006427073548103081
zrc64_T4500_v105_s17_f0095,zrc64_T4500_v105_s17,64,4500,1.05,17,development,zrc64_v105_s17_heating,95,4750.0,9500,4502.11700009075,-8.943781852722168,14.539726216026995,9.161726951599121,1.820891433569796,1.2299700667445999,2.501967818803388,e0d5f7272aec73b983c738153a0b22bbfb5a8e294209589a731b2b545c727fa2,hpc/results/round1-8-64/production/zrc64_T4500_v105_s17/jobs/zrc64_T4500_v105_s17/production/attempt-01/sampling/frames.extxyz,05e37e3688bdce1195b166c3cdb4e0b2767bce96dc36f5029349686ffc9fba78,,unassigned,144,stratified_random,2026,0.029176131972711555
zrc64_T0300_v100_s17_f0040,zrc64_T0300_v100_s17,64,300,1.0,17,development,zrc64_v100_s17_heating,40,2000.0,4000,258.0346683644903,-9.67147445678711,1.5739994049072266,1.8582065105438232,2.196582558008492,3.154963940410172,3.1758120287293656,0479089fa06201597766db787065fc6cf747ddb19ffdd0870e65e1896ca2a6df,experiments/zrc_mace_round1/jobs/zrc64_T0300_v100_s17/production/attempt-01/sampling/frames.extxyz,b0e19e781d665d4f92fb7606a1fa566d8357e4b8f1c5799a79f193aea3456c2f,,unassigned,145,stratified_random,2026,0.0033925146768080837
zrc64_T4500_v100_s17_f0160,zrc64_T4500_v100_s17,64,4500,1.0,17,development,zrc64_v100_s17_heating,160,8000.0,16000,4512.246522036412,-9.007583618164062,25.199695594789766,9.673823356628418,1.8542900085242593,1.4681368681769758,2.6112190868856904,f3bf085e2cfd9e8bc4fbc26d720afc261ae0f8b4d9b6dc4b06605c9ee3dd87e0,hpc/results/round1-8-64/production/zrc64_T4500_v100_s17/jobs/zrc64_T4500_v100_s17/production/attempt-01/sampling/frames.extxyz,b5f6ee0648c369753023d9323aabfe46cfd7612607cbea2ffbfb15a993519ff2,,unassigned,146,stratified_random,2026,0.026916070897413453
zrc64_T5250_v100_s17_f0105,zrc64_T5250_v100_s17,64,5250,1.0,17,development,zrc64_v100_s17_heating,105,5250.0,10500,6079.793802438926,-8.21059513092041,33.53752781282401,8.63129997253418,1.8456513688158562,1.261218009065682,2.204093720869896,8f27fb13223c2d1d87071cde3780d3fafaefc8a1779cf5dd21ce9440af610aae,hpc/results/round1-8-64/production/zrc64_T5250_v100_s17/jobs/zrc64_T5250_v100_s17/production/attempt-01/sampling/frames.extxyz,c105336a4968370fe0edbeab8640489ed047806d76ff10421d0ca32fae09eea0,,unassigned,147,stratified_random,2026,0.03918441799326159
zrc64_T1500_v095_s17_f0190,zrc64_T1500_v095_s17,64,1500,0.95,17,development,zrc64_v095_s17_heating,190,9500.0,19000,1651.9244341102342,-9.502901077270508,20.694998961269214,5.155311584472656,2.0183994582262885,2.8840961874132875,3.0250073586498827,6d66326e492b8bf8fdfbf9c9ebe461250a264807ae0fd0dd358008cf192f94ba,hpc/results/round1-8-64/production/zrc64_T1500_v095_s17/jobs/zrc64_T1500_v095_s17/production/attempt-01/sampling/frames.extxyz,5b28004032b343dfef216429d4e0761a24384595070cb03a21afa3c444c24067,,unassigned,148,stratified_random,2026,0.00436632192232779
zrc64_T4500_v095_s17_f0195,zrc64_T4500_v095_s17,64,4500,0.95,17,development,zrc64_v095_s17_heating,195,9750.0,19500,4100.064463461292,-9.091943740844727,31.079983243637127,7.675226211547852,1.9391437704710353,2.4767394012239192,2.7949356818347297,92e1a11a94cf928ac61cf7c187486f71f1b4a1b204a2f23459d98e87f1fcb7f6,hpc/results/round1-8-64/production/zrc64_T4500_v095_s17/jobs/zrc64_T4500_v095_s17/production/attempt-01/sampling/frames.extxyz,65116dd3c23f7ea4f37d5e963453d34409098eb6bae1ff570fe77bb92b99e81a,,unassigned,149,stratified_random,2026,0.01307190994169612
zrc64_T6000_v105_s17_f0175,zrc64_T6000_v105_s17,64,6000,1.05,17,development,zrc64_v105_s17_heating,175,8750.0,17500,5144.598163706182,-7.962045669555664,30.02850201611713,13.675766944885254,1.8386473380985437,1.211444587678301,2.21442526489139,f9c78e568ca3b3b6e9049db14d2addc69a8fd9a9b94716779d1ff78c2bff4d73,hpc/results/round1-8-64/production/zrc64_T6000_v105_s17/jobs/zrc64_T6000_v105_s17/production/attempt-01/sampling/frames.extxyz,ef738ec6f25e619a80c636ce84ec0302c99d26bcf9231bfb5a2f7e421275dfdc,,unassigned,150,stratified_random,2026,0.042327634177953016
zrc64_T0300_v105_s17_f0195,zrc64_T0300_v105_s17,64,300,1.05,17,development,zrc64_v105_s17_heating,195,9750.0,19500,273.55467809822613,-9.647193908691406,-8.580077171325684,2.072829246520996,2.225479991988816,3.1712387172055467,3.236312175984637,d1e0ae974cc0401f92dfe562c6a6a47736d00e954c636b85851eb9f0c786fcde,experiments/zrc_mace_round1/jobs/zrc64_T0300_v105_s17/production/attempt-01/sampling/frames.extxyz,2e6224250d01b866f883442edea3e0ecd17b582eb99446eca08ba48b95249e08,,unassigned,151,stratified_random,2026,0.0029035656763112573
zrc64_T5250_v095_s17_f0135,zrc64_T5250_v095_s17,64,5250,0.95,17,development,zrc64_v095_s17_heating,135,6750.0,13500,4755.318225625601,-8.004728317260742,49.92488640905193,15.26251220703125,1.8622970268503325,1.1372407186000923,2.180471123442601,7645d27cf992b28857c107d78069fce930fb6afff51960cb39289756f780b942,hpc/results/round1-8-64/production/zrc64_T5250_v095_s17/jobs/zrc64_T5250_v095_s17/production/attempt-01/sampling/frames.extxyz,7fdbc9fc59e3288da3c2fc653d1ed8709f0feeca8bf1573cf734a243a8eea755,,unassigned,152,stratified_random,2026,0.04047959917077723
zrc64_T4500_v105_s17_f0065,zrc64_T4500_v105_s17,64,4500,1.05,17,development,zrc64_v105_s17_heating,65,3250.0,6500,4421.225223068848,-8.833380699157715,18.8779333646149,8.865335464477539,1.9060863019157874,1.2733698093733905,2.7252517946486914,bbc756bd390f1ccb258d2186a14283afba938682034212b18196b286982d4d5b,hpc/results/round1-8-64/production/zrc64_T4500_v105_s17/jobs/zrc64_T4500_v105_s17/production/attempt-01/sampling/frames.extxyz,05e37e3688bdce1195b166c3cdb4e0b2767bce96dc36f5029349686ffc9fba78,,unassigned,153,stratified_random,2026,0.028231600373738966
zrc64_T3000_v105_s17_f0030,zrc64_T3000_v105_s17,64,3000,1.05,17,development,zrc64_v105_s17_heating,30,1500.0,3000,2922.1433096593214,-9.385709762573242,2.3996479800397363,6.171957492828369,2.029770450569486,2.861588317064692,3.004345677351932,5cf3ba87c3831683f909d5ed2ac2e342f3ab4f1022d6854f27e9f5f000c42ef0,hpc/results/round1-8-64/production/zrc64_T3000_v105_s17/jobs/zrc64_T3000_v105_s17/production/attempt-01/sampling/frames.extxyz,b4dccb6801af5c2276e8bda38746a4f6f66326b38d4a2344115b8b88f363d665,,unassigned,154,stratified_random,2026,0.01192556981488014
zrc64_T1500_v105_s17_f0030,zrc64_T1500_v105_s17,64,1500,1.05,17,development,zrc64_v105_s17_heating,30,1500.0,3000,1726.3794996837375,-9.475702285766602,-0.006316471557706628,5.3813371658325195,1.9731671083441502,3.0062603941408135,3.074504498572957,510732b9a03aa50783df921a281d602161f70be4c44c8d9860447d58691944bf,hpc/results/round1-8-64/production/zrc64_T1500_v105_s17/jobs/zrc64_T1500_v105_s17/production/attempt-01/sampling/frames.extxyz,d28a4f0a705320a646044b919cebe9286d070451f48feede258cfdd61a8ba8f5,,unassigned,155,stratified_random,2026,0.011098020690341392
zrc64_T5250_v105_s17_f0190,zrc64_T5250_v105_s17,64,5250,1.05,17,development,zrc64_v105_s17_heating,190,9500.0,19000,5732.141590189448,-8.235071182250977,24.546993475342063,9.753643989562988,1.8828566335703278,1.2752949077310682,2.0782248661529645,75ffee7b6bfac5eb000a7eb545c596073c8b770fa422792ede14ec604a35a3cd,hpc/results/round1-8-64/production/zrc64_T5250_v105_s17/jobs/zrc64_T5250_v105_s17/production/attempt-01/sampling/frames.extxyz,98513e4ef98528a1f91bcd1e3ab3c9da409ecdb19122d0f4eb5d882dd43afa8e,,unassigned,156,stratified_random,2026,0.03638694638946215
zrc64_T3000_v095_s17_f0060,zrc64_T3000_v095_s17,64,3000,0.95,17,development,zrc64_v095_s17_heating,60,3000.0,6000,2924.5150554179136,-9.287952423095703,28.456025468159027,7.042393684387207,1.962623512040698,2.813548128135017,2.8034806296839876,e0ebc8b4b5415d811d1e5154d734b22e6739a23e9225ffd9996968f70b499abe,hpc/results/round1-8-64/production/zrc64_T3000_v095_s17/jobs/zrc64_T3000_v095_s17/production/attempt-01/sampling/frames.extxyz,38d42f886936a7c5334dbee7f9fc2d38457e89614c905ba8d473d57ee3aee2bb,,unassigned,157,stratified_random,2026,0.007206352046758115
zrc64_T6000_v095_s17_f0005,zrc64_T6000_v095_s17,64,6000,0.95,17,development,zrc64_v095_s17_heating,5,250.0,500,4971.199864769941,-7.992082595825195,41.791326253918214,11.366995811462402,1.7872102441747357,1.2829382082765444,2.1613213304055656,49a31a4eed3d999611aea247e28e9c33362e72b6788c03afe80e9e74f4ca256c,hpc/results/round1-8-64/production/zrc64_T6000_v095_s17/jobs/zrc64_T6000_v095_s17/production/attempt-01/sampling/frames.extxyz,ebfa194f0d83eb7ec3df31489d43cf1768b9a48d0c55db95d8af2f4e79e8302b,,unassigned,158,stratified_random,2026,0.03311668202267122
zrc64_T1500_v100_s17_f0010,zrc64_T1500_v100_s17,64,1500,1.0,17,development,zrc64_v100_s17_heating,10,500.0,1000,1516.4684546928745,-9.51262092590332,7.771622553403815,5.159499168395996,2.0372623194147073,2.7900773555950664,3.0213406408573165,423cc06434fac5e5d26477d82293f9e73bbe11f3906bb7d983b4a71b03d05a48,hpc/results/round1-8-64/production/zrc64_T1500_v100_s17/jobs/zrc64_T1500_v100_s17/production/attempt-01/sampling/frames.extxyz,0b57a9d22d7e8c7db61735858cc30505ba173d07c1c4a6e396f17041a99b84e2,,unassigned,159,stratified_random,2026,0.005640799336205562
zrc64_T6000_v100_s17_f0060,zrc64_T6000_v100_s17,64,6000,1.0,17,development,zrc64_v100_s17_heating,60,3000.0,6000,5454.345287222634,-8.197627067565918,33.9203036740906,10.863419532775879,1.854142909624498,1.217630263809758,2.355896789024353,76729989ca952ef19696c5b3a22b8ea08fbeb0971305768103cdeebddb8deedd,hpc/results/round1-8-64/production/zrc64_T6000_v100_s17/jobs/zrc64_T6000_v100_s17/production/attempt-01/sampling/frames.extxyz,41599cc730e48121c4bdac3bc09d76b684d95a277e129cddc8adb7f46e6d0946,,unassigned,160,stratified_random,2026,0.05533758615570027
zrc64_T0300_v095_s17_f0200,zrc64_T0300_v095_s17,64,300,0.95,17,development,zrc64_v095_s17_heating,200,10000.0,20000,330.8456256756383,-9.648504257202148,15.108104705810547,2.0975499153137207,2.19484308936159,3.0586344593038652,3.136032237448199,3d2453645e2b5acc3c9d502a0cd5377cd7365117890637c8a40127526441bc84,experiments/zrc_mace_round1/jobs/zrc64_T0300_v095_s17/production/attempt-01/sampling/frames.extxyz,29fc41d9fad7160ccd2375073663700da24320df162982d90ed67297d635bd7d,,unassigned,161,stratified_random,2026,0.0020382511881829484
zrc64_T3000_v100_s17_f0060,zrc64_T3000_v100_s17,64,3000,1.0,17,development,zrc64_v100_s17_heating,60,3000.0,6000,2059.759962916072,-9.319141387939453,12.361119825772773,6.9787397384643555,1.9424632612535737,2.6316313362140202,2.9072988352330555,1ede435c6a511dec84d2d82ffb83a8d877ef455e82f7e83bee7668c106793d76,hpc/results/round1-8-64/production/zrc64_T3000_v100_s17/jobs/zrc64_T3000_v100_s17/production/attempt-01/sampling/frames.extxyz,a4444c4024dfaef8af475d257202e4ec0c331a45e9426cd5c950944caa131eaa,,unassigned,162,stratified_random,2026,0.014504578235707733
zrc64_T6000_v095_s17_f0025,zrc64_T6000_v095_s17,64,6000,0.95,17,development,zrc64_v095_s17_heating,25,1250.0,2500,6132.893359906457,-8.073360443115234,49.50665429851955,14.168601036071777,1.816081255446677,1.1538040552303186,2.332503088689041,a5e189432129f01a5b39a9255520c7202d08828a22a2b63987387e3fa04624ae,hpc/results/round1-8-64/production/zrc64_T6000_v095_s17/jobs/zrc64_T6000_v095_s17/production/attempt-01/sampling/frames.extxyz,ebfa194f0d83eb7ec3df31489d43cf1768b9a48d0c55db95d8af2f4e79e8302b,,unassigned,163,stratified_random,2026,0.03540040101821821
zrc64_T1500_v105_s17_f0145,zrc64_T1500_v105_s17,64,1500,1.05,17,development,zrc64_v105_s17_heating,145,7250.0,14500,1546.570537028523,-9.520565032958984,-2.8811681697324225,4.2141852378845215,2.1111340667945298,2.9372784085402466,3.100013496657833,c7e989bb3a82209546aa9f3d251c06141e9ebf616db8694f51246b37782cbbe8,hpc/results/round1-8-64/production/zrc64_T1500_v105_s17/jobs/zrc64_T1500_v105_s17/production/attempt-01/sampling/frames.extxyz,d28a4f0a705320a646044b919cebe9286d070451f48feede258cfdd61a8ba8f5,,unassigned,164,stratified_random,2026,0.007418067511154505
zrc64_T3000_v095_s17_f0015,zrc64_T3000_v095_s17,64,3000,0.95,17,development,zrc64_v095_s17_heating,15,750.0,1500,2734.136847469553,-9.294563293457031,26.85346621693091,7.906089782714844,1.8834210638727031,2.712124423486495,2.862557136064119,02e661cc01fccb4b723254955ddcf9425c7b4ba84115a95e1731b52684832426,hpc/results/round1-8-64/production/zrc64_T3000_v095_s17/jobs/zrc64_T3000_v095_s17/production/attempt-01/sampling/frames.extxyz,38d42f886936a7c5334dbee7f9fc2d38457e89614c905ba8d473d57ee3aee2bb,,unassigned,165,stratified_random,2026,0.007272901107605413
zrc64_T6000_v100_s17_f0095,zrc64_T6000_v100_s17,64,6000,1.0,17,development,zrc64_v100_s17_heating,95,4750.0,9500,6646.613686231195,-8.182229042053223,33.816641365378,11.170488357543945,1.7895699866407941,1.243272415339051,2.2910985848389633,12a4c890e368ea4cd02d9f67218d10bc587de465a89df70d53f491654c134110,hpc/results/round1-8-64/production/zrc64_T6000_v100_s17/jobs/zrc64_T6000_v100_s17/production/attempt-01/sampling/frames.extxyz,41599cc730e48121c4bdac3bc09d76b684d95a277e129cddc8adb7f46e6d0946,,unassigned,166,stratified_random,2026,0.03986631900762334
zrc64_T1500_v100_s17_f0025,zrc64_T1500_v100_s17,64,1500,1.0,17,development,zrc64_v100_s17_heating,25,1250.0,2500,1493.7633670076916,-9.510988235473633,7.2654011766045965,5.729824066162109,2.087008621898163,3.0125193584537118,2.9334559676814806,846d2b4a8e1f5f65023d2ccab8dad58f44889c8b98bfc2af1691e802404b9b78,hpc/results/round1-8-64/production/zrc64_T1500_v100_s17/jobs/zrc64_T1500_v100_s17/production/attempt-01/sampling/frames.extxyz,0b57a9d22d7e8c7db61735858cc30505ba173d07c1c4a6e396f17041a99b84e2,,unassigned,167,stratified_random,2026,0.006017769128658544
zrc64_T0300_v100_s17_f0020,zrc64_T0300_v100_s17,64,300,1.0,17,development,zrc64_v100_s17_heating,20,1000.0,2000,279.2662867829599,-9.68071174621582,1.4001381397247314,1.7443382740020752,2.2121303722554955,3.174776847911745,3.214055866668665,24622ef0add572f2a1c59b038ba9e7eb8687dd260de919d6ac991e67bc1202f8,experiments/zrc_mace_round1/jobs/zrc64_T0300_v100_s17/production/attempt-01/sampling/frames.extxyz,b0e19e781d665d4f92fb7606a1fa566d8357e4b8f1c5799a79f193aea3456c2f,,unassigned,168,stratified_random,2026,0.0021625200350178365
zrc64_T5250_v100_s17_f0065,zrc64_T5250_v100_s17,64,5250,1.0,17,development,zrc64_v100_s17_heating,65,3250.0,6500,4409.094828763322,-8.23137092590332,26.139075925967745,13.079007148742676,1.7467706079416343,1.2232273878921025,2.4099696718175445,93c574f1b10770abe8b57c65172e9d413c922185ccee2f2953090eb29e1224ba,hpc/results/round1-8-64/production/zrc64_T5250_v100_s17/jobs/zrc64_T5250_v100_s17/production/attempt-01/sampling/frames.extxyz,c105336a4968370fe0edbeab8640489ed047806d76ff10421d0ca32fae09eea0,,unassigned,169,stratified_random,2026,0.03845053819612029
zrc64_T0300_v105_s17_f0010,zrc64_T0300_v105_s17,64,300,1.05,17,development,zrc64_v105_s17_heating,10,500.0,1000,332.09985816675345,-9.647858619689941,-8.278213500976562,1.8379765748977661,2.204607721600112,3.20980724656051,3.2187657833376475,0b41712d44202e172684ea5fbe79217ad81ba4c07e224cc3d2a45a9847fb36fd,experiments/zrc_mace_round1/jobs/zrc64_T0300_v105_s17/production/attempt-01/sampling/frames.extxyz,2e6224250d01b866f883442edea3e0ecd17b582eb99446eca08ba48b95249e08,,unassigned,170,stratified_random,2026,0.002854595018003057
zrc64_T5250_v095_s17_f0180,zrc64_T5250_v095_s17,64,5250,0.95,17,development,zrc64_v095_s17_heating,180,9000.0,18000,5216.328906908993,-8.142739295959473,42.044477048306334,8.662954330444336,1.8445515352248176,1.31001318441765,2.27524695797645,519ebdfb4f453f4ec21408bb3ce87d8a7cd7c2aef31acee548a42e45adee3af2,hpc/results/round1-8-64/production/zrc64_T5250_v095_s17/jobs/zrc64_T5250_v095_s17/production/attempt-01/sampling/frames.extxyz,7fdbc9fc59e3288da3c2fc653d1ed8709f0feeca8bf1573cf734a243a8eea755,,unassigned,171,stratified_random,2026,0.039746512962405806
zrc64_T3000_v105_s17_f0120,zrc64_T3000_v105_s17,64,3000,1.05,17,development,zrc64_v105_s17_heating,120,6000.0,12000,2906.56107487666,-9.314905166625977,6.027772843784474,7.242243766784668,1.9144020009249463,2.858578668743755,2.9665497277611297,5506775bc561084faa1028d660d2afa2c10532c5c803289c3a368fc091795feb,hpc/results/round1-8-64/production/zrc64_T3000_v105_s17/jobs/zrc64_T3000_v105_s17/production/attempt-01/sampling/frames.extxyz,b4dccb6801af5c2276e8bda38746a4f6f66326b38d4a2344115b8b88f363d665,,unassigned,172,stratified_random,2026,0.01163615369479208
zrc64_T4500_v095_s17_f0185,zrc64_T4500_v095_s17,64,4500,0.95,17,development,zrc64_v095_s17_heating,185,9250.0,18500,4844.487186607201,-9.012799263000488,34.44691972318515,9.052953720092773,1.784492174879931,1.5473132265831948,2.698822849657985,20d9d03fc1999c9f63ef86db59e3b2d18314501c554ddfe31a67f468f80e1925,hpc/results/round1-8-64/production/zrc64_T4500_v095_s17/jobs/zrc64_T4500_v095_s17/production/attempt-01/sampling/frames.extxyz,65116dd3c23f7ea4f37d5e963453d34409098eb6bae1ff570fe77bb92b99e81a,,unassigned,173,stratified_random,2026,0.017026873237549825
zrc64_T1500_v095_s17_f0090,zrc64_T1500_v095_s17,64,1500,0.95,17,development,zrc64_v095_s17_heating,90,4500.0,9000,1519.5365770464982,-9.48859691619873,21.63184491842995,4.5417866706848145,2.054185095687289,2.9229299623433698,2.9865804741354194,49fa6db251f9a5c92bb2f62f3d25b1aeaa139d4f15dcc26f40c265ba856e802a,hpc/results/round1-8-64/production/zrc64_T1500_v095_s17/jobs/zrc64_T1500_v095_s17/production/attempt-01/sampling/frames.extxyz,5b28004032b343dfef216429d4e0761a24384595070cb03a21afa3c444c24067,,unassigned,174,stratified_random,2026,0.005067903131067217
zrc64_T6000_v105_s17_f0115,zrc64_T6000_v105_s17,64,6000,1.05,17,development,zrc64_v105_s17_heating,115,5750.0,11500,6408.0976324420735,-8.158702850341797,25.467152413392807,10.566728591918945,1.8339165927781538,1.3158504591609252,2.1729732478727404,47dbb192b3f671257707227b023f55956f4aa458f2d4948067acc956e787f2a2,hpc/results/round1-8-64/production/zrc64_T6000_v105_s17/jobs/zrc64_T6000_v105_s17/production/attempt-01/sampling/frames.extxyz,ef738ec6f25e619a80c636ce84ec0302c99d26bcf9231bfb5a2f7e421275dfdc,,unassigned,175,stratified_random,2026,0.0546320073619693
zrc64_T5250_v105_s17_f0130,zrc64_T5250_v105_s17,64,5250,1.05,17,development,zrc64_v105_s17_heating,130,6500.0,13000,4942.312074228499,-8.258811950683594,24.50003541808156,9.461159706115723,1.86272253651547,1.2126192065338788,2.325025561229825,5ffd67660e785fc34af593228a4560e50df1e0de2dc04d0c39377b8ea1e56faf,hpc/results/round1-8-64/production/zrc64_T5250_v105_s17/jobs/zrc64_T5250_v105_s17/production/attempt-01/sampling/frames.extxyz,98513e4ef98528a1f91bcd1e3ab3c9da409ecdb19122d0f4eb5d882dd43afa8e,,unassigned,176,stratified_random,2026,0.044784080553093956
zrc64_T4500_v105_s17_f0115,zrc64_T4500_v105_s17,64,4500,1.05,17,development,zrc64_v105_s17_heating,115,5750.0,11500,4887.855196682316,-9.003966331481934,14.328898662426145,8.5231294631958,1.8935132871371179,1.2776974006408168,2.5793636107202285,a94feec4e7dc80244ef80a631866cfa41f820095ee6c89c40a6695fb8203eff2,hpc/results/round1-8-64/production/zrc64_T4500_v105_s17/jobs/zrc64_T4500_v105_s17/production/attempt-01/sampling/frames.extxyz,05e37e3688bdce1195b166c3cdb4e0b2767bce96dc36f5029349686ffc9fba78,,unassigned,177,stratified_random,2026,0.03106598136607917
zrc64_T4500_v100_s17_f0115,zrc64_T4500_v100_s17,64,4500,1.0,17,development,zrc64_v100_s17_heating,115,5750.0,11500,5362.896044025287,-9.032222747802734,23.564837620842706,9.095870971679688,1.8326477329252464,1.4015310458928127,2.808800726559156,966f9daf0577a766eb7054cb6c6500685bf45af78476cf271e128ba105ac6e1b,hpc/results/round1-8-64/production/zrc64_T4500_v100_s17/jobs/zrc64_T4500_v100_s17/production/attempt-01/sampling/frames.extxyz,b5f6ee0648c369753023d9323aabfe46cfd7612607cbea2ffbfb15a993519ff2,,unassigned,178,stratified_random,2026,0.02056156621380172
zrc64_T3000_v100_s17_f0125,zrc64_T3000_v100_s17,64,3000,1.0,17,development,zrc64_v100_s17_heating,125,6250.0,12500,2673.9236924497923,-9.343560218811035,12.759667239884745,7.278783798217773,1.953427343169704,2.7402775406772806,2.8480294227715555,6d4a67b7f0f13666c0c5ee47d6cac59b329c54597c53b1e5a0072de3180f162c,hpc/results/round1-8-64/production/zrc64_T3000_v100_s17/jobs/zrc64_T3000_v100_s17/production/attempt-01/sampling/frames.extxyz,a4444c4024dfaef8af475d257202e4ec0c331a45e9426cd5c950944caa131eaa,,unassigned,179,stratified_random,2026,0.008087218912326425
zrc64_T0300_v095_s17_f0180,zrc64_T0300_v095_s17,64,300,0.95,17,development,zrc64_v095_s17_heating,180,9000.0,18000,262.7664217349426,-9.64970874786377,15.080738067626953,2.2411186695098877,2.1628351599758067,3.1162575238821857,3.141282752420132,29026fa072feaa294f5fe3a05a083db28cccb22be841dcadf7de8c642b6ca5ce,experiments/zrc_mace_round1/jobs/zrc64_T0300_v095_s17/production/attempt-01/sampling/frames.extxyz,29fc41d9fad7160ccd2375073663700da24320df162982d90ed67297d635bd7d,,unassigned,180,stratified_random,2026,0.0018390112146382843
zrc64_T5250_v105_s17_f0065,zrc64_T5250_v105_s17,64,5250,1.05,17,development,zrc64_v105_s17_heating,65,3250.0,6500,4549.4350734658265,-8.264068603515625,23.893951515940607,12.581387519836426,1.9558012570994143,1.1846709494846897,2.3039191531508574,d2a09005ae6d2263aa13730bfe556a7cbe29400d72660be2f46c301eb26c34e8,hpc/results/round1-8-64/production/zrc64_T5250_v105_s17/jobs/zrc64_T5250_v105_s17/production/attempt-01/sampling/frames.extxyz,98513e4ef98528a1f91bcd1e3ab3c9da409ecdb19122d0f4eb5d882dd43afa8e,,unassigned,181,stratified_random,2026,0.042652366563250645
zrc64_T6000_v100_s17_f0180,zrc64_T6000_v100_s17,64,6000,1.0,17,development,zrc64_v100_s17_heating,180,9000.0,18000,6558.497169365871,-8.021698951721191,37.49984805050772,14.2498779296875,1.7257047338020657,1.300331665395022,1.9912493435536633,e248481bae24a3d5a5b6a8bc349bad5a86024a15a7f1dd6b89ab9c34d8af2472,hpc/results/round1-8-64/production/zrc64_T6000_v100_s17/jobs/zrc64_T6000_v100_s17/production/attempt-01/sampling/frames.extxyz,41599cc730e48121c4bdac3bc09d76b684d95a277e129cddc8adb7f46e6d0946,,unassigned,182,stratified_random,2026,0.036200880532497315
zrc64_T1500_v095_s17_f0035,zrc64_T1500_v095_s17,64,1500,0.95,17,development,zrc64_v095_s17_heating,35,1750.0,3500,1380.2168410013646,-9.537117958068848,19.881186546321565,4.444784164428711,2.0725985861731737,2.910919140616377,2.988226307167008,9503c6df6b542297dd5c1389f3d18e4fdb0e1657649cceeec368b5db5a332f0d,hpc/results/round1-8-64/production/zrc64_T1500_v095_s17/jobs/zrc64_T1500_v095_s17/production/attempt-01/sampling/frames.extxyz,5b28004032b343dfef216429d4e0761a24384595070cb03a21afa3c444c24067,,unassigned,183,stratified_random,2026,0.004802575616692977
zrc64_T4500_v095_s17_f0045,zrc64_T4500_v095_s17,64,4500,0.95,17,development,zrc64_v095_s17_heating,45,2250.0,4500,4526.687391783738,-8.917786598205566,35.19976131333733,11.155808448791504,1.9142339687969383,1.551576453816602,2.6055139332397834,cad78504dfdeb3f1ccea06007c5c373d328a904a9e9fb4f92ba68635a5ea411a,hpc/results/round1-8-64/production/zrc64_T4500_v095_s17/jobs/zrc64_T4500_v095_s17/production/attempt-01/sampling/frames.extxyz,65116dd3c23f7ea4f37d5e963453d34409098eb6bae1ff570fe77bb92b99e81a,,unassigned,184,stratified_random,2026,0.019716020284162115
zrc64_T6000_v095_s17_f0050,zrc64_T6000_v095_s17,64,6000,0.95,17,development,zrc64_v095_s17_heating,50,2500.0,5000,5648.153475582448,-7.91762638092041,46.6142116931474,11.725245475769043,1.7938689669540653,1.320157994044215,2.2248520362255557,5c3c45a0cb3b33668746edad0220f704be1c49a86defeb85e7b517d391bdc073,hpc/results/round1-8-64/production/zrc64_T6000_v095_s17/jobs/zrc64_T6000_v095_s17/production/attempt-01/sampling/frames.extxyz,ebfa194f0d83eb7ec3df31489d43cf1768b9a48d0c55db95d8af2f4e79e8302b,,unassigned,185,stratified_random,2026,0.041430183737843615
zrc64_T1500_v105_s17_f0195,zrc64_T1500_v105_s17,64,1500,1.05,17,development,zrc64_v105_s17_heating,195,9750.0,19500,1626.8712505652886,-9.514169692993164,-2.5448141005480682,4.485119342803955,2.0402873089341544,2.8753603371759686,3.0814472217872373,12818386c9c6e7eebedf2819b986cba1311fb544730df42d3990e6aa0a301299,hpc/results/round1-8-64/production/zrc64_T1500_v105_s17/jobs/zrc64_T1500_v105_s17/production/attempt-01/sampling/frames.extxyz,d28a4f0a705320a646044b919cebe9286d070451f48feede258cfdd61a8ba8f5,,unassigned,186,stratified_random,2026,0.0071183740174713996
zrc64_T0300_v105_s17_f0065,zrc64_T0300_v105_s17,64,300,1.05,17,development,zrc64_v105_s17_heating,65,3250.0,6500,276.9563943943895,-9.656769752502441,-8.717376708984375,1.75728178024292,2.214193125944649,3.134929147594778,3.2571244020717405,055b78c37ed36ed3ce34cf95b89415ac189e3c41eaae1444e3649db3db6ff197,experiments/zrc_mace_round1/jobs/zrc64_T0300_v105_s17/production/attempt-01/sampling/frames.extxyz,2e6224250d01b866f883442edea3e0ecd17b582eb99446eca08ba48b95249e08,,unassigned,187,stratified_random,2026,0.0020070963800099054
zrc64_T1500_v100_s17_f0155,zrc64_T1500_v100_s17,64,1500,1.0,17,development,zrc64_v100_s17_heating,155,7750.0,15500,1307.752328598443,-9.539375305175781,6.302544569621527,5.351016044616699,2.0963204963750948,2.9263216025184207,2.9893508112275238,21ca43594d05d76bb274d8c66915c7c5f845b08d8526923da3dd7d9c25977817,hpc/results/round1-8-64/production/zrc64_T1500_v100_s17/jobs/zrc64_T1500_v100_s17/production/attempt-01/sampling/frames.extxyz,0b57a9d22d7e8c7db61735858cc30505ba173d07c1c4a6e396f17041a99b84e2,,unassigned,188,stratified_random,2026,0.0064318693523116015
zrc64_T3000_v095_s17_f0120,zrc64_T3000_v095_s17,64,3000,0.95,17,development,zrc64_v095_s17_heating,120,6000.0,12000,3054.140607721017,-9.320130348205566,27.965416850017522,8.299449920654297,1.8576967241233815,2.7054794755445633,2.9636159868774645,3883123b01c3fea61d209b4d30f4149293ab0514bb2c0adad91984e975804efa,hpc/results/round1-8-64/production/zrc64_T3000_v095_s17/jobs/zrc64_T3000_v095_s17/production/attempt-01/sampling/frames.extxyz,38d42f886936a7c5334dbee7f9fc2d38457e89614c905ba8d473d57ee3aee2bb,,unassigned,189,stratified_random,2026,0.009448566770864197
zrc64_T4500_v105_s17_f0150,zrc64_T4500_v105_s17,64,4500,1.05,17,development,zrc64_v105_s17_heating,150,7500.0,15000,4627.8718461958615,-9.039688110351562,12.392536377995487,8.178605079650879,1.8896196930746618,1.431920932639284,2.670014998910545,f3369d4d7fcdd2b338b40ef6392725e886e8659725527b635348297119f48f43,hpc/results/round1-8-64/production/zrc64_T4500_v105_s17/jobs/zrc64_T4500_v105_s17/production/attempt-01/sampling/frames.extxyz,05e37e3688bdce1195b166c3cdb4e0b2767bce96dc36f5029349686ffc9fba78,,unassigned,190,stratified_random,2026,0.02474263713854935
zrc64_T0300_v095_s17_f0020,zrc64_T0300_v095_s17,64,300,0.95,17,development,zrc64_v095_s17_heating,20,1000.0,2000,311.5086725962248,-9.645242691040039,15.20509147644043,2.574324607849121,2.129852202248484,3.0716929835100193,3.14135163991103,f2371b6f21dfa5c0e5427932b76ec00e3cb3afbbce0f253546c3934658691a40,experiments/zrc_mace_round1/jobs/zrc64_T0300_v095_s17/production/attempt-01/sampling/frames.extxyz,29fc41d9fad7160ccd2375073663700da24320df162982d90ed67297d635bd7d,,unassigned,191,stratified_random,2026,0.0021462225121939562
zrc64_T4500_v100_s17_f0135,zrc64_T4500_v100_s17,64,4500,1.0,17,development,zrc64_v100_s17_heating,135,6750.0,13500,4742.129561609232,-8.969484329223633,21.163026034117408,8.952391624450684,1.9060024993149607,1.6015076006183566,2.4433153017342564,a7df383f23628ccff4454ace2da972fa50b1815d3702db8b07298629893499f3,hpc/results/round1-8-64/production/zrc64_T4500_v100_s17/jobs/zrc64_T4500_v100_s17/production/attempt-01/sampling/frames.extxyz,b5f6ee0648c369753023d9323aabfe46cfd7612607cbea2ffbfb15a993519ff2,,unassigned,192,stratified_random,2026,0.025481835210012033
zrc64_T6000_v105_s17_f0015,zrc64_T6000_v105_s17,64,6000,1.05,17,development,zrc64_v105_s17_heating,15,750.0,1500,5284.951308828635,-8.11962604522705,27.998375576091977,22.976388931274414,1.6117174774491274,1.2223103170557876,2.4406150294564886,79285b2265c95fe99f1a923bcee7d7529b45b3b7b3434f8a53b38d6e782ebaa5,hpc/results/round1-8-64/production/zrc64_T6000_v105_s17/jobs/zrc64_T6000_v105_s17/production/attempt-01/sampling/frames.extxyz,ef738ec6f25e619a80c636ce84ec0302c99d26bcf9231bfb5a2f7e421275dfdc,,unassigned,193,stratified_random,2026,0.043821016257852466
zrc64_T5250_v095_s17_f0105,zrc64_T5250_v095_s17,64,5250,0.95,17,development,zrc64_v095_s17_heating,105,5250.0,10500,5672.14836626221,-8.295884132385254,41.9620626194553,10.441761016845703,1.771022907152551,1.2821886079527491,2.324459083526526,21dff48e71e6ad5145ceb05b5fe9bc026db053d5c331f92d1d38b29e8b0e4ee4,hpc/results/round1-8-64/production/zrc64_T5250_v095_s17/jobs/zrc64_T5250_v095_s17/production/attempt-01/sampling/frames.extxyz,7fdbc9fc59e3288da3c2fc653d1ed8709f0feeca8bf1573cf734a243a8eea755,,unassigned,194,stratified_random,2026,0.03169535625621442
zrc64_T3000_v100_s17_f0165,zrc64_T3000_v100_s17,64,3000,1.0,17,development,zrc64_v100_s17_heating,165,8250.0,16500,2995.024139699443,-9.357402801513672,13.013179472418779,6.412290096282959,1.9733764815574613,2.834934761381775,2.8197875495488325,b094d2d36a74073d67637a6394061b2fba4a0056967f132e8b7b4552f22d08ad,hpc/results/round1-8-64/production/zrc64_T3000_v100_s17/jobs/zrc64_T3000_v100_s17/production/attempt-01/sampling/frames.extxyz,a4444c4024dfaef8af475d257202e4ec0c331a45e9426cd5c950944caa131eaa,,unassigned,195,stratified_random,2026,0.009655278044779513
zrc64_T0300_v100_s17_f0190,zrc64_T0300_v100_s17,64,300,1.0,17,development,zrc64_v100_s17_heating,190,9500.0,19000,291.8211784738539,-9.669743537902832,1.6175956726074219,2.0542123317718506,2.1858041484266932,3.1759210674863616,3.1765793192450102,e1eb59144ca7351d9f65bfc9ac99db8fb4ceea34dc8da37ee1b74786e37bd2b1,experiments/zrc_mace_round1/jobs/zrc64_T0300_v100_s17/production/attempt-01/sampling/frames.extxyz,b0e19e781d665d4f92fb7606a1fa566d8357e4b8f1c5799a79f193aea3456c2f,,unassigned,196,stratified_random,2026,0.002951068798785105
zrc64_T5250_v100_s17_f0200,zrc64_T5250_v100_s17,64,5250,1.0,17,development,zrc64_v100_s17_heating,200,10000.0,20000,4951.610351526069,-8.203686714172363,30.7722911947707,11.599700927734375,1.732409703888534,1.21213032292354,2.4089180540742574,67ec935de3bacbeb10352b878995cffefbdbc15ae9bf541675984cdd9257c3fe,hpc/results/round1-8-64/production/zrc64_T5250_v100_s17/jobs/zrc64_T5250_v100_s17/production/attempt-01/sampling/frames.extxyz,c105336a4968370fe0edbeab8640489ed047806d76ff10421d0ca32fae09eea0,,unassigned,197,stratified_random,2026,0.03723562716571603
zrc64_T3000_v105_s17_f0045,zrc64_T3000_v105_s17,64,3000,1.05,17,development,zrc64_v105_s17_heating,45,2250.0,4500,2617.3809033149582,-9.284310340881348,4.3095057062302145,5.892180919647217,1.9708871444702085,2.673552332676644,2.932622082931848,72a2a4b1521d4397eba0d0aee056ccb859b5e8b9a8cc4a0fecb12e6c5c69ed87,hpc/results/round1-8-64/production/zrc64_T3000_v105_s17/jobs/zrc64_T3000_v105_s17/production/attempt-01/sampling/frames.extxyz,b4dccb6801af5c2276e8bda38746a4f6f66326b38d4a2344115b8b88f363d665,,unassigned,198,stratified_random,2026,0.013874846683192525
zrc64_T4500_v095_s17_f0150,zrc64_T4500_v095_s17,64,4500,0.95,17,development,zrc64_v095_s17_heating,150,7500.0,15000,4601.609983056869,-9.116072654724121,32.47467363610462,8.730295181274414,1.862000101171526,2.6526546237630138,2.7102314007843207,b621bef15b9f2fb8beb3cbd5458b14fb956a60dd255a535c71b1cc928aac176c,hpc/results/round1-8-64/production/zrc64_T4500_v095_s17/jobs/zrc64_T4500_v095_s17/production/attempt-01/sampling/frames.extxyz,65116dd3c23f7ea4f37d5e963453d34409098eb6bae1ff570fe77bb92b99e81a,,unassigned,199,stratified_random,2026,0.01575683622082702
zrc64_T6000_v105_s17_f0125,zrc64_T6000_v105_s17,64,6000,1.05,17,development,zrc64_v105_s17_heating,125,6250.0,12500,5988.085625074151,-8.09820556640625,27.5839540060451,16.279502868652344,1.8381319805548642,1.1760564131226359,2.4242443437476826,381fad88391a8043616a351c29dafc8c392b23d978cdfa7c3eb92b400e112e37,hpc/results/round1-8-64/production/zrc64_T6000_v105_s17/jobs/zrc64_T6000_v105_s17/production/attempt-01/sampling/frames.extxyz,ef738ec6f25e619a80c636ce84ec0302c99d26bcf9231bfb5a2f7e421275dfdc,,unassigned,200,stratified_random,2026,0.04074556855293377
