frame_id,job_id,atoms,target_temperature_K,volume_scale,md_seed,split,source_group,frame_index_zero_based,sampling_time_fs,step,temperature_K,MACE_energy_eV_atom,MACE_pressure_GPa,MACE_max_force_eV_A,min_ZrC_A,min_CC_A,min_ZrZr_A,geometry_sha256,source_path,source_sha256,duplicate_of,phase,rank,method,selection_seed,min_SOAP_distance_before_selection
zrc64_T1500_v100_s17_f0150,zrc64_T1500_v100_s17,64,1500,1.0,17,development,zrc64_v100_s17_heating,150,7500.0,15000,1396.8765829501676,-9.487099647521973,8.413150277481604,5.6270294189453125,1.9655164997378505,2.9585522158674733,2.985642594864974,1e7cc7c084ba3ad5d3dd075d42315abb374e38acb2ff147f83d91c3d0c5eea8a,hpc/results/round1-8-64/production/zrc64_T1500_v100_s17/jobs/zrc64_T1500_v100_s17/production/attempt-01/sampling/frames.extxyz,0b57a9d22d7e8c7db61735858cc30505ba173d07c1c4a6e396f17041a99b84e2,,unassigned,1,stratified_random,17,
zrc64_T1500_v095_s17_f0165,zrc64_T1500_v095_s17,64,1500,0.95,17,development,zrc64_v095_s17_heating,165,8250.0,16500,1390.4172158676547,-9.4808931350708,21.49124006767126,6.226426124572754,1.959749523584973,2.7997389046875503,3.014692127884501,9dc7ef8f13e9583eaf8cd1f8207ff907d48f598a49b25b6e8bd02abef0349935,hpc/results/round1-8-64/production/zrc64_T1500_v095_s17/jobs/zrc64_T1500_v095_s17/production/attempt-01/sampling/frames.extxyz,5b28004032b343dfef216429d4e0761a24384595070cb03a21afa3c444c24067,,unassigned,2,stratified_random,17,0.044245275057865685
zrc64_T1500_v105_s17_f0025,zrc64_T1500_v105_s17,64,1500,1.05,17,development,zrc64_v105_s17_heating,25,1250.0,2500,1779.313665828895,-9.509786605834961,-1.9173194923935661,4.16756010055542,2.086159327559622,3.001746378438657,3.029752831638968,573a5b38544c2d42f45291bb9ca5b8d73003ed9f3fad23163a01d6930641ff1f,hpc/results/round1-8-64/production/zrc64_T1500_v105_s17/jobs/zrc64_T1500_v105_s17/production/attempt-01/sampling/frames.extxyz,d28a4f0a705320a646044b919cebe9286d070451f48feede258cfdd61a8ba8f5,,unassigned,3,stratified_random,17,0.041868695438979246
zrc64_T5250_v100_s17_f0035,zrc64_T5250_v100_s17,64,5250,1.0,17,development,zrc64_v100_s17_heating,35,1750.0,3500,5534.727975539631,-8.55354118347168,30.806041955326805,16.640623092651367,1.7897417255447587,1.1554798942356623,2.4712023632343363,1be154e937f5860ed515c46443ea74e5d66837b1ddbde60719c3efdfd62f85e6,hpc/results/round1-8-64/production/zrc64_T5250_v100_s17/jobs/zrc64_T5250_v100_s17/production/attempt-01/sampling/frames.extxyz,c105336a4968370fe0edbeab8640489ed047806d76ff10421d0ca32fae09eea0,,unassigned,4,stratified_random,17,0.2093850060080063
zrc64_T6000_v100_s17_f0090,zrc64_T6000_v100_s17,64,6000,1.0,17,development,zrc64_v100_s17_heating,90,4500.0,9000,6476.924934131827,-8.058515548706055,36.063845289961144,9.450445175170898,1.8680134759081377,1.2995969525544313,2.0829803584099986,abe90c4bf79737de18a58928d38db130a9402363e5e1b11958a713b913548594,hpc/results/round1-8-64/production/zrc64_T6000_v100_s17/jobs/zrc64_T6000_v100_s17/production/attempt-01/sampling/frames.extxyz,41599cc730e48121c4bdac3bc09d76b684d95a277e129cddc8adb7f46e6d0946,,unassigned,5,stratified_random,17,0.12622815740135526
zrc64_T3000_v100_s17_f0115,zrc64_T3000_v100_s17,64,3000,1.0,17,development,zrc64_v100_s17_heating,115,5750.0,11500,2744.729888122578,-9.354021072387695,13.251704133247879,6.873846530914307,1.9524484496027164,2.8289513756643263,2.92560388420804,b0cc05c1cf07b01494b3c9c3e834ace98cf34ca586d73b889e95f3ddd961a793,hpc/results/round1-8-64/production/zrc64_T3000_v100_s17/jobs/zrc64_T3000_v100_s17/production/attempt-01/sampling/frames.extxyz,a4444c4024dfaef8af475d257202e4ec0c331a45e9426cd5c950944caa131eaa,,unassigned,6,stratified_random,17,0.025037411055050158
zrc64_T4500_v100_s17_f0155,zrc64_T4500_v100_s17,64,4500,1.0,17,development,zrc64_v100_s17_heating,155,7750.0,15500,3539.9253230621025,-8.971292495727539,22.26832844868162,13.23330020904541,1.8207442232028253,1.5046591896784796,2.71748278803044,61dbf9c31cb98dc0175b3199a0f1b38f1e0cdea41e93d29842dd2eea8dd66310,hpc/results/round1-8-64/production/zrc64_T4500_v100_s17/jobs/zrc64_T4500_v100_s17/production/attempt-01/sampling/frames.extxyz,b5f6ee0648c369753023d9323aabfe46cfd7612607cbea2ffbfb15a993519ff2,,unassigned,7,stratified_random,17,0.06315807296196513
zrc64_T6000_v105_s17_f0080,zrc64_T6000_v105_s17,64,6000,1.05,17,development,zrc64_v105_s17_heating,80,4000.0,8000,4924.270352643925,-7.990839958190918,25.017773723323987,8.439188003540039,1.9304881522032842,1.281478197267113,2.1271103391348047,4785fde21d26b3696de0645ad1ef88c19fdf8f7f0bf4124baefb377e28e7e726,hpc/results/round1-8-64/production/zrc64_T6000_v105_s17/jobs/zrc64_T6000_v105_s17/production/attempt-01/sampling/frames.extxyz,ef738ec6f25e619a80c636ce84ec0302c99d26bcf9231bfb5a2f7e421275dfdc,,unassigned,8,stratified_random,17,0.07465807641252621
zrc64_T3000_v105_s17_f0015,zrc64_T3000_v105_s17,64,3000,1.05,17,development,zrc64_v105_s17_heating,15,750.0,1500,2642.3021815215297,-9.319390296936035,4.338232294589298,12.33428955078125,1.756753998107188,2.738666873918988,2.9301974199612397,bc29069170f033e5e8717e580eca9a00499c13f385a83b5cc7becfe35500298f,hpc/results/round1-8-64/production/zrc64_T3000_v105_s17/jobs/zrc64_T3000_v105_s17/production/attempt-01/sampling/frames.extxyz,b4dccb6801af5c2276e8bda38746a4f6f66326b38d4a2344115b8b88f363d665,,unassigned,9,stratified_random,17,0.023672985052303395
zrc64_T6000_v095_s17_f0045,zrc64_T6000_v095_s17,64,6000,0.95,17,development,zrc64_v095_s17_heating,45,2250.0,4500,5830.685739983404,-7.951936721801758,41.78478034917038,7.563214302062988,1.8688120185103532,1.286011397906962,2.2910197911501085,e4ab3601de98f17f817f32801de91e9645d9af1aa86e2dbb923e9dc9aa923bc0,hpc/results/round1-8-64/production/zrc64_T6000_v095_s17/jobs/zrc64_T6000_v095_s17/production/attempt-01/sampling/frames.extxyz,ebfa194f0d83eb7ec3df31489d43cf1768b9a48d0c55db95d8af2f4e79e8302b,,unassigned,10,stratified_random,17,0.04825202495365871
zrc64_T3000_v095_s17_f0095,zrc64_T3000_v095_s17,64,3000,0.95,17,development,zrc64_v095_s17_heating,95,4750.0,9500,2968.0352458072807,-9.356588363647461,26.186911635519117,8.056807518005371,1.905527799546998,2.8041309276211424,2.8655265579103664,e4bfa68cfb5fa60d4d498e6519533544460dab6f249278b74ebf57727bdee2b2,hpc/results/round1-8-64/production/zrc64_T3000_v095_s17/jobs/zrc64_T3000_v095_s17/production/attempt-01/sampling/frames.extxyz,38d42f886936a7c5334dbee7f9fc2d38457e89614c905ba8d473d57ee3aee2bb,,unassigned,11,stratified_random,17,0.015471547716484626
zrc64_T0300_v095_s17_f0080,zrc64_T0300_v095_s17,64,300,0.95,17,development,zrc64_v095_s17_heating,80,4000.0,8000,303.48510019144925,-9.638790130615234,15.433926582336426,2.313049554824829,2.179999247079152,3.0473914803280424,3.1213234678455093,6ec8bc811e763cd03a599d2e3f420c79c724344085f50259fdc72a7a36704435,experiments/zrc_mace_round1/jobs/zrc64_T0300_v095_s17/production/attempt-01/sampling/frames.extxyz,29fc41d9fad7160ccd2375073663700da24320df162982d90ed67297d635bd7d,,unassigned,12,stratified_random,17,0.02518401634934362
zrc64_T0300_v100_s17_f0185,zrc64_T0300_v100_s17,64,300,1.0,17,development,zrc64_v100_s17_heating,185,9250.0,18500,284.830259365758,-9.673028945922852,1.5341198444366455,1.9146020412445068,2.190714709130772,3.0920063006544907,3.192172030834577,a3b59e1f5703dadfac69878d39df2776f1be89b725de07f69e4f3f1fe43e5608,experiments/zrc_mace_round1/jobs/zrc64_T0300_v100_s17/production/attempt-01/sampling/frames.extxyz,b0e19e781d665d4f92fb7606a1fa566d8357e4b8f1c5799a79f193aea3456c2f,,unassigned,13,stratified_random,17,0.03002158514302308
zrc64_T5250_v095_s17_f0085,zrc64_T5250_v095_s17,64,5250,0.95,17,development,zrc64_v095_s17_heating,85,4250.0,8500,5262.7030190685755,-8.496770858764648,42.85181142155808,12.178799629211426,1.7632431250538783,1.409441283812994,2.473058631216398,a5a1e667796f17795821b89a1483fed79723194a5ab1b4e6bec8afd16115a7d5,hpc/results/round1-8-64/production/zrc64_T5250_v095_s17/jobs/zrc64_T5250_v095_s17/production/attempt-01/sampling/frames.extxyz,7fdbc9fc59e3288da3c2fc653d1ed8709f0feeca8bf1573cf734a243a8eea755,,unassigned,14,stratified_random,17,0.07895506205001887
zrc64_T0300_v105_s17_f0130,zrc64_T0300_v105_s17,64,300,1.05,17,development,zrc64_v105_s17_heating,130,6500.0,13000,326.4957759332247,-9.656423568725586,-8.75463581085205,1.635500192642212,2.2220594325525296,3.2119768121505694,3.2511810582946836,984dfe6406bbae61a0e1aa6b7a4fde994c5273b3a20cfbd0120b2dc3797483fb,experiments/zrc_mace_round1/jobs/zrc64_T0300_v105_s17/production/attempt-01/sampling/frames.extxyz,2e6224250d01b866f883442edea3e0ecd17b582eb99446eca08ba48b95249e08,,unassigned,15,stratified_random,17,0.03139891790437911
zrc64_T5250_v105_s17_f0125,zrc64_T5250_v105_s17,64,5250,1.05,17,development,zrc64_v105_s17_heating,125,6250.0,12500,4878.006704166793,-8.151901245117188,26.657158545520694,9.341036796569824,1.8240144806343397,1.2523631157936341,2.1881311860626296,088ae9040cf36ebb117957107948abeecf86a15948164d03085889dd0f061378,hpc/results/round1-8-64/production/zrc64_T5250_v105_s17/jobs/zrc64_T5250_v105_s17/production/attempt-01/sampling/frames.extxyz,98513e4ef98528a1f91bcd1e3ab3c9da409ecdb19122d0f4eb5d882dd43afa8e,,unassigned,16,stratified_random,17,0.058101573611259054
zrc64_T4500_v095_s17_f0020,zrc64_T4500_v095_s17,64,4500,0.95,17,development,zrc64_v095_s17_heating,20,1000.0,2000,4602.701837833053,-9.016511917114258,36.843436249375465,7.994457244873047,1.8952346636530877,1.5210445470882965,2.7496419937762457,02d12b6451dfd8134e204f37a6db6bd144300d467bf8114b573c28d2514e5bed,hpc/results/round1-8-64/production/zrc64_T4500_v095_s17/jobs/zrc64_T4500_v095_s17/production/attempt-01/sampling/frames.extxyz,65116dd3c23f7ea4f37d5e963453d34409098eb6bae1ff570fe77bb92b99e81a,,unassigned,17,stratified_random,17,0.0465908407397129
zrc64_T4500_v105_s17_f0150,zrc64_T4500_v105_s17,64,4500,1.05,17,development,zrc64_v105_s17_heating,150,7500.0,15000,4627.8718461958615,-9.039688110351562,12.392536377995487,8.178605079650879,1.8896196930746618,1.431920932639284,2.670014998910545,f3369d4d7fcdd2b338b40ef6392725e886e8659725527b635348297119f48f43,hpc/results/round1-8-64/production/zrc64_T4500_v105_s17/jobs/zrc64_T4500_v105_s17/production/attempt-01/sampling/frames.extxyz,05e37e3688bdce1195b166c3cdb4e0b2767bce96dc36f5029349686ffc9fba78,,unassigned,18,stratified_random,17,0.047910324841627765
zrc64_T3000_v100_s17_f0010,zrc64_T3000_v100_s17,64,3000,1.0,17,development,zrc64_v100_s17_heating,10,500.0,1000,2766.3430685603607,-9.352869987487793,13.507846882570417,6.214907646179199,1.9705584529837727,2.7910214911667155,2.8847219422463946,912ca9172841227810a6f99f84d4d029a05677a66456d4f086e3599ee08d98dd,hpc/results/round1-8-64/production/zrc64_T3000_v100_s17/jobs/zrc64_T3000_v100_s17/production/attempt-01/sampling/frames.extxyz,a4444c4024dfaef8af475d257202e4ec0c331a45e9426cd5c950944caa131eaa,,unassigned,19,stratified_random,17,0.009187182476067443
zrc64_T5250_v095_s17_f0005,zrc64_T5250_v095_s17,64,5250,0.95,17,development,zrc64_v095_s17_heating,5,250.0,500,5005.610208155807,-9.01108169555664,35.64890830482544,9.186406135559082,1.9224603507796325,2.4207938327133554,2.709583798121735,4eee0ff43ca976af47e96fc8957431fba228709d2ca04eaca7f4070b4e12f983,hpc/results/round1-8-64/production/zrc64_T5250_v095_s17/jobs/zrc64_T5250_v095_s17/production/attempt-01/sampling/frames.extxyz,7fdbc9fc59e3288da3c2fc653d1ed8709f0feeca8bf1573cf734a243a8eea755,,unassigned,20,stratified_random,17,0.040695734166322016
zrc64_T0300_v105_s17_f0120,zrc64_T0300_v105_s17,64,300,1.05,17,development,zrc64_v105_s17_heating,120,6000.0,12000,284.56704437597756,-9.652430534362793,-8.541217803955078,2.218571901321411,2.1434873896315607,3.2085307174303592,3.185642307863874,3e8d9cb36d10683200c2ac4e177e3999d090bd44ab61700c9b29464f7293f5c6,experiments/zrc_mace_round1/jobs/zrc64_T0300_v105_s17/production/attempt-01/sampling/frames.extxyz,2e6224250d01b866f883442edea3e0ecd17b582eb99446eca08ba48b95249e08,,unassigned,21,stratified_random,17,0.003923060003110276
zrc64_T4500_v105_s17_f0055,zrc64_T4500_v105_s17,64,4500,1.05,17,development,zrc64_v105_s17_heating,55,2750.0,5500,4198.970847170935,-9.04671573638916,12.411801973325073,9.35821533203125,1.897424219063624,1.3472885970032857,2.8006798216693203,1a44a38f4b65987dee54c2d798c1056b2f3f1d0ce13652e99141d63aab974671,hpc/results/round1-8-64/production/zrc64_T4500_v105_s17/jobs/zrc64_T4500_v105_s17/production/attempt-01/sampling/frames.extxyz,05e37e3688bdce1195b166c3cdb4e0b2767bce96dc36f5029349686ffc9fba78,,unassigned,22,stratified_random,17,0.03273474499669874
zrc64_T1500_v100_s17_f0070,zrc64_T1500_v100_s17,64,1500,1.0,17,development,zrc64_v100_s17_heating,70,3500.0,7000,1367.1660248745325,-9.505810737609863,7.7264155429519565,6.5195112228393555,2.0683069863631665,3.0219314704532065,2.9780973279101457,3c3957ecf142800c5ba545a911f5fa837e93c860eec83b850211b313dfb58bcb,hpc/results/round1-8-64/production/zrc64_T1500_v100_s17/jobs/zrc64_T1500_v100_s17/production/attempt-01/sampling/frames.extxyz,0b57a9d22d7e8c7db61735858cc30505ba173d07c1c4a6e396f17041a99b84e2,,unassigned,23,stratified_random,17,0.008995171463407954
zrc64_T0300_v095_s17_f0120,zrc64_T0300_v095_s17,64,300,0.95,17,development,zrc64_v095_s17_heating,120,6000.0,12000,251.07262474730192,-9.650137901306152,15.125157356262207,2.2200207710266113,2.154416423119999,3.1179244517050737,3.1580110335134686,891ea4c65d3499ce244a00b074ad7afd85d07f202efa7fff03a398b94d01565b,experiments/zrc_mace_round1/jobs/zrc64_T0300_v095_s17/production/attempt-01/sampling/frames.extxyz,29fc41d9fad7160ccd2375073663700da24320df162982d90ed67297d635bd7d,,unassigned,24,stratified_random,17,0.0033667273460240513
zrc64_T6000_v105_s17_f0030,zrc64_T6000_v105_s17,64,6000,1.05,17,development,zrc64_v105_s17_heating,30,1500.0,3000,5161.045589325256,-8.094968795776367,27.70954102965151,9.068254470825195,1.8537598376023867,1.3212358360295293,2.098315439959891,fa5cf097d1ca9ac426b15fdcd0847a199dc2329e33117c5818fced830ad8052d,hpc/results/round1-8-64/production/zrc64_T6000_v105_s17/jobs/zrc64_T6000_v105_s17/production/attempt-01/sampling/frames.extxyz,ef738ec6f25e619a80c636ce84ec0302c99d26bcf9231bfb5a2f7e421275dfdc,,unassigned,25,stratified_random,17,0.0471924439124386
zrc64_T5250_v105_s17_f0020,zrc64_T5250_v105_s17,64,5250,1.05,17,development,zrc64_v105_s17_heating,20,1000.0,2000,4491.058043651241,-8.219332695007324,23.175329623846977,16.566024780273438,1.6749507562549266,1.3146802165725067,2.451415004507012,361144f9e56b3bd03d9324205c6d6adb48acf4f18a720fa70219252d4fa985d1,hpc/results/round1-8-64/production/zrc64_T5250_v105_s17/jobs/zrc64_T5250_v105_s17/production/attempt-01/sampling/frames.extxyz,98513e4ef98528a1f91bcd1e3ab3c9da409ecdb19122d0f4eb5d882dd43afa8e,,unassigned,26,stratified_random,17,0.05294800676797377
zrc64_T6000_v100_s17_f0145,zrc64_T6000_v100_s17,64,6000,1.0,17,development,zrc64_v100_s17_heating,145,7250.0,14500,5985.892049317229,-8.059833526611328,30.301872390875303,9.106886863708496,1.8375356126982292,1.2624666618268516,2.3627313657369635,9e864abb341d6d6e3f0406b06cf07c5003c016b71b3eb308753e7c20164b85c1,hpc/results/round1-8-64/production/zrc64_T6000_v100_s17/jobs/zrc64_T6000_v100_s17/production/attempt-01/sampling/frames.extxyz,41599cc730e48121c4bdac3bc09d76b684d95a277e129cddc8adb7f46e6d0946,,unassigned,27,stratified_random,17,0.04659217317547423
zrc64_T0300_v100_s17_f0200,zrc64_T0300_v100_s17,64,300,1.0,17,development,zrc64_v100_s17_heating,200,10000.0,20000,283.1668734880214,-9.670722007751465,1.711186170578003,2.312880277633667,2.1887742345267456,3.115876978067484,3.1866861739560863,0ae4b0d9d2ec41e1535a7bda52ded254d9e96a864a1544a824640dbed18a239c,experiments/zrc_mace_round1/jobs/zrc64_T0300_v100_s17/production/attempt-01/sampling/frames.extxyz,b0e19e781d665d4f92fb7606a1fa566d8357e4b8f1c5799a79f193aea3456c2f,,unassigned,28,stratified_random,17,0.0026732708202720254
zrc64_T3000_v105_s17_f0140,zrc64_T3000_v105_s17,64,3000,1.05,17,development,zrc64_v105_s17_heating,140,7000.0,14000,3153.018604141161,-9.229361534118652,7.178188549523015,7.2308573722839355,1.867887093894972,2.6945503284497345,2.7806844817834437,9c769bc38eae40718f241b68e4bce5a8620571ad8b8ea85650124498e31816a0,hpc/results/round1-8-64/production/zrc64_T3000_v105_s17/jobs/zrc64_T3000_v105_s17/production/attempt-01/sampling/frames.extxyz,b4dccb6801af5c2276e8bda38746a4f6f66326b38d4a2344115b8b88f363d665,,unassigned,29,stratified_random,17,0.023863927338730172
zrc64_T1500_v105_s17_f0165,zrc64_T1500_v105_s17,64,1500,1.05,17,development,zrc64_v105_s17_heating,165,8250.0,16500,1448.0401044735179,-9.492069244384766,-2.3459870070981714,5.104068279266357,1.999644221138142,2.983521819819488,3.0887269080318798,bdd2ff9007cddaec17bc9d23a7e58abbdd40f3945d7176cde0bd9625587bad36,hpc/results/round1-8-64/production/zrc64_T1500_v105_s17/jobs/zrc64_T1500_v105_s17/production/attempt-01/sampling/frames.extxyz,d28a4f0a705320a646044b919cebe9286d070451f48feede258cfdd61a8ba8f5,,unassigned,30,stratified_random,17,0.007131109685859221
zrc64_T5250_v100_s17_f0090,zrc64_T5250_v100_s17,64,5250,1.0,17,development,zrc64_v100_s17_heating,90,4500.0,9000,4859.508421878003,-8.079630851745605,34.4179026333627,9.930135726928711,1.8041759170981777,1.2994043701750655,2.1401969229215267,473fb41b96e8d55654bde6d15cf4567b9d92a4299bd277a2d7683ab326774a3c,hpc/results/round1-8-64/production/zrc64_T5250_v100_s17/jobs/zrc64_T5250_v100_s17/production/attempt-01/sampling/frames.extxyz,c105336a4968370fe0edbeab8640489ed047806d76ff10421d0ca32fae09eea0,,unassigned,31,stratified_random,17,0.03586017649423874
zrc64_T3000_v095_s17_f0010,zrc64_T3000_v095_s17,64,3000,0.95,17,development,zrc64_v095_s17_heating,10,500.0,1000,2882.867948022389,-9.419405937194824,24.71854055064326,6.837841987609863,1.9707098352428023,2.85709758869468,2.9347769715531364,363aabbc4404082c00dac93c5f7f25a7a7d1a6b2dcdbb91e7d9936e5d242d403,hpc/results/round1-8-64/production/zrc64_T3000_v095_s17/jobs/zrc64_T3000_v095_s17/production/attempt-01/sampling/frames.extxyz,38d42f886936a7c5334dbee7f9fc2d38457e89614c905ba8d473d57ee3aee2bb,,unassigned,32,stratified_random,17,0.008629391086079184
zrc64_T6000_v095_s17_f0130,zrc64_T6000_v095_s17,64,6000,0.95,17,development,zrc64_v095_s17_heating,130,6500.0,13000,6462.712544559652,-8.076868057250977,42.04256700894452,15.606679916381836,1.9408304546531252,1.1826036277689065,2.1913978253271615,ea8299f6e1cbeec5a94bcbbcf57453991c926ee1aea2b1e3fe2ffe2a7a9104cb,hpc/results/round1-8-64/production/zrc64_T6000_v095_s17/jobs/zrc64_T6000_v095_s17/production/attempt-01/sampling/frames.extxyz,ebfa194f0d83eb7ec3df31489d43cf1768b9a48d0c55db95d8af2f4e79e8302b,,unassigned,33,stratified_random,17,0.04646051405454325
zrc64_T4500_v095_s17_f0120,zrc64_T4500_v095_s17,64,4500,0.95,17,development,zrc64_v095_s17_heating,120,6000.0,12000,5059.085539749885,-9.080459594726562,34.9954125390566,12.627500534057617,1.7799061418249975,2.5790178257534704,2.7559042939436136,48ba6a7ba4345efbdaeb03ae7120f2b5f55cb31c6955e4c877df8bd1e6754de2,hpc/results/round1-8-64/production/zrc64_T4500_v095_s17/jobs/zrc64_T4500_v095_s17/production/attempt-01/sampling/frames.extxyz,65116dd3c23f7ea4f37d5e963453d34409098eb6bae1ff570fe77bb92b99e81a,,unassigned,34,stratified_random,17,0.018244259854381363
zrc64_T1500_v095_s17_f0145,zrc64_T1500_v095_s17,64,1500,0.95,17,development,zrc64_v095_s17_heating,145,7250.0,14500,1343.5410608878478,-9.455415725708008,22.539977181813835,5.922335147857666,1.9732366948512927,2.857838999605823,2.9449405098315697,846323742ce2dacc72cc42da5af61401980c8948ee3f5ce54b984dc84cf532af,hpc/results/round1-8-64/production/zrc64_T1500_v095_s17/jobs/zrc64_T1500_v095_s17/production/attempt-01/sampling/frames.extxyz,5b28004032b343dfef216429d4e0761a24384595070cb03a21afa3c444c24067,,unassigned,35,stratified_random,17,0.00816649200043425
zrc64_T4500_v100_s17_f0125,zrc64_T4500_v100_s17,64,4500,1.0,17,development,zrc64_v100_s17_heating,125,6250.0,12500,5253.560437062604,-9.02923583984375,25.057477962465317,9.017799377441406,1.8213533608090615,1.338308064868632,2.7573040900111145,aab014613e8b7c32cf276a3cba4d5c63dbb2a9d602fbbec5404a06cbb68d58fe,hpc/results/round1-8-64/production/zrc64_T4500_v100_s17/jobs/zrc64_T4500_v100_s17/production/attempt-01/sampling/frames.extxyz,b5f6ee0648c369753023d9323aabfe46cfd7612607cbea2ffbfb15a993519ff2,,unassigned,36,stratified_random,17,0.024074053688421793
zrc64_T1500_v100_s17_f0105,zrc64_T1500_v100_s17,64,1500,1.0,17,development,zrc64_v100_s17_heating,105,5250.0,10500,1411.6885872125267,-9.538541793823242,6.060408306066146,5.596628189086914,2.024615066443736,2.961790458056848,2.9665725649871098,fb9df4ee9f840fcb2ff0ea1c237433cd1593e9d534a0c1619c491f67fa45bbac,hpc/results/round1-8-64/production/zrc64_T1500_v100_s17/jobs/zrc64_T1500_v100_s17/production/attempt-01/sampling/frames.extxyz,0b57a9d22d7e8c7db61735858cc30505ba173d07c1c4a6e396f17041a99b84e2,,unassigned,37,stratified_random,17,0.01085952117370958
zrc64_T3000_v100_s17_f0005,zrc64_T3000_v100_s17,64,3000,1.0,17,development,zrc64_v100_s17_heating,5,250.0,500,2636.2055555065317,-9.40900707244873,11.854196546220996,6.000676155090332,1.9850129311932385,2.748015808404135,2.9821369729698097,ce3a0a074a2838a4c3ef5746e9572071e82757e0e2c0c02feca1857e086d39c0,hpc/results/round1-8-64/production/zrc64_T3000_v100_s17/jobs/zrc64_T3000_v100_s17/production/attempt-01/sampling/frames.extxyz,a4444c4024dfaef8af475d257202e4ec0c331a45e9426cd5c950944caa131eaa,,unassigned,38,stratified_random,17,0.013496137273259521
zrc64_T4500_v105_s17_f0140,zrc64_T4500_v105_s17,64,4500,1.05,17,development,zrc64_v105_s17_heating,140,7000.0,14000,4488.692230400601,-8.86023235321045,17.45954040639297,12.95911979675293,1.7680449690203786,1.2458698048988341,2.5537634497040695,2ea1608d2ddac8af89f6d0bf58ed534252c8d834eac291d1b436e834bb995f81,hpc/results/round1-8-64/production/zrc64_T4500_v105_s17/jobs/zrc64_T4500_v105_s17/production/attempt-01/sampling/frames.extxyz,05e37e3688bdce1195b166c3cdb4e0b2767bce96dc36f5029349686ffc9fba78,,unassigned,39,stratified_random,17,0.030760493676155104
zrc64_T5250_v100_s17_f0040,zrc64_T5250_v100_s17,64,5250,1.0,17,development,zrc64_v100_s17_heating,40,2000.0,4000,5499.333482321342,-8.307047843933105,36.9931049620777,10.022783279418945,1.762346432145496,1.2533430339913674,2.3349568519727457,f88f5d0dee4dd5251c3357c8928f8fda699d4d9c2d7808dd1dc38b9702472d12,hpc/results/round1-8-64/production/zrc64_T5250_v100_s17/jobs/zrc64_T5250_v100_s17/production/attempt-01/sampling/frames.extxyz,c105336a4968370fe0edbeab8640489ed047806d76ff10421d0ca32fae09eea0,,unassigned,40,stratified_random,17,0.041078176170087785
zrc64_T3000_v105_s17_f0100,zrc64_T3000_v105_s17,64,3000,1.05,17,development,zrc64_v105_s17_heating,100,5000.0,10000,2840.0683339190664,-9.318943977355957,4.441626737189611,7.092837333679199,1.8949894196554904,2.8665943234123983,2.797758072435054,2b48ad2a51066b62e8f157ce95cd176aecba509bfb6bd307ae1a9402a0a956ae,hpc/results/round1-8-64/production/zrc64_T3000_v105_s17/jobs/zrc64_T3000_v105_s17/production/attempt-01/sampling/frames.extxyz,b4dccb6801af5c2276e8bda38746a4f6f66326b38d4a2344115b8b88f363d665,,unassigned,41,stratified_random,17,0.012103983334815879
zrc64_T3000_v095_s17_f0045,zrc64_T3000_v095_s17,64,3000,0.95,17,development,zrc64_v095_s17_heating,45,2250.0,4500,3133.8762455803503,-9.341115951538086,27.267313831167172,7.631462097167969,1.8925099884377428,2.6713149529299347,2.9128800075422387,b6f3153f8c31b7eb4e0b83fce184127854141c3913da60a5a5719ee8fd182940,hpc/results/round1-8-64/production/zrc64_T3000_v095_s17/jobs/zrc64_T3000_v095_s17/production/attempt-01/sampling/frames.extxyz,38d42f886936a7c5334dbee7f9fc2d38457e89614c905ba8d473d57ee3aee2bb,,unassigned,42,stratified_random,17,0.009490130755809774
zrc64_T6000_v100_s17_f0120,zrc64_T6000_v100_s17,64,6000,1.0,17,development,zrc64_v100_s17_heating,120,6000.0,12000,6583.779135569942,-8.078822135925293,35.02958153487951,10.727859497070312,1.75066254231092,1.3141803992572452,2.20824768580454,7f2b80af7d624ea4c9b277628100e35fb32ffa5e27fb66745b65d72dbc065828,hpc/results/round1-8-64/production/zrc64_T6000_v100_s17/jobs/zrc64_T6000_v100_s17/production/attempt-01/sampling/frames.extxyz,41599cc730e48121c4bdac3bc09d76b684d95a277e129cddc8adb7f46e6d0946,,unassigned,43,stratified_random,17,0.05443651546364416
zrc64_T4500_v095_s17_f0100,zrc64_T4500_v095_s17,64,4500,0.95,17,development,zrc64_v095_s17_heating,100,5000.0,10000,4583.064458514418,-8.97697639465332,36.52862635531772,9.278718948364258,1.8250517139889186,1.7830069260532981,2.7075179606589397,f040cc79885061a9a359b91403683883e59f79e69bd93d792c923965e4be2456,hpc/results/round1-8-64/production/zrc64_T4500_v095_s17/jobs/zrc64_T4500_v095_s17/production/attempt-01/sampling/frames.extxyz,65116dd3c23f7ea4f37d5e963453d34409098eb6bae1ff570fe77bb92b99e81a,,unassigned,44,stratified_random,17,0.02589706145986649
zrc64_T5250_v095_s17_f0090,zrc64_T5250_v095_s17,64,5250,0.95,17,development,zrc64_v095_s17_heating,90,4500.0,9000,5455.417425979947,-8.557109832763672,44.72000564715111,11.660148620605469,1.7773841433080104,1.4282565166851213,2.415358686185799,24314edc155e7d827d2238f216946e95684c1aff2ec044f32fa268ccb4b45db4,hpc/results/round1-8-64/production/zrc64_T5250_v095_s17/jobs/zrc64_T5250_v095_s17/production/attempt-01/sampling/frames.extxyz,7fdbc9fc59e3288da3c2fc653d1ed8709f0feeca8bf1573cf734a243a8eea755,,unassigned,45,stratified_random,17,0.035029112636418294
zrc64_T1500_v105_s17_f0110,zrc64_T1500_v105_s17,64,1500,1.05,17,development,zrc64_v105_s17_heating,110,5500.0,11000,1651.3703724133616,-9.490832328796387,-1.3512186310074272,5.403007507324219,1.9878650171826038,2.9576188083193684,2.904097839977095,90d6c3e0af59b8d5cbfb384eb13f449a047847492df0e8e8dd4b0e324156e727,hpc/results/round1-8-64/production/zrc64_T1500_v105_s17/jobs/zrc64_T1500_v105_s17/production/attempt-01/sampling/frames.extxyz,d28a4f0a705320a646044b919cebe9286d070451f48feede258cfdd61a8ba8f5,,unassigned,46,stratified_random,17,0.006863204478016254
zrc64_T0300_v100_s17_f0030,zrc64_T0300_v100_s17,64,300,1.0,17,development,zrc64_v100_s17_heating,30,1500.0,3000,262.8661508762857,-9.668625831604004,1.569455862045288,1.9242233037948608,2.2111098684765165,3.117575494797301,3.1745469132370268,60a23af0f65e89da4db9285c0d272e22d3a3a0d1933ea07026805019d2f1d85b,experiments/zrc_mace_round1/jobs/zrc64_T0300_v100_s17/production/attempt-01/sampling/frames.extxyz,b0e19e781d665d4f92fb7606a1fa566d8357e4b8f1c5799a79f193aea3456c2f,,unassigned,47,stratified_random,17,0.00271108548890043
zrc64_T6000_v105_s17_f0100,zrc64_T6000_v105_s17,64,6000,1.05,17,development,zrc64_v105_s17_heating,100,5000.0,10000,6107.533779316226,-7.983959197998047,30.077230867427744,10.822173118591309,1.8209356928198481,1.2546988495286386,2.103999109595184,16acd4959f0741aefddc84fc125c705e6d8e8dde896f99fbe8be7cd64f02b723,hpc/results/round1-8-64/production/zrc64_T6000_v105_s17/jobs/zrc64_T6000_v105_s17/production/attempt-01/sampling/frames.extxyz,ef738ec6f25e619a80c636ce84ec0302c99d26bcf9231bfb5a2f7e421275dfdc,,unassigned,48,stratified_random,17,0.048193695585062375
zrc64_T5250_v105_s17_f0150,zrc64_T5250_v105_s17,64,5250,1.05,17,development,zrc64_v105_s17_heating,150,7500.0,15000,5766.787321133504,-8.264877319335938,22.430896112007783,13.564929008483887,1.803262989299863,1.1691139834144744,2.372950645432047,6fbef3b84e3b1b7fcee1c9a2fcec777412d24ac95ed4f820e52a51db177dfd39,hpc/results/round1-8-64/production/zrc64_T5250_v105_s17/jobs/zrc64_T5250_v105_s17/production/attempt-01/sampling/frames.extxyz,98513e4ef98528a1f91bcd1e3ab3c9da409ecdb19122d0f4eb5d882dd43afa8e,,unassigned,49,stratified_random,17,0.04644980661784945
zrc64_T0300_v105_s17_f0190,zrc64_T0300_v105_s17,64,300,1.05,17,development,zrc64_v105_s17_heating,190,9500.0,19000,282.5895820794224,-9.65131664276123,-8.600611686706543,1.68892240524292,2.23291776930084,3.216521511415883,3.219444935129903,77a439bf43cfe96dda9fd5ddaf45113e2c59685cae151fde0c63d921ff2a0b21,experiments/zrc_mace_round1/jobs/zrc64_T0300_v105_s17/production/attempt-01/sampling/frames.extxyz,2e6224250d01b866f883442edea3e0ecd17b582eb99446eca08ba48b95249e08,,unassigned,50,stratified_random,17,0.002949766796303411
zrc64_T0300_v095_s17_f0045,zrc64_T0300_v095_s17,64,300,0.95,17,development,zrc64_v095_s17_heating,45,2250.0,4500,246.8899649396874,-9.648144721984863,15.03787612915039,2.4666635990142822,2.1706303778954146,3.1180844500409157,3.0733484061825083,407d302765abbb864c679c3a4aeafbb21aa58b421c4e79914b2d246cc9274e39,experiments/zrc_mace_round1/jobs/zrc64_T0300_v095_s17/production/attempt-01/sampling/frames.extxyz,29fc41d9fad7160ccd2375073663700da24320df162982d90ed67297d635bd7d,,unassigned,51,stratified_random,17,0.002782340588898066
zrc64_T6000_v095_s17_f0165,zrc64_T6000_v095_s17,64,6000,0.95,17,development,zrc64_v095_s17_heating,165,8250.0,16500,5384.320299314856,-8.10009765625,39.69667986629389,8.907591819763184,1.8850740095374883,1.2623467591094837,2.356773809573881,1dc50ea41fc380e32aac4f1d7bf4fcf3fe1ab3de75830030bf09d370e0d68d0d,hpc/results/round1-8-64/production/zrc64_T6000_v095_s17/jobs/zrc64_T6000_v095_s17/production/attempt-01/sampling/frames.extxyz,ebfa194f0d83eb7ec3df31489d43cf1768b9a48d0c55db95d8af2f4e79e8302b,,unassigned,52,stratified_random,17,0.0423972144378857
zrc64_T4500_v100_s17_f0070,zrc64_T4500_v100_s17,64,4500,1.0,17,development,zrc64_v100_s17_heating,70,3500.0,7000,4813.684210692699,-9.019351959228516,24.541854714384137,8.821576118469238,1.8360312481572534,1.235729030143459,2.531700325251999,72926b3d6f7707f3e43dcece77391e9c194580000b3eb0d18f134724abafd47d,hpc/results/round1-8-64/production/zrc64_T4500_v100_s17/jobs/zrc64_T4500_v100_s17/production/attempt-01/sampling/frames.extxyz,b5f6ee0648c369753023d9323aabfe46cfd7612607cbea2ffbfb15a993519ff2,,unassigned,53,stratified_random,17,0.020796615475027605
zrc64_T1500_v095_s17_f0075,zrc64_T1500_v095_s17,64,1500,0.95,17,development,zrc64_v095_s17_heating,75,3750.0,7500,1534.6825113544633,-9.514616966247559,20.80587311478135,4.59605598449707,2.030618437858068,2.854322266815853,3.015885886612958,bb7621cfee6eceafb0e66a8bb53e7cc77bd93991d5d4a51b391218fcc819322d,hpc/results/round1-8-64/production/zrc64_T1500_v095_s17/jobs/zrc64_T1500_v095_s17/production/attempt-01/sampling/frames.extxyz,5b28004032b343dfef216429d4e0761a24384595070cb03a21afa3c444c24067,,unassigned,54,stratified_random,17,0.007444536198535215
zrc64_T5250_v095_s17_f0170,zrc64_T5250_v095_s17,64,5250,0.95,17,development,zrc64_v095_s17_heating,170,8500.0,17000,6003.731198531082,-8.349084854125977,40.77761682927668,10.924280166625977,1.9402487391163403,1.2334892760173088,2.533971142461676,260cf502d33232b636e55ae290fa0939bd62024f234bfbe514b8345b39253bf2,hpc/results/round1-8-64/production/zrc64_T5250_v095_s17/jobs/zrc64_T5250_v095_s17/production/attempt-01/sampling/frames.extxyz,7fdbc9fc59e3288da3c2fc653d1ed8709f0feeca8bf1573cf734a243a8eea755,,unassigned,55,stratified_random,17,0.06259821691666384
zrc64_T6000_v095_s17_f0040,zrc64_T6000_v095_s17,64,6000,0.95,17,development,zrc64_v095_s17_heating,40,2000.0,4000,6310.795731794814,-7.9593963623046875,47.40803511156502,12.114991188049316,1.74584250976959,1.2339131670245698,2.1730407651924177,bf7fd920511ab5c3706c4773c140bc371c42194e3b9d5853c253eef873ba17dd,hpc/results/round1-8-64/production/zrc64_T6000_v095_s17/jobs/zrc64_T6000_v095_s17/production/attempt-01/sampling/frames.extxyz,ebfa194f0d83eb7ec3df31489d43cf1768b9a48d0c55db95d8af2f4e79e8302b,,unassigned,56,stratified_random,17,0.050790095082740704
zrc64_T0300_v105_s17_f0045,zrc64_T0300_v105_s17,64,300,1.05,17,development,zrc64_v105_s17_heating,45,2250.0,4500,253.02512414057094,-9.652432441711426,-8.847624778747559,1.8871418237686157,2.2173441684131454,3.1359803722392625,3.2039210495161985,6a87633e55612469687a00bfdaf36351d2ebbbc17cf0c0b49f98c24d7e8ed2ae,experiments/zrc_mace_round1/jobs/zrc64_T0300_v105_s17/production/attempt-01/sampling/frames.extxyz,2e6224250d01b866f883442edea3e0ecd17b582eb99446eca08ba48b95249e08,,unassigned,57,stratified_random,17,0.0037155390693222566
zrc64_T1500_v100_s17_f0065,zrc64_T1500_v100_s17,64,1500,1.0,17,development,zrc64_v100_s17_heating,65,3250.0,6500,1847.7266292181412,-9.531820297241211,7.056634475462846,4.773317813873291,2.1102631766561557,2.928785312548434,2.9552072098403452,63378af2fd70bea72d206ff48954a593d0f0433bd56846268f920cda26c5f6ec,hpc/results/round1-8-64/production/zrc64_T1500_v100_s17/jobs/zrc64_T1500_v100_s17/production/attempt-01/sampling/frames.extxyz,0b57a9d22d7e8c7db61735858cc30505ba173d07c1c4a6e396f17041a99b84e2,,unassigned,58,stratified_random,17,0.007473646312471137
zrc64_T0300_v100_s17_f0130,zrc64_T0300_v100_s17,64,300,1.0,17,development,zrc64_v100_s17_heating,130,6500.0,13000,288.31610270710803,-9.67668628692627,1.4982224702835083,1.565165638923645,2.209740062454332,3.177471841694211,3.1593824473468555,59e21c3117dfdee9ed761294f220dc1ddd67277265bc27d3b31d208f2be41bc9,experiments/zrc_mace_round1/jobs/zrc64_T0300_v100_s17/production/attempt-01/sampling/frames.extxyz,b0e19e781d665d4f92fb7606a1fa566d8357e4b8f1c5799a79f193aea3456c2f,,unassigned,59,stratified_random,17,0.0038239445060941186
zrc64_T4500_v105_s17_f0180,zrc64_T4500_v105_s17,64,4500,1.05,17,development,zrc64_v105_s17_heating,180,9000.0,18000,4466.121959942943,-9.030107498168945,13.775412691346002,10.126898765563965,1.85016938101049,1.2170845666624144,2.8365362530256504,160bd48995306ecd22c00a3ba76d3427a8c6343aa2a4fa74c6c1e55a8367de10,hpc/results/round1-8-64/production/zrc64_T4500_v105_s17/jobs/zrc64_T4500_v105_s17/production/attempt-01/sampling/frames.extxyz,05e37e3688bdce1195b166c3cdb4e0b2767bce96dc36f5029349686ffc9fba78,,unassigned,60,stratified_random,17,0.02591721788277285
zrc64_T1500_v095_s17_f0050,zrc64_T1500_v095_s17,64,1500,0.95,17,development,zrc64_v095_s17_heating,50,2500.0,5000,1639.4379326558314,-9.494342803955078,20.298332696125943,4.768881797790527,2.0519296023513824,2.866817971154622,2.98405333111912,c848e7264cfbd5fccc0c3d0f2c3f1e40cf49e946068dada28e9490ba06130b45,hpc/results/round1-8-64/production/zrc64_T1500_v095_s17/jobs/zrc64_T1500_v095_s17/production/attempt-01/sampling/frames.extxyz,5b28004032b343dfef216429d4e0761a24384595070cb03a21afa3c444c24067,,unassigned,61,stratified_random,17,0.005971323500130833
zrc64_T5250_v105_s17_f0075,zrc64_T5250_v105_s17,64,5250,1.05,17,development,zrc64_v105_s17_heating,75,3750.0,7500,5144.207098430176,-8.342785835266113,23.176627054680907,9.528843879699707,1.7599438793448163,1.3241215342903545,2.4261312823210437,4c8b91e85b8e88398844d57b4bdcf8782b125cecf2647b686475f8c0e3aaa4e5,hpc/results/round1-8-64/production/zrc64_T5250_v105_s17/jobs/zrc64_T5250_v105_s17/production/attempt-01/sampling/frames.extxyz,98513e4ef98528a1f91bcd1e3ab3c9da409ecdb19122d0f4eb5d882dd43afa8e,,unassigned,62,stratified_random,17,0.05641821669814264
zrc64_T6000_v100_s17_f0175,zrc64_T6000_v100_s17,64,6000,1.0,17,development,zrc64_v100_s17_heating,175,8750.0,17500,5065.132418482056,-8.162033081054688,32.608030424592855,10.196517944335938,1.805267704787085,1.2569325568532894,2.2241972412289934,f81655f254fc55b2e21bab604b4b08b9447de630f60db5a0372f675adc89e4ac,hpc/results/round1-8-64/production/zrc64_T6000_v100_s17/jobs/zrc64_T6000_v100_s17/production/attempt-01/sampling/frames.extxyz,41599cc730e48121c4bdac3bc09d76b684d95a277e129cddc8adb7f46e6d0946,,unassigned,63,stratified_random,17,0.03646060257691542
zrc64_T0300_v095_s17_f0200,zrc64_T0300_v095_s17,64,300,0.95,17,development,zrc64_v095_s17_heating,200,10000.0,20000,330.8456256756383,-9.648504257202148,15.108104705810547,2.0975499153137207,2.19484308936159,3.0586344593038652,3.136032237448199,3d2453645e2b5acc3c9d502a0cd5377cd7365117890637c8a40127526441bc84,experiments/zrc_mace_round1/jobs/zrc64_T0300_v095_s17/production/attempt-01/sampling/frames.extxyz,29fc41d9fad7160ccd2375073663700da24320df162982d90ed67297d635bd7d,,unassigned,64,stratified_random,17,0.0030662136893991683
zrc64_T3000_v100_s17_f0165,zrc64_T3000_v100_s17,64,3000,1.0,17,development,zrc64_v100_s17_heating,165,8250.0,16500,2995.024139699443,-9.357402801513672,13.013179472418779,6.412290096282959,1.9733764815574613,2.834934761381775,2.8197875495488325,b094d2d36a74073d67637a6394061b2fba4a0056967f132e8b7b4552f22d08ad,hpc/results/round1-8-64/production/zrc64_T3000_v100_s17/jobs/zrc64_T3000_v100_s17/production/attempt-01/sampling/frames.extxyz,a4444c4024dfaef8af475d257202e4ec0c331a45e9426cd5c950944caa131eaa,,unassigned,65,stratified_random,17,0.009506603582059769
zrc64_T5250_v100_s17_f0125,zrc64_T5250_v100_s17,64,5250,1.0,17,development,zrc64_v100_s17_heating,125,6250.0,12500,5018.955551528047,-8.226883888244629,31.622123025097885,11.499732971191406,1.729471739241511,1.2492179491422633,2.4835087377267335,49fda32da41e800cecea8bd4d02a8cb54d3f6bfec5f49fbae85f624b2362b011,hpc/results/round1-8-64/production/zrc64_T5250_v100_s17/jobs/zrc64_T5250_v100_s17/production/attempt-01/sampling/frames.extxyz,c105336a4968370fe0edbeab8640489ed047806d76ff10421d0ca32fae09eea0,,unassigned,66,stratified_random,17,0.053032676260961385
zrc64_T6000_v105_s17_f0170,zrc64_T6000_v105_s17,64,6000,1.05,17,development,zrc64_v105_s17_heating,170,8500.0,17000,6940.117779981868,-8.123946189880371,27.678909548064734,14.353717803955078,1.8302604650000929,1.1855360324305337,2.4140387699442414,4986eb3b708aa74be27aaa7b349be1d41f68f535aeb470d411360d97c3a4c769,hpc/results/round1-8-64/production/zrc64_T6000_v105_s17/jobs/zrc64_T6000_v105_s17/production/attempt-01/sampling/frames.extxyz,ef738ec6f25e619a80c636ce84ec0302c99d26bcf9231bfb5a2f7e421275dfdc,,unassigned,67,stratified_random,17,0.046313364155364516
zrc64_T3000_v105_s17_f0055,zrc64_T3000_v105_s17,64,3000,1.05,17,development,zrc64_v105_s17_heating,55,2750.0,5500,3285.1181225824703,-9.244250297546387,6.553430609890359,6.496662139892578,1.9385470271822518,2.707632180054444,2.881962810693752,b0e158ffcd34b283b478b638ae29d476b213b52b0c604dd77b4bfac5d98966c3,hpc/results/round1-8-64/production/zrc64_T3000_v105_s17/jobs/zrc64_T3000_v105_s17/production/attempt-01/sampling/frames.extxyz,b4dccb6801af5c2276e8bda38746a4f6f66326b38d4a2344115b8b88f363d665,,unassigned,68,stratified_random,17,0.015671079746538284
zrc64_T4500_v095_s17_f0035,zrc64_T4500_v095_s17,64,4500,0.95,17,development,zrc64_v095_s17_heating,35,1750.0,3500,4882.966276056059,-9.055798530578613,35.49399173641901,9.140240669250488,1.8120311040446544,1.3033896701995968,2.7534795675381023,a879bab0d831a1f2c713e53cb9109687b067cfce99a673d0bcfa501d5212079c,hpc/results/round1-8-64/production/zrc64_T4500_v095_s17/jobs/zrc64_T4500_v095_s17/production/attempt-01/sampling/frames.extxyz,65116dd3c23f7ea4f37d5e963453d34409098eb6bae1ff570fe77bb92b99e81a,,unassigned,69,stratified_random,17,0.02351707340611233
zrc64_T3000_v095_s17_f0140,zrc64_T3000_v095_s17,64,3000,0.95,17,development,zrc64_v095_s17_heating,140,7000.0,14000,3436.0823162787106,-9.26351547241211,29.5177848380483,8.164381980895996,1.9044371706542107,2.763668074686138,2.882449650383846,73c0b5efa3d287227a1f3788517a3a84fd0faef20ed7d90bfd84b272a17655e4,hpc/results/round1-8-64/production/zrc64_T3000_v095_s17/jobs/zrc64_T3000_v095_s17/production/attempt-01/sampling/frames.extxyz,38d42f886936a7c5334dbee7f9fc2d38457e89614c905ba8d473d57ee3aee2bb,,unassigned,70,stratified_random,17,0.01070099763009996
zrc64_T1500_v105_s17_f0050,zrc64_T1500_v105_s17,64,1500,1.05,17,development,zrc64_v105_s17_heating,50,2500.0,5000,1626.0426947772269,-9.518957138061523,-3.327405255453224,4.682750701904297,2.0882368221254186,3.0370839964782164,3.0019366906717972,eec7ca71e5113977fc1f44fc6906363f3a440de672e941b10f8fe186407f2709,hpc/results/round1-8-64/production/zrc64_T1500_v105_s17/jobs/zrc64_T1500_v105_s17/production/attempt-01/sampling/frames.extxyz,d28a4f0a705320a646044b919cebe9286d070451f48feede258cfdd61a8ba8f5,,unassigned,71,stratified_random,17,0.007646745971457316
zrc64_T4500_v100_s17_f0135,zrc64_T4500_v100_s17,64,4500,1.0,17,development,zrc64_v100_s17_heating,135,6750.0,13500,4742.129561609232,-8.969484329223633,21.163026034117408,8.952391624450684,1.9060024993149607,1.6015076006183566,2.4433153017342564,a7df383f23628ccff4454ace2da972fa50b1815d3702db8b07298629893499f3,hpc/results/round1-8-64/production/zrc64_T4500_v100_s17/jobs/zrc64_T4500_v100_s17/production/attempt-01/sampling/frames.extxyz,b5f6ee0648c369753023d9323aabfe46cfd7612607cbea2ffbfb15a993519ff2,,unassigned,72,stratified_random,17,0.032211755919685454
zrc64_T4500_v100_s17_f0045,zrc64_T4500_v100_s17,64,4500,1.0,17,development,zrc64_v100_s17_heating,45,2250.0,4500,4202.599893071851,-8.896921157836914,22.16963570656102,7.805783748626709,1.8668329114293836,1.3085159913993896,2.5750949656167132,416e9d358a2a3c403832155fa626ddd4041a35e24b6b9bc21f6cceef3c226b6b,hpc/results/round1-8-64/production/zrc64_T4500_v100_s17/jobs/zrc64_T4500_v100_s17/production/attempt-01/sampling/frames.extxyz,b5f6ee0648c369753023d9323aabfe46cfd7612607cbea2ffbfb15a993519ff2,,unassigned,73,stratified_random,17,0.03581277187684442
zrc64_T3000_v095_s17_f0115,zrc64_T3000_v095_s17,64,3000,0.95,17,development,zrc64_v095_s17_heating,115,5750.0,11500,2510.1967425983976,-9.220160484313965,29.966724751277443,8.176387786865234,1.877343854863728,2.631718620043943,2.816872160476254,e86797068b4acbe32cdf92246cc7254c2c4de0564c53a6f3fa4d2d6e803c0d69,hpc/results/round1-8-64/production/zrc64_T3000_v095_s17/jobs/zrc64_T3000_v095_s17/production/attempt-01/sampling/frames.extxyz,38d42f886936a7c5334dbee7f9fc2d38457e89614c905ba8d473d57ee3aee2bb,,unassigned,74,stratified_random,17,0.012790412831120585
zrc64_T4500_v105_s17_f0165,zrc64_T4500_v105_s17,64,4500,1.05,17,development,zrc64_v105_s17_heating,165,8250.0,16500,3547.242586500413,-8.900551795959473,13.624194469458898,9.713848114013672,1.8941542451230513,1.4627852047410381,2.6344862367460182,a799b3e68994500ca912f270645f73bff9e719bf7083c57dd26c45309c8cff04,hpc/results/round1-8-64/production/zrc64_T4500_v105_s17/jobs/zrc64_T4500_v105_s17/production/attempt-01/sampling/frames.extxyz,05e37e3688bdce1195b166c3cdb4e0b2767bce96dc36f5029349686ffc9fba78,,unassigned,75,stratified_random,17,0.030426941460329433
zrc64_T0300_v100_s17_f0055,zrc64_T0300_v100_s17,64,300,1.0,17,development,zrc64_v100_s17_heating,55,2750.0,5500,332.8691644615185,-9.676434516906738,1.6130712032318115,2.2853939533233643,2.174934083396262,3.1748233000664974,3.1486365305244925,725615bec18a1ac5402a61e487dab75e9aa5bd744b2ac9f4aa714dfb71fcbedb,experiments/zrc_mace_round1/jobs/zrc64_T0300_v100_s17/production/attempt-01/sampling/frames.extxyz,b0e19e781d665d4f92fb7606a1fa566d8357e4b8f1c5799a79f193aea3456c2f,,unassigned,76,stratified_random,17,0.001826533808228844
zrc64_T6000_v095_s17_f0110,zrc64_T6000_v095_s17,64,6000,0.95,17,development,zrc64_v095_s17_heating,110,5500.0,11000,6234.0805788758535,-8.014593124389648,41.269723390511146,14.014522552490234,1.6932823152166034,1.3797039812733312,2.3133462212143487,8dd9d551b9b2585f6abfcbc38154a3117e49a77b14a3cb12c9434f47be11fa0a,hpc/results/round1-8-64/production/zrc64_T6000_v095_s17/jobs/zrc64_T6000_v095_s17/production/attempt-01/sampling/frames.extxyz,ebfa194f0d83eb7ec3df31489d43cf1768b9a48d0c55db95d8af2f4e79e8302b,,unassigned,77,stratified_random,17,0.04589006394762347
zrc64_T5250_v105_s17_f0135,zrc64_T5250_v105_s17,64,5250,1.05,17,development,zrc64_v105_s17_heating,135,6750.0,13500,5223.5906992098335,-8.24553394317627,23.653665955265335,12.678422927856445,1.7185614799121691,1.2606824933194583,2.3666683290960737,0a1071359494d67cfec538770ae46865490c4e1688af6de8c1568fc8ab268ce7,hpc/results/round1-8-64/production/zrc64_T5250_v105_s17/jobs/zrc64_T5250_v105_s17/production/attempt-01/sampling/frames.extxyz,98513e4ef98528a1f91bcd1e3ab3c9da409ecdb19122d0f4eb5d882dd43afa8e,,unassigned,78,stratified_random,17,0.04860734147475817
zrc64_T0300_v105_s17_f0040,zrc64_T0300_v105_s17,64,300,1.05,17,development,zrc64_v105_s17_heating,40,2000.0,4000,325.5655809909304,-9.645225524902344,-8.358699798583984,1.8474664688110352,2.2088170368297053,3.1897649272108213,3.2232696723429117,aa117821c8fbd4a93b6f36b7f4605ea3401b2a1c053256482db55d10d5b20bfd,experiments/zrc_mace_round1/jobs/zrc64_T0300_v105_s17/production/attempt-01/sampling/frames.extxyz,2e6224250d01b866f883442edea3e0ecd17b582eb99446eca08ba48b95249e08,,unassigned,79,stratified_random,17,0.003145727441723541
zrc64_T4500_v095_s17_f0105,zrc64_T4500_v095_s17,64,4500,0.95,17,development,zrc64_v095_s17_heating,105,5250.0,10500,4940.785867188991,-9.088603973388672,35.00255195643585,9.271944999694824,1.9230319753482088,2.5507380922496132,2.7298400591467393,6dd5ce48157b536f9fa255b23c7cb39ac4d3b484e1c10ffdba93b25b6bb8b1ae,hpc/results/round1-8-64/production/zrc64_T4500_v095_s17/jobs/zrc64_T4500_v095_s17/production/attempt-01/sampling/frames.extxyz,65116dd3c23f7ea4f37d5e963453d34409098eb6bae1ff570fe77bb92b99e81a,,unassigned,80,stratified_random,17,0.014573554888554847
zrc64_T1500_v095_s17_f0140,zrc64_T1500_v095_s17,64,1500,0.95,17,development,zrc64_v095_s17_heating,140,7000.0,14000,1553.9367691607983,-9.492937088012695,21.71237773924389,4.324563503265381,2.068206229821005,2.9783534050544813,2.9528923780307372,bb58695574c3b3b288ff87f367804a8189f1611b0bca1c4a79d928312bb766ee,hpc/results/round1-8-64/production/zrc64_T1500_v095_s17/jobs/zrc64_T1500_v095_s17/production/attempt-01/sampling/frames.extxyz,5b28004032b343dfef216429d4e0761a24384595070cb03a21afa3c444c24067,,unassigned,81,stratified_random,17,0.00680884499253552
zrc64_T6000_v100_s17_f0130,zrc64_T6000_v100_s17,64,6000,1.0,17,development,zrc64_v100_s17_heating,130,6500.0,13000,6891.856134211406,-8.158262252807617,37.8173117761964,10.133973121643066,1.877225210827402,1.304076417575339,2.3696331394403316,6955e321c6be5681c9b052d0bb6405fe9c7099741e0f0b1b4ab5905e41c58b41,hpc/results/round1-8-64/production/zrc64_T6000_v100_s17/jobs/zrc64_T6000_v100_s17/production/attempt-01/sampling/frames.extxyz,41599cc730e48121c4bdac3bc09d76b684d95a277e129cddc8adb7f46e6d0946,,unassigned,82,stratified_random,17,0.04194142536654104
zrc64_T6000_v105_s17_f0140,zrc64_T6000_v105_s17,64,6000,1.05,17,development,zrc64_v105_s17_heating,140,7000.0,14000,6455.301387088126,-8.151023864746094,26.247204823438597,8.81923770904541,1.8400911915408418,1.2865823242761403,2.297179864249766,54422c04c7b37ae927847a717c5a5971f2bbe40f911633bcc797932131225130,hpc/results/round1-8-64/production/zrc64_T6000_v105_s17/jobs/zrc64_T6000_v105_s17/production/attempt-01/sampling/frames.extxyz,ef738ec6f25e619a80c636ce84ec0302c99d26bcf9231bfb5a2f7e421275dfdc,,unassigned,83,stratified_random,17,0.04037996924703726
zrc64_T1500_v100_s17_f0115,zrc64_T1500_v100_s17,64,1500,1.0,17,development,zrc64_v100_s17_heating,115,5750.0,11500,1402.199366743533,-9.538213729858398,7.01780872543294,5.034921646118164,2.0367922602043786,2.893412067749397,3.0684616604430865,76829db0e09f703a8e1a9918fe31ce4ce30ac998a1fc80a9ccd0ce4cb1e58549,hpc/results/round1-8-64/production/zrc64_T1500_v100_s17/jobs/zrc64_T1500_v100_s17/production/attempt-01/sampling/frames.extxyz,0b57a9d22d7e8c7db61735858cc30505ba173d07c1c4a6e396f17041a99b84e2,,unassigned,84,stratified_random,17,0.006055123014121354
zrc64_T5250_v095_s17_f0190,zrc64_T5250_v095_s17,64,5250,0.95,17,development,zrc64_v095_s17_heating,190,9500.0,19000,5107.394314933385,-8.30595588684082,41.937363139238464,10.748355865478516,1.8632558638665977,1.3247080807226095,2.317173990802886,45875f6e329fd63b2a5a0decfa74b4e8c32dfe372c4c4eecf9dd14d4fb5369b0,hpc/results/round1-8-64/production/zrc64_T5250_v095_s17/jobs/zrc64_T5250_v095_s17/production/attempt-01/sampling/frames.extxyz,7fdbc9fc59e3288da3c2fc653d1ed8709f0feeca8bf1573cf734a243a8eea755,,unassigned,85,stratified_random,17,0.0638167746164324
zrc64_T0300_v095_s17_f0025,zrc64_T0300_v095_s17,64,300,0.95,17,development,zrc64_v095_s17_heating,25,1250.0,2500,259.5257450405539,-9.65139389038086,14.920705795288086,2.424879789352417,2.189650833400472,3.1135461907630875,3.1349387678627334,b8016dfa67d60ca33f170344e54dcf1248af7be2ba9f6c3d29e19bbb500e27f0,experiments/zrc_mace_round1/jobs/zrc64_T0300_v095_s17/production/attempt-01/sampling/frames.extxyz,29fc41d9fad7160ccd2375073663700da24320df162982d90ed67297d635bd7d,,unassigned,86,stratified_random,17,0.0027339160086854255
zrc64_T3000_v105_s17_f0110,zrc64_T3000_v105_s17,64,3000,1.05,17,development,zrc64_v105_s17_heating,110,5500.0,11000,3237.7816089391226,-9.238510131835938,6.455029223057892,7.005737781524658,1.963063949589573,2.807159814430005,2.848769835277175,9e0bf7e1fe8abd33e8f6f65da3b2fb4b2e38bba7cf88c8141fcc286bfccc998d,hpc/results/round1-8-64/production/zrc64_T3000_v105_s17/jobs/zrc64_T3000_v105_s17/production/attempt-01/sampling/frames.extxyz,b4dccb6801af5c2276e8bda38746a4f6f66326b38d4a2344115b8b88f363d665,,unassigned,87,stratified_random,17,0.010354994256635048
zrc64_T3000_v100_s17_f0185,zrc64_T3000_v100_s17,64,3000,1.0,17,development,zrc64_v100_s17_heating,185,9250.0,18500,2388.2565289802096,-9.340079307556152,13.895650159426426,7.664097785949707,1.8782186515165762,2.8361123158683523,2.922439683663783,e3d49a107debee1107ca5a8924a7182960532027b7a2468a77423781ec5e0410,hpc/results/round1-8-64/production/zrc64_T3000_v100_s17/jobs/zrc64_T3000_v100_s17/production/attempt-01/sampling/frames.extxyz,a4444c4024dfaef8af475d257202e4ec0c331a45e9426cd5c950944caa131eaa,,unassigned,88,stratified_random,17,0.00998540503463653
zrc64_T5250_v100_s17_f0095,zrc64_T5250_v100_s17,64,5250,1.0,17,development,zrc64_v100_s17_heating,95,4750.0,9500,4696.500917568522,-8.13258171081543,32.70961067407253,14.77306842803955,1.6751295356017475,1.2245614415314217,2.3988842003708255,82fcbb0d5a5891f58bae926df900159e6fc726341e54e9aa35d1ba6e2d10b984,hpc/results/round1-8-64/production/zrc64_T5250_v100_s17/jobs/zrc64_T5250_v100_s17/production/attempt-01/sampling/frames.extxyz,c105336a4968370fe0edbeab8640489ed047806d76ff10421d0ca32fae09eea0,,unassigned,89,stratified_random,17,0.043253682985872004
zrc64_T1500_v105_s17_f0005,zrc64_T1500_v105_s17,64,1500,1.05,17,development,zrc64_v105_s17_heating,5,250.0,500,1730.31066755249,-9.49457836151123,-2.700630283427086,5.658994197845459,2.003278596210491,2.967667953142273,3.0430061972954467,c1bb58787db5a896bd598a8490d916251db7b6bb44800655f88d9f0002f8edd8,hpc/results/round1-8-64/production/zrc64_T1500_v105_s17/jobs/zrc64_T1500_v105_s17/production/attempt-01/sampling/frames.extxyz,d28a4f0a705320a646044b919cebe9286d070451f48feede258cfdd61a8ba8f5,,unassigned,90,stratified_random,17,0.007415912652045849
zrc64_T4500_v100_s17_f0200,zrc64_T4500_v100_s17,64,4500,1.0,17,development,zrc64_v100_s17_heating,200,10000.0,20000,4836.498329764829,-9.029449462890625,25.022838658222128,11.416536331176758,1.854457876558545,1.3356304027088186,2.785355027283801,da9690e75684ed0a353f183db84f75315c99739a0e19fecad9bfa3f411174948,hpc/results/round1-8-64/production/zrc64_T4500_v100_s17/jobs/zrc64_T4500_v100_s17/production/attempt-01/sampling/frames.extxyz,b5f6ee0648c369753023d9323aabfe46cfd7612607cbea2ffbfb15a993519ff2,,unassigned,91,stratified_random,17,0.025090298011556343
zrc64_T5250_v095_s17_f0060,zrc64_T5250_v095_s17,64,5250,0.95,17,development,zrc64_v095_s17_heating,60,3000.0,6000,4440.883703082748,-8.663324356079102,38.54137209217497,11.093384742736816,1.7794896388535626,1.4205657678918042,2.5512430326493467,604dfd42a2d460d25e9a18938cdc71ce9d48bbf0419e0419ed25248906de691b,hpc/results/round1-8-64/production/zrc64_T5250_v095_s17/jobs/zrc64_T5250_v095_s17/production/attempt-01/sampling/frames.extxyz,7fdbc9fc59e3288da3c2fc653d1ed8709f0feeca8bf1573cf734a243a8eea755,,unassigned,92,stratified_random,17,0.046607630491896604
zrc64_T3000_v105_s17_f0020,zrc64_T3000_v105_s17,64,3000,1.05,17,development,zrc64_v105_s17_heating,20,1000.0,2000,2977.404836334082,-9.290314674377441,5.061501099354649,6.934501647949219,1.9348764765633424,2.7735270828071905,2.838286114119302,ce03902b039a82aa1e500f1d12bc69562fe2116ba9627bc34d6040f5ad75f548,hpc/results/round1-8-64/production/zrc64_T3000_v105_s17/jobs/zrc64_T3000_v105_s17/production/attempt-01/sampling/frames.extxyz,b4dccb6801af5c2276e8bda38746a4f6f66326b38d4a2344115b8b88f363d665,,unassigned,93,stratified_random,17,0.01257101076425148
zrc64_T3000_v100_s17_f0040,zrc64_T3000_v100_s17,64,3000,1.0,17,development,zrc64_v100_s17_heating,40,2000.0,4000,2670.5066187467824,-9.27534294128418,15.225510478730097,8.998176574707031,1.9626587262065145,2.8480230058956875,2.8756804213439113,3115fb36341c48571f806f123d74129fbf86435866678b445e3c917887a3ceff,hpc/results/round1-8-64/production/zrc64_T3000_v100_s17/jobs/zrc64_T3000_v100_s17/production/attempt-01/sampling/frames.extxyz,a4444c4024dfaef8af475d257202e4ec0c331a45e9426cd5c950944caa131eaa,,unassigned,94,stratified_random,17,0.014162754869600022
zrc64_T6000_v095_s17_f0195,zrc64_T6000_v095_s17,64,6000,0.95,17,development,zrc64_v095_s17_heating,195,9750.0,19500,5056.320795462269,-8.000195503234863,38.43094570954507,13.148232460021973,1.7025609406206847,1.369663550585808,2.1377619332920292,b489cccf9cfaf16626a10e2bc9b56460ce6a426f632e9da9f9c0ca244f5346d6,hpc/results/round1-8-64/production/zrc64_T6000_v095_s17/jobs/zrc64_T6000_v095_s17/production/attempt-01/sampling/frames.extxyz,ebfa194f0d83eb7ec3df31489d43cf1768b9a48d0c55db95d8af2f4e79e8302b,,unassigned,95,stratified_random,17,0.04156309245241554
zrc64_T4500_v105_s17_f0070,zrc64_T4500_v105_s17,64,4500,1.05,17,development,zrc64_v105_s17_heating,70,3500.0,7000,4047.358958165984,-8.964923858642578,15.865388397398066,11.04238224029541,1.8717995109985823,1.3193851199904072,2.769427706291384,02b2c71bed1991369fb6c006ee6d52359c745970d33144b259ab877aeb067104,hpc/results/round1-8-64/production/zrc64_T4500_v105_s17/jobs/zrc64_T4500_v105_s17/production/attempt-01/sampling/frames.extxyz,05e37e3688bdce1195b166c3cdb4e0b2767bce96dc36f5029349686ffc9fba78,,unassigned,96,stratified_random,17,0.02787101375049514
zrc64_T0300_v105_s17_f0005,zrc64_T0300_v105_s17,64,300,1.05,17,development,zrc64_v105_s17_heating,5,250.0,500,326.36867693262826,-9.652772903442383,-8.679855346679688,1.8685871362686157,2.218519137737368,3.1837910164131706,3.167429020851365,d577dd390b50f11b0bbd799b16f2c4b66ec950a786dd65f28de7ae48134752d4,experiments/zrc_mace_round1/jobs/zrc64_T0300_v105_s17/production/attempt-01/sampling/frames.extxyz,2e6224250d01b866f883442edea3e0ecd17b582eb99446eca08ba48b95249e08,,unassigned,97,stratified_random,17,0.003507716871313216
zrc64_T1500_v100_s17_f0130,zrc64_T1500_v100_s17,64,1500,1.0,17,development,zrc64_v100_s17_heating,130,6500.0,13000,1722.6171727385563,-9.51430606842041,8.246905363740854,7.280979156494141,2.005754505301339,2.892187120712928,2.9156384137454108,d6db39d994bf064f0e98e5b123783550b91eeda12b1349c6ae6301fa7db389b0,hpc/results/round1-8-64/production/zrc64_T1500_v100_s17/jobs/zrc64_T1500_v100_s17/production/attempt-01/sampling/frames.extxyz,0b57a9d22d7e8c7db61735858cc30505ba173d07c1c4a6e396f17041a99b84e2,,unassigned,98,stratified_random,17,0.0055584923143278155
zrc64_T6000_v100_s17_f0010,zrc64_T6000_v100_s17,64,6000,1.0,17,development,zrc64_v100_s17_heating,10,500.0,1000,4972.300252359503,-8.189346313476562,35.95797313131085,9.92133903503418,1.7957305553324325,1.194558587157808,2.214406766202268,aac1d1aec87123d7fcb8f6d7e58eb4a741c82da4da124c6f3d5db512b248322c,hpc/results/round1-8-64/production/zrc64_T6000_v100_s17/jobs/zrc64_T6000_v100_s17/production/attempt-01/sampling/frames.extxyz,41599cc730e48121c4bdac3bc09d76b684d95a277e129cddc8adb7f46e6d0946,,unassigned,99,stratified_random,17,0.04066959397311327
zrc64_T5250_v100_s17_f0120,zrc64_T5250_v100_s17,64,5250,1.0,17,development,zrc64_v100_s17_heating,120,6000.0,12000,4900.982508262933,-8.168316841125488,31.076629207534513,10.009034156799316,1.7687768005734856,1.2752920395381038,2.3134142153313393,0ed3e1bac257a7c0e9037754527ed3cda806e418c8ffef8c4fafde367ce62b46,hpc/results/round1-8-64/production/zrc64_T5250_v100_s17/jobs/zrc64_T5250_v100_s17/production/attempt-01/sampling/frames.extxyz,c105336a4968370fe0edbeab8640489ed047806d76ff10421d0ca32fae09eea0,,unassigned,100,stratified_random,17,0.03700892766339007
zrc64_T5250_v105_s17_f0130,zrc64_T5250_v105_s17,64,5250,1.05,17,development,zrc64_v105_s17_heating,130,6500.0,13000,4942.312074228499,-8.258811950683594,24.50003541808156,9.461159706115723,1.86272253651547,1.2126192065338788,2.325025561229825,5ffd67660e785fc34af593228a4560e50df1e0de2dc04d0c39377b8ea1e56faf,hpc/results/round1-8-64/production/zrc64_T5250_v105_s17/jobs/zrc64_T5250_v105_s17/production/attempt-01/sampling/frames.extxyz,98513e4ef98528a1f91bcd1e3ab3c9da409ecdb19122d0f4eb5d882dd43afa8e,,unassigned,101,stratified_random,17,0.05355211417103273
zrc64_T1500_v105_s17_f0145,zrc64_T1500_v105_s17,64,1500,1.05,17,development,zrc64_v105_s17_heating,145,7250.0,14500,1546.570537028523,-9.520565032958984,-2.8811681697324225,4.2141852378845215,2.1111340667945298,2.9372784085402466,3.100013496657833,c7e989bb3a82209546aa9f3d251c06141e9ebf616db8694f51246b37782cbbe8,hpc/results/round1-8-64/production/zrc64_T1500_v105_s17/jobs/zrc64_T1500_v105_s17/production/attempt-01/sampling/frames.extxyz,d28a4f0a705320a646044b919cebe9286d070451f48feede258cfdd61a8ba8f5,,unassigned,102,stratified_random,17,0.007942951265012948
zrc64_T3000_v095_s17_f0025,zrc64_T3000_v095_s17,64,3000,0.95,17,development,zrc64_v095_s17_heating,25,1250.0,2500,2893.8405939543895,-9.29827880859375,26.818057436812133,6.427150249481201,1.9493377387189086,2.7577674868227255,2.892944217284468,96a1ac9fd0ff483181eccebcc83cc383397bae73ebdf2f41bded57093b1fd593,hpc/results/round1-8-64/production/zrc64_T3000_v095_s17/jobs/zrc64_T3000_v095_s17/production/attempt-01/sampling/frames.extxyz,38d42f886936a7c5334dbee7f9fc2d38457e89614c905ba8d473d57ee3aee2bb,,unassigned,103,stratified_random,17,0.009057687489813252
zrc64_T6000_v105_s17_f0105,zrc64_T6000_v105_s17,64,6000,1.05,17,development,zrc64_v105_s17_heating,105,5250.0,10500,6117.579614908782,-8.142549514770508,30.056957658445338,13.585808753967285,1.7562856554675137,1.2002369067114003,2.2018649035529307,ea807123ba720ae99f6e7e0cf889fb3f606d6852bd99f837627fbb3490b84390,hpc/results/round1-8-64/production/zrc64_T6000_v105_s17/jobs/zrc64_T6000_v105_s17/production/attempt-01/sampling/frames.extxyz,ef738ec6f25e619a80c636ce84ec0302c99d26bcf9231bfb5a2f7e421275dfdc,,unassigned,104,stratified_random,17,0.037471822800432486
zrc64_T1500_v095_s17_f0100,zrc64_T1500_v095_s17,64,1500,0.95,17,development,zrc64_v095_s17_heating,100,5000.0,10000,1504.9399556773521,-9.49050235748291,20.66226018096688,4.379339218139648,2.0339571846855753,2.754324852357138,3.0109600045844878,17610a2d99591ce4af67e2294288d6282b27eec31febed7f19f115990e21b6e6,hpc/results/round1-8-64/production/zrc64_T1500_v095_s17/jobs/zrc64_T1500_v095_s17/production/attempt-01/sampling/frames.extxyz,5b28004032b343dfef216429d4e0761a24384595070cb03a21afa3c444c24067,,unassigned,105,stratified_random,17,0.005124967622050436
zrc64_T0300_v100_s17_f0165,zrc64_T0300_v100_s17,64,300,1.0,17,development,zrc64_v100_s17_heating,165,8250.0,16500,300.08131804581745,-9.673095703125,1.6438251733779907,1.8121635913848877,2.198719839277912,3.1503273333295327,3.190619688081193,f925c8146145b468500fa714fa79f8f00822886d0faa3c5fdeb1ef351e4dda72,experiments/zrc_mace_round1/jobs/zrc64_T0300_v100_s17/production/attempt-01/sampling/frames.extxyz,b0e19e781d665d4f92fb7606a1fa566d8357e4b8f1c5799a79f193aea3456c2f,,unassigned,106,stratified_random,17,0.003317212478256655
zrc64_T4500_v095_s17_f0005,zrc64_T4500_v095_s17,64,4500,0.95,17,development,zrc64_v095_s17_heating,5,250.0,500,3819.063293007351,-9.028602600097656,35.150138494402505,12.501935005187988,1.866553405372874,1.2670097915998455,2.5826777049118546,7b1102ca9afb9f369ef1138cada763d90b333a3bb7b618505c797741447a4e69,hpc/results/round1-8-64/production/zrc64_T4500_v095_s17/jobs/zrc64_T4500_v095_s17/production/attempt-01/sampling/frames.extxyz,65116dd3c23f7ea4f37d5e963453d34409098eb6bae1ff570fe77bb92b99e81a,,unassigned,107,stratified_random,17,0.029169538050411576
zrc64_T0300_v095_s17_f0070,zrc64_T0300_v095_s17,64,300,0.95,17,development,zrc64_v095_s17_heating,70,3500.0,7000,331.94442053026194,-9.641715049743652,15.443467140197754,2.3559370040893555,2.16886198276974,3.126499785643505,3.139754060092474,41b1d69d52b756a55ce52c6725ac19cecbaf7851c1340849186059390075076d,experiments/zrc_mace_round1/jobs/zrc64_T0300_v095_s17/production/attempt-01/sampling/frames.extxyz,29fc41d9fad7160ccd2375073663700da24320df162982d90ed67297d635bd7d,,unassigned,108,stratified_random,17,0.002418442956764163
zrc64_T1500_v100_s17_f0080,zrc64_T1500_v100_s17,64,1500,1.0,17,development,zrc64_v100_s17_heating,80,4000.0,8000,1470.4902784488672,-9.562853813171387,6.438508408958973,3.8584959506988525,2.0867939551415278,3.0139313132614607,3.057929252977749,0e68f28d8f2cdf3030e9c67e59eca18d5b59fca7b37cde992aab668ff144b132,hpc/results/round1-8-64/production/zrc64_T1500_v100_s17/jobs/zrc64_T1500_v100_s17/production/attempt-01/sampling/frames.extxyz,0b57a9d22d7e8c7db61735858cc30505ba173d07c1c4a6e396f17041a99b84e2,,unassigned,109,stratified_random,17,0.007715603705375666
zrc64_T6000_v105_s17_f0120,zrc64_T6000_v105_s17,64,6000,1.05,17,development,zrc64_v105_s17_heating,120,6000.0,12000,5508.344056494528,-8.108760833740234,26.480048548286327,11.9495849609375,1.7345441400277806,1.3168509012035652,2.310174337709049,1710f376ea046b3b8baa0bc4be20499e1f24d5889f3f7bde28a7b381fe174b21,hpc/results/round1-8-64/production/zrc64_T6000_v105_s17/jobs/zrc64_T6000_v105_s17/production/attempt-01/sampling/frames.extxyz,ef738ec6f25e619a80c636ce84ec0302c99d26bcf9231bfb5a2f7e421275dfdc,,unassigned,110,stratified_random,17,0.043233581204526236
zrc64_T0300_v095_s17_f0155,zrc64_T0300_v095_s17,64,300,0.95,17,development,zrc64_v095_s17_heating,155,7750.0,15500,316.71447949644465,-9.650956153869629,15.223191261291504,2.7412166595458984,2.1175656379083057,3.1237316918610034,3.145717565751605,7c80f2ec2a3b8dfcaadca25422aefd0122a8b7fbe00a5adda257b104b689ff37,experiments/zrc_mace_round1/jobs/zrc64_T0300_v095_s17/production/attempt-01/sampling/frames.extxyz,29fc41d9fad7160ccd2375073663700da24320df162982d90ed67297d635bd7d,,unassigned,111,stratified_random,17,0.0019945881229410578
zrc64_T3000_v105_s17_f0115,zrc64_T3000_v105_s17,64,3000,1.05,17,development,zrc64_v105_s17_heating,115,5750.0,11500,3413.7807356748613,-9.324030876159668,4.717211760507931,4.975259780883789,2.0124618988204843,2.521966695261033,2.9799520293940636,cff5ad727b1a2585c8b85d065f7100d8df44186057e90605f47dec799ddd61e9,hpc/results/round1-8-64/production/zrc64_T3000_v105_s17/jobs/zrc64_T3000_v105_s17/production/attempt-01/sampling/frames.extxyz,b4dccb6801af5c2276e8bda38746a4f6f66326b38d4a2344115b8b88f363d665,,unassigned,112,stratified_random,17,0.012930490788871407
zrc64_T6000_v095_s17_f0145,zrc64_T6000_v095_s17,64,6000,0.95,17,development,zrc64_v095_s17_heating,145,7250.0,14500,6478.454885821692,-8.042604446411133,46.16328337527419,7.985873699188232,1.8511098687483942,1.2941706488274114,2.3708987482758594,1937a066a1c0200b99ff8651d2684ef178a6ac70fb98d37ff0d4adec9f88194e,hpc/results/round1-8-64/production/zrc64_T6000_v095_s17/jobs/zrc64_T6000_v095_s17/production/attempt-01/sampling/frames.extxyz,ebfa194f0d83eb7ec3df31489d43cf1768b9a48d0c55db95d8af2f4e79e8302b,,unassigned,113,stratified_random,17,0.046404915569553534
zrc64_T3000_v095_s17_f0005,zrc64_T3000_v095_s17,64,3000,0.95,17,development,zrc64_v095_s17_heating,5,250.0,500,2906.166797547461,-9.37210750579834,25.863188454268872,5.427310943603516,1.983026361162348,2.80166398269328,2.8813243909078183,21e656a054c64da7fcd634f702ce3fd6c5d7b0b1f1ba4dd70ffde18c9c6c8f97,hpc/results/round1-8-64/production/zrc64_T3000_v095_s17/jobs/zrc64_T3000_v095_s17/production/attempt-01/sampling/frames.extxyz,38d42f886936a7c5334dbee7f9fc2d38457e89614c905ba8d473d57ee3aee2bb,,unassigned,114,stratified_random,17,0.008360783837954511
zrc64_T4500_v100_s17_f0060,zrc64_T4500_v100_s17,64,4500,1.0,17,development,zrc64_v100_s17_heating,60,3000.0,6000,4680.784261297635,-9.011520385742188,21.77151905751689,10.246223449707031,1.8453002196899977,1.3584796320590573,2.5508839364372826,1f9b69358b1824bb0686e981a53105082664dc2a1d65bfa4b99d44fcdef0bc46,hpc/results/round1-8-64/production/zrc64_T4500_v100_s17/jobs/zrc64_T4500_v100_s17/production/attempt-01/sampling/frames.extxyz,b5f6ee0648c369753023d9323aabfe46cfd7612607cbea2ffbfb15a993519ff2,,unassigned,115,stratified_random,17,0.040654865184080104
zrc64_T3000_v100_s17_f0060,zrc64_T3000_v100_s17,64,3000,1.0,17,development,zrc64_v100_s17_heating,60,3000.0,6000,2059.759962916072,-9.319141387939453,12.361119825772773,6.9787397384643555,1.9424632612535737,2.6316313362140202,2.9072988352330555,1ede435c6a511dec84d2d82ffb83a8d877ef455e82f7e83bee7668c106793d76,hpc/results/round1-8-64/production/zrc64_T3000_v100_s17/jobs/zrc64_T3000_v100_s17/production/attempt-01/sampling/frames.extxyz,a4444c4024dfaef8af475d257202e4ec0c331a45e9426cd5c950944caa131eaa,,unassigned,116,stratified_random,17,0.012357228921119092
zrc64_T0300_v100_s17_f0115,zrc64_T0300_v100_s17,64,300,1.0,17,development,zrc64_v100_s17_heating,115,5750.0,11500,333.7242521351918,-9.673514366149902,1.5498497486114502,2.4186387062072754,2.1849450374773123,3.1220321512940155,3.180885173246533,0036b41ba3fc1b5fb083f3a31ad91ca0e2702882d6ef2c9e6f3d7f4c23514395,experiments/zrc_mace_round1/jobs/zrc64_T0300_v100_s17/production/attempt-01/sampling/frames.extxyz,b0e19e781d665d4f92fb7606a1fa566d8357e4b8f1c5799a79f193aea3456c2f,,unassigned,117,stratified_random,17,0.0024410467181923065
zrc64_T4500_v095_s17_f0025,zrc64_T4500_v095_s17,64,4500,0.95,17,development,zrc64_v095_s17_heating,25,1250.0,2500,4183.688356988208,-8.95463752746582,33.67360391091269,9.867046356201172,1.862920755096602,1.2900358927595483,2.6886821645052392,da616acf32faec1107db9f14bde8115c20c725285e99d5247f32176722a5c17f,hpc/results/round1-8-64/production/zrc64_T4500_v095_s17/jobs/zrc64_T4500_v095_s17/production/attempt-01/sampling/frames.extxyz,65116dd3c23f7ea4f37d5e963453d34409098eb6bae1ff570fe77bb92b99e81a,,unassigned,118,stratified_random,17,0.024519301105251835
zrc64_T6000_v100_s17_f0065,zrc64_T6000_v100_s17,64,6000,1.0,17,development,zrc64_v100_s17_heating,65,3250.0,6500,6058.020970009022,-8.039253234863281,35.69149477818152,13.053337097167969,1.753774362258673,1.2214356150125751,2.4403132517227735,ff5f5e668c0f390faab079b37c093e958b0fdcbcde8ecd40675504a78e5ce111,hpc/results/round1-8-64/production/zrc64_T6000_v100_s17/jobs/zrc64_T6000_v100_s17/production/attempt-01/sampling/frames.extxyz,41599cc730e48121c4bdac3bc09d76b684d95a277e129cddc8adb7f46e6d0946,,unassigned,119,stratified_random,17,0.043406544062323076
zrc64_T5250_v100_s17_f0055,zrc64_T5250_v100_s17,64,5250,1.0,17,development,zrc64_v100_s17_heating,55,2750.0,5500,5816.815068459846,-8.229276657104492,35.12257622155285,8.192689895629883,1.8160744935308653,1.3131233801134539,2.2987208415436817,b57c417bf2456b1e2d7549089edfcc3fd0f0b2921d62e2e4b9f265533f0b398a,hpc/results/round1-8-64/production/zrc64_T5250_v100_s17/jobs/zrc64_T5250_v100_s17/production/attempt-01/sampling/frames.extxyz,c105336a4968370fe0edbeab8640489ed047806d76ff10421d0ca32fae09eea0,,unassigned,120,stratified_random,17,0.04498298268434344
zrc64_T1500_v105_s17_f0185,zrc64_T1500_v105_s17,64,1500,1.05,17,development,zrc64_v105_s17_heating,185,9250.0,18500,1504.7616315188197,-9.509425163269043,-2.674447619190616,4.594461917877197,2.0215974083116084,2.9026806605593367,2.965845001492777,262d5780172cec018579343d7a0b5cf16aab79b52bfb1bb3c2d8ab370b9b3daf,hpc/results/round1-8-64/production/zrc64_T1500_v105_s17/jobs/zrc64_T1500_v105_s17/production/attempt-01/sampling/frames.extxyz,d28a4f0a705320a646044b919cebe9286d070451f48feede258cfdd61a8ba8f5,,unassigned,121,stratified_random,17,0.00885677376463558
zrc64_T5250_v105_s17_f0005,zrc64_T5250_v105_s17,64,5250,1.05,17,development,zrc64_v105_s17_heating,5,250.0,500,5099.814299915246,-8.199353218078613,28.298715349508466,16.421838760375977,1.8232866820704032,1.1625040407004974,2.2820661767160093,54e2c20d7c8b21ff7a9b911b7767f64db9b4388081bfbc9b093b50f2dfe89da0,hpc/results/round1-8-64/production/zrc64_T5250_v105_s17/jobs/zrc64_T5250_v105_s17/production/attempt-01/sampling/frames.extxyz,98513e4ef98528a1f91bcd1e3ab3c9da409ecdb19122d0f4eb5d882dd43afa8e,,unassigned,122,stratified_random,17,0.04128562744808544
zrc64_T5250_v095_s17_f0130,zrc64_T5250_v095_s17,64,5250,0.95,17,development,zrc64_v095_s17_heating,130,6500.0,13000,5505.853105230525,-8.096837997436523,43.71954202835305,9.94694995880127,1.7772229908492378,1.2783116859546075,2.363780532729245,fcd569706541d495617db330f05c5a66446aede84ad482129bec954927d637c0,hpc/results/round1-8-64/production/zrc64_T5250_v095_s17/jobs/zrc64_T5250_v095_s17/production/attempt-01/sampling/frames.extxyz,7fdbc9fc59e3288da3c2fc653d1ed8709f0feeca8bf1573cf734a243a8eea755,,unassigned,123,stratified_random,17,0.0479518445101304
zrc64_T0300_v105_s17_f0065,zrc64_T0300_v105_s17,64,300,1.05,17,development,zrc64_v105_s17_heating,65,3250.0,6500,276.9563943943895,-9.656769752502441,-8.717376708984375,1.75728178024292,2.214193125944649,3.134929147594778,3.2571244020717405,055b78c37ed36ed3ce34cf95b89415ac189e3c41eaae1444e3649db3db6ff197,experiments/zrc_mace_round1/jobs/zrc64_T0300_v105_s17/production/attempt-01/sampling/frames.extxyz,2e6224250d01b866f883442edea3e0ecd17b582eb99446eca08ba48b95249e08,,unassigned,124,stratified_random,17,0.0028974850353055597
zrc64_T1500_v095_s17_f0175,zrc64_T1500_v095_s17,64,1500,0.95,17,development,zrc64_v095_s17_heating,175,8750.0,17500,1501.4098702865338,-9.513798713684082,20.194351260364968,4.8837385177612305,2.043307574363966,2.9169918268391553,3.0271763938408878,bc6544828b813a15b47923756ac6bd01efde52686f192890c5d53c6623a5f5b6,hpc/results/round1-8-64/production/zrc64_T1500_v095_s17/jobs/zrc64_T1500_v095_s17/production/attempt-01/sampling/frames.extxyz,5b28004032b343dfef216429d4e0761a24384595070cb03a21afa3c444c24067,,unassigned,125,stratified_random,17,0.007092375251232214
zrc64_T4500_v105_s17_f0080,zrc64_T4500_v105_s17,64,4500,1.05,17,development,zrc64_v105_s17_heating,80,4000.0,8000,4784.294053268661,-8.83359432220459,18.99860363066637,10.93850326538086,1.786536155607166,1.3017224839606376,2.721793198803996,4ebacae59082069ebdf3b8b3e74548a4420fc3b5920e6fac962c49d0eebf423d,hpc/results/round1-8-64/production/zrc64_T4500_v105_s17/jobs/zrc64_T4500_v105_s17/production/attempt-01/sampling/frames.extxyz,05e37e3688bdce1195b166c3cdb4e0b2767bce96dc36f5029349686ffc9fba78,,unassigned,126,stratified_random,17,0.0353478114715227
zrc64_T5250_v095_s17_f0010,zrc64_T5250_v095_s17,64,5250,0.95,17,development,zrc64_v095_s17_heating,10,500.0,1000,4610.898001036392,-9.051053047180176,33.6678658773259,10.415318489074707,1.8675352808077448,2.6106989111671948,2.5346272889569694,089acac78b7f9ef96056021176ff6856ea7a7f9c71cf6c3ba0772c9c09a17406,hpc/results/round1-8-64/production/zrc64_T5250_v095_s17/jobs/zrc64_T5250_v095_s17/production/attempt-01/sampling/frames.extxyz,7fdbc9fc59e3288da3c2fc653d1ed8709f0feeca8bf1573cf734a243a8eea755,,unassigned,127,stratified_random,17,0.011359791803754455
zrc64_T1500_v105_s17_f0125,zrc64_T1500_v105_s17,64,1500,1.05,17,development,zrc64_v105_s17_heating,125,6250.0,12500,1547.234043807724,-9.48583698272705,-1.3740223709775365,4.898880481719971,2.044431896070711,2.9632117423803797,3.012437301121691,bbd92fe9e0610a2ab74a472b5d22b7639f76e1c4d0c5499403d22574c0041cf9,hpc/results/round1-8-64/production/zrc64_T1500_v105_s17/jobs/zrc64_T1500_v105_s17/production/attempt-01/sampling/frames.extxyz,d28a4f0a705320a646044b919cebe9286d070451f48feede258cfdd61a8ba8f5,,unassigned,128,stratified_random,17,0.007471917086806156
zrc64_T3000_v100_s17_f0050,zrc64_T3000_v100_s17,64,3000,1.0,17,development,zrc64_v100_s17_heating,50,2500.0,5000,2863.87762640088,-9.373372077941895,13.597562958369283,7.272133827209473,1.954130962914879,2.8205388326000804,2.9177049337697976,96c9b0eb7fd881bda19666c0c0bfe40ca9b3df646aa7f0f9595b1c135b5a8954,hpc/results/round1-8-64/production/zrc64_T3000_v100_s17/jobs/zrc64_T3000_v100_s17/production/attempt-01/sampling/frames.extxyz,a4444c4024dfaef8af475d257202e4ec0c331a45e9426cd5c950944caa131eaa,,unassigned,129,stratified_random,17,0.010082351810349919
zrc64_T4500_v105_s17_f0170,zrc64_T4500_v105_s17,64,4500,1.05,17,development,zrc64_v105_s17_heating,170,8500.0,17000,3948.507568238517,-8.957489013671875,13.027526814940753,7.887330055236816,1.9162519860455336,1.3652475980384644,2.8200615599341217,f9c3488c46d03a2cae53eb4e54276dd95acbd3bc5d659584bd0a8aea427682d4,hpc/results/round1-8-64/production/zrc64_T4500_v105_s17/jobs/zrc64_T4500_v105_s17/production/attempt-01/sampling/frames.extxyz,05e37e3688bdce1195b166c3cdb4e0b2767bce96dc36f5029349686ffc9fba78,,unassigned,130,stratified_random,17,0.025790404092902824
zrc64_T0300_v100_s17_f0170,zrc64_T0300_v100_s17,64,300,1.0,17,development,zrc64_v100_s17_heating,170,8500.0,17000,258.1294854186264,-9.67501163482666,1.5433415174484253,2.289494276046753,2.2027799775857533,3.2006226165161813,3.1560589033096575,13cfca7bb30faceb54280f866794e19d42f6684afbe2f0f1a249ace36b571586,experiments/zrc_mace_round1/jobs/zrc64_T0300_v100_s17/production/attempt-01/sampling/frames.extxyz,b0e19e781d665d4f92fb7606a1fa566d8357e4b8f1c5799a79f193aea3456c2f,,unassigned,131,stratified_random,17,0.0023550002744215587
zrc64_T3000_v105_s17_f0090,zrc64_T3000_v105_s17,64,3000,1.05,17,development,zrc64_v105_s17_heating,90,4500.0,9000,2803.1792320793757,-9.364121437072754,3.8236329895063217,6.373288631439209,1.931171994651836,2.8508107581160025,2.9698284045066754,99562eb1e92dd2993f6e70a68e4914d1a7108ca5c1c391367825dfe99a580d5a,hpc/results/round1-8-64/production/zrc64_T3000_v105_s17/jobs/zrc64_T3000_v105_s17/production/attempt-01/sampling/frames.extxyz,b4dccb6801af5c2276e8bda38746a4f6f66326b38d4a2344115b8b88f363d665,,unassigned,132,stratified_random,17,0.010959548548678184
zrc64_T5250_v100_s17_f0105,zrc64_T5250_v100_s17,64,5250,1.0,17,development,zrc64_v100_s17_heating,105,5250.0,10500,6079.793802438926,-8.21059513092041,33.53752781282401,8.63129997253418,1.8456513688158562,1.261218009065682,2.204093720869896,8f27fb13223c2d1d87071cde3780d3fafaefc8a1779cf5dd21ce9440af610aae,hpc/results/round1-8-64/production/zrc64_T5250_v100_s17/jobs/zrc64_T5250_v100_s17/production/attempt-01/sampling/frames.extxyz,c105336a4968370fe0edbeab8640489ed047806d76ff10421d0ca32fae09eea0,,unassigned,133,stratified_random,17,0.041440411125829815
zrc64_T6000_v100_s17_f0135,zrc64_T6000_v100_s17,64,6000,1.0,17,development,zrc64_v100_s17_heating,135,6750.0,13500,5626.92634290269,-8.00406551361084,36.39239477282391,10.628082275390625,1.8499843586964593,1.2091072890759502,2.200864664572125,f3b56ad83d5425617196b3eafc2bcaa3bbc1bf9c5e268f86efb7c171016ce44f,hpc/results/round1-8-64/production/zrc64_T6000_v100_s17/jobs/zrc64_T6000_v100_s17/production/attempt-01/sampling/frames.extxyz,41599cc730e48121c4bdac3bc09d76b684d95a277e129cddc8adb7f46e6d0946,,unassigned,134,stratified_random,17,0.04210352582788669
zrc64_T6000_v105_s17_f0045,zrc64_T6000_v105_s17,64,6000,1.05,17,development,zrc64_v105_s17_heating,45,2250.0,4500,5219.696527015407,-8.057445526123047,30.25572547987881,12.320956230163574,1.7062641115371067,1.2662557304171664,2.3974413057042208,8dbc127354f048624ebc4ea466edf1c97d15f5028968ebeb9d19989940083e28,hpc/results/round1-8-64/production/zrc64_T6000_v105_s17/jobs/zrc64_T6000_v105_s17/production/attempt-01/sampling/frames.extxyz,ef738ec6f25e619a80c636ce84ec0302c99d26bcf9231bfb5a2f7e421275dfdc,,unassigned,135,stratified_random,17,0.04605038694737508
zrc64_T4500_v095_s17_f0125,zrc64_T4500_v095_s17,64,4500,0.95,17,development,zrc64_v095_s17_heating,125,6250.0,12500,4950.795284481331,-9.070382118225098,36.78713211465724,11.35064697265625,1.7879645487728666,2.6733222444033755,2.820776999943008,efcc04bf49e813279956286f93e2ab8306301691bb66ca633fb02b551ba41e1c,hpc/results/round1-8-64/production/zrc64_T4500_v095_s17/jobs/zrc64_T4500_v095_s17/production/attempt-01/sampling/frames.extxyz,65116dd3c23f7ea4f37d5e963453d34409098eb6bae1ff570fe77bb92b99e81a,,unassigned,136,stratified_random,17,0.015644508344460097
zrc64_T0300_v105_s17_f0200,zrc64_T0300_v105_s17,64,300,1.05,17,development,zrc64_v105_s17_heating,200,10000.0,20000,314.3849606491911,-9.653532028198242,-8.476252555847168,2.0148355960845947,2.2251010812166037,3.1954898273720573,3.233134655370522,e5e601b5738386c921a5f01b6004eecc9bbc8798c553304f9e7e87121064659f,experiments/zrc_mace_round1/jobs/zrc64_T0300_v105_s17/production/attempt-01/sampling/frames.extxyz,2e6224250d01b866f883442edea3e0ecd17b582eb99446eca08ba48b95249e08,,unassigned,137,stratified_random,17,0.0018447026934969052
zrc64_T3000_v095_s17_f0065,zrc64_T3000_v095_s17,64,3000,0.95,17,development,zrc64_v095_s17_heating,65,3250.0,6500,3088.355541246279,-9.3287935256958,26.954106577589677,8.077588081359863,1.9091634605672343,2.591242912717698,2.8666964584276795,e9a56c9221cb8074cc3817eee9a8b10c5e8b2f696b09afd8b433114456d14b6f,hpc/results/round1-8-64/production/zrc64_T3000_v095_s17/jobs/zrc64_T3000_v095_s17/production/attempt-01/sampling/frames.extxyz,38d42f886936a7c5334dbee7f9fc2d38457e89614c905ba8d473d57ee3aee2bb,,unassigned,138,stratified_random,17,0.010093059924641608
zrc64_T1500_v100_s17_f0120,zrc64_T1500_v100_s17,64,1500,1.0,17,development,zrc64_v100_s17_heating,120,6000.0,12000,1691.298326711417,-9.529374122619629,6.882063233970891,5.358059883117676,2.022868764884126,2.9680955009282086,2.9881828578528946,12d81e4fb30d9efaf75c8d4010d8eea1756011dd5b77a769871e8663835ef66f,hpc/results/round1-8-64/production/zrc64_T1500_v100_s17/jobs/zrc64_T1500_v100_s17/production/attempt-01/sampling/frames.extxyz,0b57a9d22d7e8c7db61735858cc30505ba173d07c1c4a6e396f17041a99b84e2,,unassigned,139,stratified_random,17,0.006093594992385166
zrc64_T6000_v095_s17_f0035,zrc64_T6000_v095_s17,64,6000,0.95,17,development,zrc64_v095_s17_heating,35,1750.0,3500,6974.348552882175,-7.9867143630981445,43.37166610808933,15.733821868896484,1.783528739883718,1.3283460854518838,2.1212333160816623,d8b500ad7ac941f776834079c60737d5e822b0f9f3308465ad2b6dd3ba82ac6d,hpc/results/round1-8-64/production/zrc64_T6000_v095_s17/jobs/zrc64_T6000_v095_s17/production/attempt-01/sampling/frames.extxyz,ebfa194f0d83eb7ec3df31489d43cf1768b9a48d0c55db95d8af2f4e79e8302b,,unassigned,140,stratified_random,17,0.047481111884220314
zrc64_T0300_v095_s17_f0160,zrc64_T0300_v095_s17,64,300,0.95,17,development,zrc64_v095_s17_heating,160,8000.0,16000,339.2917692751358,-9.65366268157959,15.193462371826172,2.6546988487243652,2.148892090515843,3.132753430554952,3.159163058815587,01ff628569e391009e1fbe0c54fb13354758a6d910c404b18dddfee99b1461dc,experiments/zrc_mace_round1/jobs/zrc64_T0300_v095_s17/production/attempt-01/sampling/frames.extxyz,29fc41d9fad7160ccd2375073663700da24320df162982d90ed67297d635bd7d,,unassigned,141,stratified_random,17,0.0017506960777897201
zrc64_T1500_v095_s17_f0085,zrc64_T1500_v095_s17,64,1500,0.95,17,development,zrc64_v095_s17_heating,85,4250.0,8500,1417.607385358381,-9.519777297973633,20.204033234459505,4.469394683837891,2.0492619684853293,2.894959702123731,2.9904402456927563,3486a68545a4f151ffaa38ab069ead9499245e461503a30a156d0aca78deebfc,hpc/results/round1-8-64/production/zrc64_T1500_v095_s17/jobs/zrc64_T1500_v095_s17/production/attempt-01/sampling/frames.extxyz,5b28004032b343dfef216429d4e0761a24384595070cb03a21afa3c444c24067,,unassigned,142,stratified_random,17,0.004127955512678224
zrc64_T4500_v100_s17_f0160,zrc64_T4500_v100_s17,64,4500,1.0,17,development,zrc64_v100_s17_heating,160,8000.0,16000,4512.246522036412,-9.007583618164062,25.199695594789766,9.673823356628418,1.8542900085242593,1.4681368681769758,2.6112190868856904,f3bf085e2cfd9e8bc4fbc26d720afc261ae0f8b4d9b6dc4b06605c9ee3dd87e0,hpc/results/round1-8-64/production/zrc64_T4500_v100_s17/jobs/zrc64_T4500_v100_s17/production/attempt-01/sampling/frames.extxyz,b5f6ee0648c369753023d9323aabfe46cfd7612607cbea2ffbfb15a993519ff2,,unassigned,143,stratified_random,17,0.026725611383624868
zrc64_T5250_v105_s17_f0170,zrc64_T5250_v105_s17,64,5250,1.05,17,development,zrc64_v105_s17_heating,170,8500.0,17000,5877.533041232145,-8.188947677612305,23.8697462234731,10.564733505249023,1.8089625423585596,1.2683872888343894,2.337641357165238,90d77442657c717f40f9e0d2db9d67fd01cd148879c184c8b8ecb615276a4f6c,hpc/results/round1-8-64/production/zrc64_T5250_v105_s17/jobs/zrc64_T5250_v105_s17/production/attempt-01/sampling/frames.extxyz,98513e4ef98528a1f91bcd1e3ab3c9da409ecdb19122d0f4eb5d882dd43afa8e,,unassigned,144,stratified_random,17,0.039972011565193775
zrc64_T6000_v100_s17_f0190,zrc64_T6000_v100_s17,64,6000,1.0,17,development,zrc64_v100_s17_heating,190,9500.0,19000,5673.545844043541,-8.239801406860352,33.920531527424046,9.927781105041504,1.7728559422460828,1.314799127013344,2.446574108266455,cf816bee6d5e58d2e4968d17fa69b00263bd311e2fdad35d563c5863d193a353,hpc/results/round1-8-64/production/zrc64_T6000_v100_s17/jobs/zrc64_T6000_v100_s17/production/attempt-01/sampling/frames.extxyz,41599cc730e48121c4bdac3bc09d76b684d95a277e129cddc8adb7f46e6d0946,,unassigned,145,stratified_random,17,0.03940701596828885
zrc64_T4500_v095_s17_f0140,zrc64_T4500_v095_s17,64,4500,0.95,17,development,zrc64_v095_s17_heating,140,7000.0,14000,4711.640813320597,-9.068517684936523,35.22074474899012,9.158612251281738,1.8980946394157663,2.6773402651488554,2.7228493184430915,88ddb6c0d32a2280c2802f93496ec32a87abfab345f1cc27e5e9636298dec8e5,hpc/results/round1-8-64/production/zrc64_T4500_v095_s17/jobs/zrc64_T4500_v095_s17/production/attempt-01/sampling/frames.extxyz,65116dd3c23f7ea4f37d5e963453d34409098eb6bae1ff570fe77bb92b99e81a,,unassigned,146,stratified_random,17,0.013219146107778223
zrc64_T1500_v105_s17_f0100,zrc64_T1500_v105_s17,64,1500,1.05,17,development,zrc64_v105_s17_heating,100,5000.0,10000,1446.6879281524086,-9.501729011535645,-2.8177860959575156,5.273107051849365,2.006537999664514,2.998909565786741,3.0533085813738183,c0e0b22964790f2aaca4dd60f8b4e2a09dc5c6f215acb2f128e9b9889ac2587d,hpc/results/round1-8-64/production/zrc64_T1500_v105_s17/jobs/zrc64_T1500_v105_s17/production/attempt-01/sampling/frames.extxyz,d28a4f0a705320a646044b919cebe9286d070451f48feede258cfdd61a8ba8f5,,unassigned,147,stratified_random,17,0.00533675364897468
zrc64_T1500_v100_s17_f0155,zrc64_T1500_v100_s17,64,1500,1.0,17,development,zrc64_v100_s17_heating,155,7750.0,15500,1307.752328598443,-9.539375305175781,6.302544569621527,5.351016044616699,2.0963204963750948,2.9263216025184207,2.9893508112275238,21ca43594d05d76bb274d8c66915c7c5f845b08d8526923da3dd7d9c25977817,hpc/results/round1-8-64/production/zrc64_T1500_v100_s17/jobs/zrc64_T1500_v100_s17/production/attempt-01/sampling/frames.extxyz,0b57a9d22d7e8c7db61735858cc30505ba173d07c1c4a6e396f17041a99b84e2,,unassigned,148,stratified_random,17,0.0038451137191320268
zrc64_T3000_v095_s17_f0060,zrc64_T3000_v095_s17,64,3000,0.95,17,development,zrc64_v095_s17_heating,60,3000.0,6000,2924.5150554179136,-9.287952423095703,28.456025468159027,7.042393684387207,1.962623512040698,2.813548128135017,2.8034806296839876,e0ebc8b4b5415d811d1e5154d734b22e6739a23e9225ffd9996968f70b499abe,hpc/results/round1-8-64/production/zrc64_T3000_v095_s17/jobs/zrc64_T3000_v095_s17/production/attempt-01/sampling/frames.extxyz,38d42f886936a7c5334dbee7f9fc2d38457e89614c905ba8d473d57ee3aee2bb,,unassigned,149,stratified_random,17,0.007445678877819452
zrc64_T5250_v095_s17_f0150,zrc64_T5250_v095_s17,64,5250,0.95,17,development,zrc64_v095_s17_heating,150,7500.0,15000,5001.941669425219,-8.189408302307129,40.58749534511806,9.10687255859375,1.8414599300581624,1.3348788371823768,2.434759178487582,d49c119b8ef7fdfb9db02fda278f9f748f7364341d0b0863b898944f9d9b1b5a,hpc/results/round1-8-64/production/zrc64_T5250_v095_s17/jobs/zrc64_T5250_v095_s17/production/attempt-01/sampling/frames.extxyz,7fdbc9fc59e3288da3c2fc653d1ed8709f0feeca8bf1573cf734a243a8eea755,,unassigned,150,stratified_random,17,0.04118808213147229
zrc64_T3000_v100_s17_f0065,zrc64_T3000_v100_s17,64,3000,1.0,17,development,zrc64_v100_s17_heating,65,3250.0,6500,3591.602279302092,-9.32541561126709,16.143748035161348,7.41408634185791,1.8963326523989452,2.777967640101969,2.881913507721314,ab4575334e28b44bd9a892694c4b54e463977b693dd2c5ef56461e50ecc03b2f,hpc/results/round1-8-64/production/zrc64_T3000_v100_s17/jobs/zrc64_T3000_v100_s17/production/attempt-01/sampling/frames.extxyz,a4444c4024dfaef8af475d257202e4ec0c331a45e9426cd5c950944caa131eaa,,unassigned,151,stratified_random,17,0.010975807293072931
zrc64_T0300_v105_s17_f0135,zrc64_T0300_v105_s17,64,300,1.05,17,development,zrc64_v105_s17_heating,135,6750.0,13500,312.54700006438986,-9.652800559997559,-8.554513931274414,1.941358208656311,2.204240500232211,3.1725273009912014,3.2199700190996947,3358f49386c776c54e3ce6bf9a27800456ef4c3590912e0e7f30a649a4c3dd08,experiments/zrc_mace_round1/jobs/zrc64_T0300_v105_s17/production/attempt-01/sampling/frames.extxyz,2e6224250d01b866f883442edea3e0ecd17b582eb99446eca08ba48b95249e08,,unassigned,152,stratified_random,17,0.00260035271636248
zrc64_T4500_v105_s17_f0135,zrc64_T4500_v105_s17,64,4500,1.05,17,development,zrc64_v105_s17_heating,135,6750.0,13500,4801.657848309832,-8.950337409973145,16.6523343934581,8.598058700561523,1.8872159024025372,1.4355788618734562,2.7294129720141362,6fc12a4b3010bd375d2bcfd37835603c20017736965e7e27ca112a87cec44b71,hpc/results/round1-8-64/production/zrc64_T4500_v105_s17/jobs/zrc64_T4500_v105_s17/production/attempt-01/sampling/frames.extxyz,05e37e3688bdce1195b166c3cdb4e0b2767bce96dc36f5029349686ffc9fba78,,unassigned,153,stratified_random,17,0.025854618249542383
zrc64_T3000_v105_s17_f0060,zrc64_T3000_v105_s17,64,3000,1.05,17,development,zrc64_v105_s17_heating,60,3000.0,6000,2704.207342131615,-9.29437255859375,5.920111320175936,6.6572265625,1.909086608726983,2.745234177621191,2.917168637122797,96f83f1b5bdb1a4f540c9bf069677b8f3ddff78efe904fcce3091b2dd41f310c,hpc/results/round1-8-64/production/zrc64_T3000_v105_s17/jobs/zrc64_T3000_v105_s17/production/attempt-01/sampling/frames.extxyz,b4dccb6801af5c2276e8bda38746a4f6f66326b38d4a2344115b8b88f363d665,,unassigned,154,stratified_random,17,0.009477962386199532
zrc64_T5250_v105_s17_f0060,zrc64_T5250_v105_s17,64,5250,1.05,17,development,zrc64_v105_s17_heating,60,3000.0,6000,5779.286319518644,-8.301501274108887,26.003048475954287,7.495669841766357,1.8851378013588702,1.272102108894918,2.3089633361506494,aace432e09a7cb7685e5292c7fa27a3bccdd5ea736ea9114c3491afbd1dcdd9c,hpc/results/round1-8-64/production/zrc64_T5250_v105_s17/jobs/zrc64_T5250_v105_s17/production/attempt-01/sampling/frames.extxyz,98513e4ef98528a1f91bcd1e3ab3c9da409ecdb19122d0f4eb5d882dd43afa8e,,unassigned,155,stratified_random,17,0.03928454901461855
zrc64_T5250_v100_s17_f0100,zrc64_T5250_v100_s17,64,5250,1.0,17,development,zrc64_v100_s17_heating,100,5000.0,10000,5518.295378590532,-8.329339981079102,32.171465201940705,11.445792198181152,1.8023685007492047,1.3096550582691011,2.2341146605999382,0e0765f7bd77970a18e497a96b5f750ca899626fce24ec486863fe25c74d4972,hpc/results/round1-8-64/production/zrc64_T5250_v100_s17/jobs/zrc64_T5250_v100_s17/production/attempt-01/sampling/frames.extxyz,c105336a4968370fe0edbeab8640489ed047806d76ff10421d0ca32fae09eea0,,unassigned,156,stratified_random,17,0.038795163391894004
zrc64_T6000_v095_s17_f0020,zrc64_T6000_v095_s17,64,6000,0.95,17,development,zrc64_v095_s17_heating,20,1000.0,2000,6593.575842182171,-7.836853981018066,46.06231790659156,10.77981948852539,1.8416254870368827,1.262880323056578,2.1556845012839445,99b4b14ebd527f4b5462870dab7680ceeb24f5335fd353438c930604ae197b78,hpc/results/round1-8-64/production/zrc64_T6000_v095_s17/jobs/zrc64_T6000_v095_s17/production/attempt-01/sampling/frames.extxyz,ebfa194f0d83eb7ec3df31489d43cf1768b9a48d0c55db95d8af2f4e79e8302b,,unassigned,157,stratified_random,17,0.03931925469400199
zrc64_T1500_v095_s17_f0095,zrc64_T1500_v095_s17,64,1500,0.95,17,development,zrc64_v095_s17_heating,95,4750.0,9500,1601.6075045456264,-9.516826629638672,20.53047391394722,5.450742721557617,2.018432245973771,2.8377054262524033,2.988294702551212,d75cd51911092e3f9ca9c3f199f12a049fcc65e89dc352d72c22252e3ac07e3f,hpc/results/round1-8-64/production/zrc64_T1500_v095_s17/jobs/zrc64_T1500_v095_s17/production/attempt-01/sampling/frames.extxyz,5b28004032b343dfef216429d4e0761a24384595070cb03a21afa3c444c24067,,unassigned,158,stratified_random,17,0.005806032535435565
zrc64_T0300_v095_s17_f0040,zrc64_T0300_v095_s17,64,300,0.95,17,development,zrc64_v095_s17_heating,40,2000.0,4000,244.04970711971373,-9.650108337402344,15.079329490661621,2.2814455032348633,2.172320536756501,3.0893592477032024,3.1570012581442577,4f0a5ba9e2ba3bc698b785c440f6416501067ec6f6b352000314cb7968083715,experiments/zrc_mace_round1/jobs/zrc64_T0300_v095_s17/production/attempt-01/sampling/frames.extxyz,29fc41d9fad7160ccd2375073663700da24320df162982d90ed67297d635bd7d,,unassigned,159,stratified_random,17,0.0013477151422973618
zrc64_T6000_v105_s17_f0005,zrc64_T6000_v105_s17,64,6000,1.05,17,development,zrc64_v105_s17_heating,5,250.0,500,6469.028864324544,-8.036959648132324,30.47906364689821,13.323636054992676,1.7167792778820394,1.3012667398466635,2.3711829303281835,c1b1448356dafc5b72d08b1a984459c3fa91f79a5e0e8f1dd252d2c75f3383be,hpc/results/round1-8-64/production/zrc64_T6000_v105_s17/jobs/zrc64_T6000_v105_s17/production/attempt-01/sampling/frames.extxyz,ef738ec6f25e619a80c636ce84ec0302c99d26bcf9231bfb5a2f7e421275dfdc,,unassigned,160,stratified_random,17,0.04055905559241771
zrc64_T4500_v100_s17_f0020,zrc64_T4500_v100_s17,64,4500,1.0,17,development,zrc64_v100_s17_heating,20,1000.0,2000,4884.55359173333,-8.99817943572998,22.811008912024477,10.411271095275879,1.88747953618933,1.3657039743054449,2.689743279988043,2bb34c2703775c9c62a2a60c9bf8a9792de1ab271bf06804c14fe1dfad0c142d,hpc/results/round1-8-64/production/zrc64_T4500_v100_s17/jobs/zrc64_T4500_v100_s17/production/attempt-01/sampling/frames.extxyz,b5f6ee0648c369753023d9323aabfe46cfd7612607cbea2ffbfb15a993519ff2,,unassigned,161,stratified_random,17,0.024973736632297284
zrc64_T0300_v100_s17_f0060,zrc64_T0300_v100_s17,64,300,1.0,17,development,zrc64_v100_s17_heating,60,3000.0,6000,264.6865651455683,-9.676980972290039,1.5083266496658325,1.8646361827850342,2.202727015347939,3.173181280439295,3.1954034527106416,923967177ddda4d3a711183f4f4ce0314e2aac76722faa5e5e85cc97f9128d20,experiments/zrc_mace_round1/jobs/zrc64_T0300_v100_s17/production/attempt-01/sampling/frames.extxyz,b0e19e781d665d4f92fb7606a1fa566d8357e4b8f1c5799a79f193aea3456c2f,,unassigned,162,stratified_random,17,0.0020126744655498225
zrc64_T4500_v100_s17_f0110,zrc64_T4500_v100_s17,64,4500,1.0,17,development,zrc64_v100_s17_heating,110,5500.0,11000,4298.521363184437,-8.948517799377441,27.13229557929495,11.095104217529297,1.841467110394143,1.3521472990620609,2.728796303505944,df61402d2c3f3bde0f82002fc4fa5cdee00d3f58ba453a717d47da0f9d53520b,hpc/results/round1-8-64/production/zrc64_T4500_v100_s17/jobs/zrc64_T4500_v100_s17/production/attempt-01/sampling/frames.extxyz,b5f6ee0648c369753023d9323aabfe46cfd7612607cbea2ffbfb15a993519ff2,,unassigned,163,stratified_random,17,0.023654660708183502
zrc64_T1500_v095_s17_f0060,zrc64_T1500_v095_s17,64,1500,0.95,17,development,zrc64_v095_s17_heating,60,3000.0,6000,1381.5646507248484,-9.469364166259766,21.90175698741917,5.722066402435303,1.9941794093928058,2.7932645415121398,2.9421665239109327,14be6dd40229a9af697783f75632cf84d072c8c49de7178464b180e328f32a1e,hpc/results/round1-8-64/production/zrc64_T1500_v095_s17/jobs/zrc64_T1500_v095_s17/production/attempt-01/sampling/frames.extxyz,5b28004032b343dfef216429d4e0761a24384595070cb03a21afa3c444c24067,,unassigned,164,stratified_random,17,0.008375027969402319
zrc64_T1500_v100_s17_f0035,zrc64_T1500_v100_s17,64,1500,1.0,17,development,zrc64_v100_s17_heating,35,1750.0,3500,1434.2261834938308,-9.58031940460205,5.6625438398081815,4.6067352294921875,2.0385007530793,2.994315177780649,3.0628887703160914,1c16b6eaf49e6114d0d282c9424ab3c4f3b8c2e17ffeba794798d00fa9d54a57,hpc/results/round1-8-64/production/zrc64_T1500_v100_s17/jobs/zrc64_T1500_v100_s17/production/attempt-01/sampling/frames.extxyz,0b57a9d22d7e8c7db61735858cc30505ba173d07c1c4a6e396f17041a99b84e2,,unassigned,165,stratified_random,17,0.006492810076734523
zrc64_T6000_v100_s17_f0005,zrc64_T6000_v100_s17,64,6000,1.0,17,development,zrc64_v100_s17_heating,5,250.0,500,5729.528350212957,-8.041603088378906,34.61494056732048,8.058358192443848,1.8655216658990934,1.336732783036061,2.246952714747418,2f2e567586e8f7b9abb33c19ef5d8be8e0c7f0234d83ea1371b73631d9e68805,hpc/results/round1-8-64/production/zrc64_T6000_v100_s17/jobs/zrc64_T6000_v100_s17/production/attempt-01/sampling/frames.extxyz,41599cc730e48121c4bdac3bc09d76b684d95a277e129cddc8adb7f46e6d0946,,unassigned,166,stratified_random,17,0.04022151496460866
zrc64_T6000_v095_s17_f0085,zrc64_T6000_v095_s17,64,6000,0.95,17,development,zrc64_v095_s17_heating,85,4250.0,8500,6597.488494663399,-8.03034782409668,43.90789362449724,10.476552963256836,1.7503345990533503,1.304878228720881,2.2269036959633772,cd06166cafb5d1c0d29e464ca9ce2a0a2b579ec881e61dfc2d0fa45eb251e4ba,hpc/results/round1-8-64/production/zrc64_T6000_v095_s17/jobs/zrc64_T6000_v095_s17/production/attempt-01/sampling/frames.extxyz,ebfa194f0d83eb7ec3df31489d43cf1768b9a48d0c55db95d8af2f4e79e8302b,,unassigned,167,stratified_random,17,0.0366364322146541
zrc64_T6000_v105_s17_f0125,zrc64_T6000_v105_s17,64,6000,1.05,17,development,zrc64_v105_s17_heating,125,6250.0,12500,5988.085625074151,-8.09820556640625,27.5839540060451,16.279502868652344,1.8381319805548642,1.1760564131226359,2.4242443437476826,381fad88391a8043616a351c29dafc8c392b23d978cdfa7c3eb92b400e112e37,hpc/results/round1-8-64/production/zrc64_T6000_v105_s17/jobs/zrc64_T6000_v105_s17/production/attempt-01/sampling/frames.extxyz,ef738ec6f25e619a80c636ce84ec0302c99d26bcf9231bfb5a2f7e421275dfdc,,unassigned,168,stratified_random,17,0.04470576934412907
zrc64_T5250_v105_s17_f0140,zrc64_T5250_v105_s17,64,5250,1.05,17,development,zrc64_v105_s17_heating,140,7000.0,14000,5344.7911709269365,-8.169290542602539,24.202991802927546,10.242958068847656,1.7591774079665938,1.2773777362236036,2.273618691331339,48c8c4370f1e3a8b28e80acfe3beca27f63f8714c26324cf2b3fe50f59fbbb85,hpc/results/round1-8-64/production/zrc64_T5250_v105_s17/jobs/zrc64_T5250_v105_s17/production/attempt-01/sampling/frames.extxyz,98513e4ef98528a1f91bcd1e3ab3c9da409ecdb19122d0f4eb5d882dd43afa8e,,unassigned,169,stratified_random,17,0.042781649727404766
zrc64_T0300_v095_s17_f0110,zrc64_T0300_v095_s17,64,300,0.95,17,development,zrc64_v095_s17_heating,110,5500.0,11000,242.4151509940481,-9.64957332611084,15.080876350402832,2.6511805057525635,2.178924478504565,3.114004048653464,3.1652275498186566,a1075cf49de4543f0d5d81624df9aae49b50caba50d2dc1c8728739ca7c57026,experiments/zrc_mace_round1/jobs/zrc64_T0300_v095_s17/production/attempt-01/sampling/frames.extxyz,29fc41d9fad7160ccd2375073663700da24320df162982d90ed67297d635bd7d,,unassigned,170,stratified_random,17,0.0023090990937576885
zrc64_T0300_v100_s17_f0050,zrc64_T0300_v100_s17,64,300,1.0,17,development,zrc64_v100_s17_heating,50,2500.0,5000,266.1975958631651,-9.676360130310059,1.4080238342285156,1.8705689907073975,2.2101283811940005,3.1331610314379272,3.1693897226990195,28317bfd8b64151e4e0514d4282495025a40112c8e52fe3948dd907fba798dde,experiments/zrc_mace_round1/jobs/zrc64_T0300_v100_s17/production/attempt-01/sampling/frames.extxyz,b0e19e781d665d4f92fb7606a1fa566d8357e4b8f1c5799a79f193aea3456c2f,,unassigned,171,stratified_random,17,0.0019686934379365916
zrc64_T5250_v100_s17_f0015,zrc64_T5250_v100_s17,64,5250,1.0,17,development,zrc64_v100_s17_heating,15,750.0,1500,5606.495246988441,-8.650060653686523,31.971852517045832,11.760072708129883,1.7812349491186743,1.3221767835332832,2.5607579496315815,bed2992c17504789c861054c4238899de55a62fd21765e5a268f60a68932fd99,hpc/results/round1-8-64/production/zrc64_T5250_v100_s17/jobs/zrc64_T5250_v100_s17/production/attempt-01/sampling/frames.extxyz,c105336a4968370fe0edbeab8640489ed047806d76ff10421d0ca32fae09eea0,,unassigned,172,stratified_random,17,0.03625129301788622
zrc64_T4500_v105_s17_f0110,zrc64_T4500_v105_s17,64,4500,1.05,17,development,zrc64_v105_s17_heating,110,5500.0,11000,4690.404989128814,-8.843259811401367,21.479972197953845,10.945120811462402,1.871682118046362,1.2504880280179909,2.726273711693606,9ce4acb9cbf97f5d5544cb4de3065422b24c0b2f94a73e9c1f5bace946e59934,hpc/results/round1-8-64/production/zrc64_T4500_v105_s17/jobs/zrc64_T4500_v105_s17/production/attempt-01/sampling/frames.extxyz,05e37e3688bdce1195b166c3cdb4e0b2767bce96dc36f5029349686ffc9fba78,,unassigned,173,stratified_random,17,0.03047547265144367
zrc64_T3000_v095_s17_f0075,zrc64_T3000_v095_s17,64,3000,0.95,17,development,zrc64_v095_s17_heating,75,3750.0,7500,3411.2281377911754,-9.311695098876953,27.212784332812458,6.530073642730713,2.0238746446734446,2.7373265768266433,2.8009499964010365,371891d1edd2dfa9c8f1147f600d190bd3c3124a07d342765159b04a43562b6a,hpc/results/round1-8-64/production/zrc64_T3000_v095_s17/jobs/zrc64_T3000_v095_s17/production/attempt-01/sampling/frames.extxyz,38d42f886936a7c5334dbee7f9fc2d38457e89614c905ba8d473d57ee3aee2bb,,unassigned,174,stratified_random,17,0.00984719675396182
zrc64_T1500_v105_s17_f0015,zrc64_T1500_v105_s17,64,1500,1.05,17,development,zrc64_v105_s17_heating,15,750.0,1500,1551.124014251077,-9.49355697631836,-1.8653368801100636,4.410140037536621,2.05662214096504,3.0189745709908644,3.043327674541714,e3e4f9cf55e98451d6f6751a57e5ebe1fd5d2e5ffc25749702bf8e0a6cf8077f,hpc/results/round1-8-64/production/zrc64_T1500_v105_s17/jobs/zrc64_T1500_v105_s17/production/attempt-01/sampling/frames.extxyz,d28a4f0a705320a646044b919cebe9286d070451f48feede258cfdd61a8ba8f5,,unassigned,175,stratified_random,17,0.0075751550272929605
zrc64_T4500_v095_s17_f0190,zrc64_T4500_v095_s17,64,4500,0.95,17,development,zrc64_v095_s17_heating,190,9500.0,19000,4643.020606658285,-9.147390365600586,32.39069764952707,8.195199012756348,1.9770480565183672,2.646209939588051,2.719173623931036,858f8dd48f0ffe3cd7cbfaf110b6d1291e2882d760ded70af4efcff903a87693,hpc/results/round1-8-64/production/zrc64_T4500_v095_s17/jobs/zrc64_T4500_v095_s17/production/attempt-01/sampling/frames.extxyz,65116dd3c23f7ea4f37d5e963453d34409098eb6bae1ff570fe77bb92b99e81a,,unassigned,176,stratified_random,17,0.011853320840398656
zrc64_T0300_v105_s17_f0105,zrc64_T0300_v105_s17,64,300,1.05,17,development,zrc64_v105_s17_heating,105,5250.0,10500,319.48595996601387,-9.654743194580078,-8.724774360656738,1.6295803785324097,2.1983183017166943,3.2140096818525437,3.2019365781249562,6618c3342c58f106a1e182606ab7a1e6b98d11b7bb8e4624fceff9d7cdff99c0,experiments/zrc_mace_round1/jobs/zrc64_T0300_v105_s17/production/attempt-01/sampling/frames.extxyz,2e6224250d01b866f883442edea3e0ecd17b582eb99446eca08ba48b95249e08,,unassigned,177,stratified_random,17,0.0024683679742972205
zrc64_T5250_v095_s17_f0095,zrc64_T5250_v095_s17,64,5250,0.95,17,development,zrc64_v095_s17_heating,95,4750.0,9500,4992.58772121069,-8.355366706848145,42.26002405065823,7.489541530609131,1.8152238588460448,1.297855401351728,2.416678797342985,fb8b975dd9b9e1af945f7aeb40821d0a488b4fb68c3186393f2d8b56cea5430a,hpc/results/round1-8-64/production/zrc64_T5250_v095_s17/jobs/zrc64_T5250_v095_s17/production/attempt-01/sampling/frames.extxyz,7fdbc9fc59e3288da3c2fc653d1ed8709f0feeca8bf1573cf734a243a8eea755,,unassigned,178,stratified_random,17,0.044451657436903234
zrc64_T3000_v100_s17_f0055,zrc64_T3000_v100_s17,64,3000,1.0,17,development,zrc64_v100_s17_heating,55,2750.0,5500,3039.6066065435507,-9.287900924682617,14.394311962419586,6.914528846740723,1.9917995446986982,2.6105167102005082,2.90571103719689,e4755cfcba616f0324aab9d88c9aac67659e910342dd4afe04aaf22e9f4dc8b8,hpc/results/round1-8-64/production/zrc64_T3000_v100_s17/jobs/zrc64_T3000_v100_s17/production/attempt-01/sampling/frames.extxyz,a4444c4024dfaef8af475d257202e4ec0c331a45e9426cd5c950944caa131eaa,,unassigned,179,stratified_random,17,0.012471374900002032
zrc64_T3000_v105_s17_f0065,zrc64_T3000_v105_s17,64,3000,1.05,17,development,zrc64_v105_s17_heating,65,3250.0,6500,2484.0324084601807,-9.307489395141602,3.2304876882440285,8.142827033996582,1.957719437186418,2.6175125559022696,2.8563792447193426,c0908f475d3d08375007155cab359109e020ad4202311cac4ff7654f081dd93a,hpc/results/round1-8-64/production/zrc64_T3000_v105_s17/jobs/zrc64_T3000_v105_s17/production/attempt-01/sampling/frames.extxyz,b4dccb6801af5c2276e8bda38746a4f6f66326b38d4a2344115b8b88f363d665,,unassigned,180,stratified_random,17,0.01291126634970981
zrc64_T5250_v100_s17_f0135,zrc64_T5250_v100_s17,64,5250,1.0,17,development,zrc64_v100_s17_heating,135,6750.0,13500,4519.6412628584485,-8.202421188354492,31.415034428444667,17.209890365600586,1.7210856711124387,1.2723417019836187,2.390045223737392,7a82b317d368a555fd032a1d64e47a391a82e4dbf73aabe593e7ea71dadd19a4,hpc/results/round1-8-64/production/zrc64_T5250_v100_s17/jobs/zrc64_T5250_v100_s17/production/attempt-01/sampling/frames.extxyz,c105336a4968370fe0edbeab8640489ed047806d76ff10421d0ca32fae09eea0,,unassigned,181,stratified_random,17,0.04162944167014839
zrc64_T5250_v095_s17_f0180,zrc64_T5250_v095_s17,64,5250,0.95,17,development,zrc64_v095_s17_heating,180,9000.0,18000,5216.328906908993,-8.142739295959473,42.044477048306334,8.662954330444336,1.8445515352248176,1.31001318441765,2.27524695797645,519ebdfb4f453f4ec21408bb3ce87d8a7cd7c2aef31acee548a42e45adee3af2,hpc/results/round1-8-64/production/zrc64_T5250_v095_s17/jobs/zrc64_T5250_v095_s17/production/attempt-01/sampling/frames.extxyz,7fdbc9fc59e3288da3c2fc653d1ed8709f0feeca8bf1573cf734a243a8eea755,,unassigned,182,stratified_random,17,0.04752517553660043
zrc64_T3000_v100_s17_f0020,zrc64_T3000_v100_s17,64,3000,1.0,17,development,zrc64_v100_s17_heating,20,1000.0,2000,2959.289137646129,-9.25102710723877,16.306088715395322,6.822210311889648,1.9700438285961974,2.5880480033433297,2.8825348744703128,11a38df5324bed1b7a7fc1b735cdbe33738540a5839f36a6c2cc5bdc8fe4a3de,hpc/results/round1-8-64/production/zrc64_T3000_v100_s17/jobs/zrc64_T3000_v100_s17/production/attempt-01/sampling/frames.extxyz,a4444c4024dfaef8af475d257202e4ec0c331a45e9426cd5c950944caa131eaa,,unassigned,183,stratified_random,17,0.01543019323323575
zrc64_T6000_v100_s17_f0085,zrc64_T6000_v100_s17,64,6000,1.0,17,development,zrc64_v100_s17_heating,85,4250.0,8500,6643.963129054359,-8.227133750915527,31.622906729618435,9.009586334228516,1.851459880734537,1.2917974862512192,2.4251517380652237,6e25a76221d6b8908ec328e2fec74763cc7aba1aab8a076e3b01039c3c7e3ee4,hpc/results/round1-8-64/production/zrc64_T6000_v100_s17/jobs/zrc64_T6000_v100_s17/production/attempt-01/sampling/frames.extxyz,41599cc730e48121c4bdac3bc09d76b684d95a277e129cddc8adb7f46e6d0946,,unassigned,184,stratified_random,17,0.03441291937722645
zrc64_T3000_v105_s17_f0010,zrc64_T3000_v105_s17,64,3000,1.05,17,development,zrc64_v105_s17_heating,10,500.0,1000,2509.7966669875555,-9.354493141174316,2.9597897697713718,5.7450175285339355,1.9848747062428032,2.7077907458709114,2.981513976402841,49049dad94b45b37b4c9563152603ecf4840e70dd809378766b9035ab12bafda,hpc/results/round1-8-64/production/zrc64_T3000_v105_s17/jobs/zrc64_T3000_v105_s17/production/attempt-01/sampling/frames.extxyz,b4dccb6801af5c2276e8bda38746a4f6f66326b38d4a2344115b8b88f363d665,,unassigned,185,stratified_random,17,0.013074780411734566
zrc64_T4500_v105_s17_f0120,zrc64_T4500_v105_s17,64,4500,1.05,17,development,zrc64_v105_s17_heating,120,6000.0,12000,6551.286395241184,-8.927454948425293,16.363757838619257,6.0047736167907715,1.9011645674095559,1.3131405727383392,2.6158067807989185,297dc245a0ca0d1dc79f88eaf050748282008beebad30e091403dcb2118310f0,hpc/results/round1-8-64/production/zrc64_T4500_v105_s17/jobs/zrc64_T4500_v105_s17/production/attempt-01/sampling/frames.extxyz,05e37e3688bdce1195b166c3cdb4e0b2767bce96dc36f5029349686ffc9fba78,,unassigned,186,stratified_random,17,0.030557006856957294
zrc64_T3000_v095_s17_f0190,zrc64_T3000_v095_s17,64,3000,0.95,17,development,zrc64_v095_s17_heating,190,9500.0,19000,3019.169236977948,-9.323392868041992,27.34242852956658,6.7566986083984375,1.9327777801635493,2.7766062896945205,2.8806712781890638,d20a19037a313d41a15e0ff1e88fd2d64514e5b327765df4aa8c4da7f291e74f,hpc/results/round1-8-64/production/zrc64_T3000_v095_s17/jobs/zrc64_T3000_v095_s17/production/attempt-01/sampling/frames.extxyz,38d42f886936a7c5334dbee7f9fc2d38457e89614c905ba8d473d57ee3aee2bb,,unassigned,187,stratified_random,17,0.009301563217823479
zrc64_T1500_v095_s17_f0190,zrc64_T1500_v095_s17,64,1500,0.95,17,development,zrc64_v095_s17_heating,190,9500.0,19000,1651.9244341102342,-9.502901077270508,20.694998961269214,5.155311584472656,2.0183994582262885,2.8840961874132875,3.0250073586498827,6d66326e492b8bf8fdfbf9c9ebe461250a264807ae0fd0dd358008cf192f94ba,hpc/results/round1-8-64/production/zrc64_T1500_v095_s17/jobs/zrc64_T1500_v095_s17/production/attempt-01/sampling/frames.extxyz,5b28004032b343dfef216429d4e0761a24384595070cb03a21afa3c444c24067,,unassigned,188,stratified_random,17,0.004382467503537454
zrc64_T6000_v095_s17_f0105,zrc64_T6000_v095_s17,64,6000,0.95,17,development,zrc64_v095_s17_heating,105,5250.0,10500,5457.544938336666,-8.091464042663574,42.8503159240256,9.786301612854004,1.8152738465025868,1.3273855483056496,2.3476825981413447,9eae9a2677d001bfbd55f21e8c5d6a17ffd7921a4a1fb1fc6fb6cc0c9afb7cd9,hpc/results/round1-8-64/production/zrc64_T6000_v095_s17/jobs/zrc64_T6000_v095_s17/production/attempt-01/sampling/frames.extxyz,ebfa194f0d83eb7ec3df31489d43cf1768b9a48d0c55db95d8af2f4e79e8302b,,unassigned,189,stratified_random,17,0.037269987533871014
zrc64_T4500_v095_s17_f0115,zrc64_T4500_v095_s17,64,4500,0.95,17,development,zrc64_v095_s17_heating,115,5750.0,11500,4596.16007483844,-9.145553588867188,32.634421997885354,8.447525024414062,1.869475118175152,2.6538452360278213,2.872280849642185,8c3481b5a4b180b0bf9d8ecc813331cab838935d03651a577b4fd3133f8c59be,hpc/results/round1-8-64/production/zrc64_T4500_v095_s17/jobs/zrc64_T4500_v095_s17/production/attempt-01/sampling/frames.extxyz,65116dd3c23f7ea4f37d5e963453d34409098eb6bae1ff570fe77bb92b99e81a,,unassigned,190,stratified_random,17,0.012011579158539896
zrc64_T1500_v105_s17_f0090,zrc64_T1500_v105_s17,64,1500,1.05,17,development,zrc64_v105_s17_heating,90,4500.0,9000,1382.6422139327105,-9.499691009521484,-1.8486583785326902,3.8330509662628174,2.0318005047338397,3.0071897232445193,3.062846651361098,501152ac5579c7e83467a04c7301a4cd4127b3c72df9e28fa275511d5fa56ff9,hpc/results/round1-8-64/production/zrc64_T1500_v105_s17/jobs/zrc64_T1500_v105_s17/production/attempt-01/sampling/frames.extxyz,d28a4f0a705320a646044b919cebe9286d070451f48feede258cfdd61a8ba8f5,,unassigned,191,stratified_random,17,0.007304090446825258
zrc64_T4500_v100_s17_f0035,zrc64_T4500_v100_s17,64,4500,1.0,17,development,zrc64_v100_s17_heating,35,1750.0,3500,5114.096459002467,-9.032448768615723,24.355996331676664,9.369853973388672,1.9098146285381932,1.2866680706222182,2.552488242908581,6d079b76a4b20a43a54f009a21e34113e97ca6a1316dbf16297f9a8a7e66e7ab,hpc/results/round1-8-64/production/zrc64_T4500_v100_s17/jobs/zrc64_T4500_v100_s17/production/attempt-01/sampling/frames.extxyz,b5f6ee0648c369753023d9323aabfe46cfd7612607cbea2ffbfb15a993519ff2,,unassigned,192,stratified_random,17,0.01854941767920851
zrc64_T0300_v100_s17_f0005,zrc64_T0300_v100_s17,64,300,1.0,17,development,zrc64_v100_s17_heating,5,250.0,500,299.43956967698244,-9.674966812133789,1.5111582279205322,1.980086088180542,2.192738473060321,3.177417298572453,3.20822698656089,6fe6d2458d0645d51906bf0046de8620b3434a344af1a0f015fe4bca4874ba42,experiments/zrc_mace_round1/jobs/zrc64_T0300_v100_s17/production/attempt-01/sampling/frames.extxyz,b0e19e781d665d4f92fb7606a1fa566d8357e4b8f1c5799a79f193aea3456c2f,,unassigned,193,stratified_random,17,0.0026487171376039197
zrc64_T5250_v105_s17_f0155,zrc64_T5250_v105_s17,64,5250,1.05,17,development,zrc64_v105_s17_heating,155,7750.0,15500,5306.089384642338,-8.293825149536133,20.662860287483884,8.691142082214355,1.882506304826064,1.2388044717659723,2.3988665296744283,eba650ad5b39890e40dc021b506e56566570fcc121c87f103468f4a37a8f3700,hpc/results/round1-8-64/production/zrc64_T5250_v105_s17/jobs/zrc64_T5250_v105_s17/production/attempt-01/sampling/frames.extxyz,98513e4ef98528a1f91bcd1e3ab3c9da409ecdb19122d0f4eb5d882dd43afa8e,,unassigned,194,stratified_random,17,0.039514016056194805
zrc64_T1500_v100_s17_f0010,zrc64_T1500_v100_s17,64,1500,1.0,17,development,zrc64_v100_s17_heating,10,500.0,1000,1516.4684546928745,-9.51262092590332,7.771622553403815,5.159499168395996,2.0372623194147073,2.7900773555950664,3.0213406408573165,423cc06434fac5e5d26477d82293f9e73bbe11f3906bb7d983b4a71b03d05a48,hpc/results/round1-8-64/production/zrc64_T1500_v100_s17/jobs/zrc64_T1500_v100_s17/production/attempt-01/sampling/frames.extxyz,0b57a9d22d7e8c7db61735858cc30505ba173d07c1c4a6e396f17041a99b84e2,,unassigned,195,stratified_random,17,0.00629042418463995
zrc64_T0300_v105_s17_f0185,zrc64_T0300_v105_s17,64,300,1.05,17,development,zrc64_v105_s17_heating,185,9250.0,18500,286.1410826120881,-9.65590763092041,-8.650604248046875,2.368262529373169,2.238350352476919,3.1464853629762044,3.1720482811153543,05cd02794e73dc904e1cfd00d6eff2ef81694c0ccacddef3d44fae7b6f007a95,experiments/zrc_mace_round1/jobs/zrc64_T0300_v105_s17/production/attempt-01/sampling/frames.extxyz,2e6224250d01b866f883442edea3e0ecd17b582eb99446eca08ba48b95249e08,,unassigned,196,stratified_random,17,0.002665261598357813
zrc64_T0300_v095_s17_f0150,zrc64_T0300_v095_s17,64,300,0.95,17,development,zrc64_v095_s17_heating,150,7500.0,15000,240.52305557721652,-9.650367736816406,15.122061729431152,2.163243293762207,2.187306485963297,3.08995985801865,3.12025796227728,91c73a38d9a211c724feabf145527732d369d16a054d0e0b5276a50b22ad2aa0,experiments/zrc_mace_round1/jobs/zrc64_T0300_v095_s17/production/attempt-01/sampling/frames.extxyz,29fc41d9fad7160ccd2375073663700da24320df162982d90ed67297d635bd7d,,unassigned,197,stratified_random,17,0.0022035673211319943
zrc64_T6000_v105_s17_f0090,zrc64_T6000_v105_s17,64,6000,1.05,17,development,zrc64_v105_s17_heating,90,4500.0,9000,6111.672238782455,-8.147331237792969,30.367534755062255,12.789743423461914,1.8076281823762177,1.1949899152245305,2.0493494828200998,27111f34953e3e7ee02cc995513fe744b4a173913914d449a8d70323d0da393a,hpc/results/round1-8-64/production/zrc64_T6000_v105_s17/jobs/zrc64_T6000_v105_s17/production/attempt-01/sampling/frames.extxyz,ef738ec6f25e619a80c636ce84ec0302c99d26bcf9231bfb5a2f7e421275dfdc,,unassigned,198,stratified_random,17,0.034563005714178634
zrc64_T3000_v100_s17_f0190,zrc64_T3000_v100_s17,64,3000,1.0,17,development,zrc64_v100_s17_heating,190,9500.0,19000,3036.7276799783826,-9.318817138671875,14.50619250629797,7.926318168640137,1.9661175437930376,2.8266089525080464,2.8488974924170263,0dc6735f828bdd5ba3ff618c5ad8bf2b76fcea1949aa0d1c1aee46d49b2d797b,hpc/results/round1-8-64/production/zrc64_T3000_v100_s17/jobs/zrc64_T3000_v100_s17/production/attempt-01/sampling/frames.extxyz,a4444c4024dfaef8af475d257202e4ec0c331a45e9426cd5c950944caa131eaa,,unassigned,199,stratified_random,17,0.007684558160590683
zrc64_T5250_v100_s17_f0155,zrc64_T5250_v100_s17,64,5250,1.0,17,development,zrc64_v100_s17_heating,155,7750.0,15500,5952.300015989161,-8.340672492980957,28.745136387100924,9.902912139892578,1.8366453686130573,1.347266689474127,2.425127984994877,b7f789fe67ddd5e2d1408eabd34f0ed8b8b7a93f4b5b2f4a08a374379e0a60b6,hpc/results/round1-8-64/production/zrc64_T5250_v100_s17/jobs/zrc64_T5250_v100_s17/production/attempt-01/sampling/frames.extxyz,c105336a4968370fe0edbeab8640489ed047806d76ff10421d0ca32fae09eea0,,unassigned,200,stratified_random,17,0.035157413364668266
