frame_id,job_id,atoms,target_temperature_K,volume_scale,md_seed,split,source_group,frame_index_zero_based,sampling_time_fs,step,temperature_K,MACE_energy_eV_atom,MACE_pressure_GPa,MACE_max_force_eV_A,min_ZrC_A,min_CC_A,min_ZrZr_A,geometry_sha256,source_path,source_sha256,duplicate_of,phase,rank,method,selection_seed,min_SOAP_distance_before_selection
zrc64_T6000_v095_s17_f0020,zrc64_T6000_v095_s17,64,6000,0.95,17,development,zrc64_v095_s17_heating,20,1000.0,2000,6593.575842182171,-7.836853981018066,46.06231790659156,10.77981948852539,1.8416254870368827,1.262880323056578,2.1556845012839445,99b4b14ebd527f4b5462870dab7680ceeb24f5335fd353438c930604ae197b78,hpc/results/round1-8-64/production/zrc64_T6000_v095_s17/jobs/zrc64_T6000_v095_s17/production/attempt-01/sampling/frames.extxyz,ebfa194f0d83eb7ec3df31489d43cf1768b9a48d0c55db95d8af2f4e79e8302b,,unassigned,1,stratified_SOAP_FPS,42,
zrc64_T6000_v105_s17_f0035,zrc64_T6000_v105_s17,64,6000,1.05,17,development,zrc64_v105_s17_heating,35,1750.0,3500,6202.690764392465,-8.04699993133545,31.848297518296253,11.4102783203125,1.8028134849535848,1.3275600539453574,2.3402741982192388,70091f5e5608e7b7c0e906d7ea79b8bd249db48d0f1fe809409805c3a402730a,hpc/results/round1-8-64/production/zrc64_T6000_v105_s17/jobs/zrc64_T6000_v105_s17/production/attempt-01/sampling/frames.extxyz,ef738ec6f25e619a80c636ce84ec0302c99d26bcf9231bfb5a2f7e421275dfdc,,unassigned,2,stratified_SOAP_FPS,42,0.09709550854999215
zrc64_T5250_v100_s17_f0010,zrc64_T5250_v100_s17,64,5250,1.0,17,development,zrc64_v100_s17_heating,10,500.0,1000,5135.063562972283,-8.727621078491211,30.19490617874849,10.469423294067383,1.861360007786885,1.254705854787087,2.6252054855879874,41be4fe10dfc88bc643908ada62289515e8984c1027dafe092ca2281e967ff7c,hpc/results/round1-8-64/production/zrc64_T5250_v100_s17/jobs/zrc64_T5250_v100_s17/production/attempt-01/sampling/frames.extxyz,c105336a4968370fe0edbeab8640489ed047806d76ff10421d0ca32fae09eea0,,unassigned,3,stratified_SOAP_FPS,42,0.1209822961172778
zrc64_T3000_v100_s17_f0145,zrc64_T3000_v100_s17,64,3000,1.0,17,development,zrc64_v100_s17_heating,145,7250.0,14500,3590.0907024911053,-9.373064994812012,14.654409117305734,6.599186897277832,1.9833654188325478,2.7940640501073712,2.966365409697474,a44e2aa5a5e462220042593d1553f822972190da4b5696774ea07e8265055fee,hpc/results/round1-8-64/production/zrc64_T3000_v100_s17/jobs/zrc64_T3000_v100_s17/production/attempt-01/sampling/frames.extxyz,a4444c4024dfaef8af475d257202e4ec0c331a45e9426cd5c950944caa131eaa,,unassigned,4,stratified_SOAP_FPS,42,0.16029095609352942
zrc64_T4500_v095_s17_f0055,zrc64_T4500_v095_s17,64,4500,0.95,17,development,zrc64_v095_s17_heating,55,2750.0,5500,3931.103016141614,-8.992778778076172,35.18648914180317,9.30834674835205,1.9331978728587493,1.4284728193297693,2.708561490368294,2e64ff8ec8430c06328e3d7f035d365b98ad09e770263a415024289c8d762688,hpc/results/round1-8-64/production/zrc64_T4500_v095_s17/jobs/zrc64_T4500_v095_s17/production/attempt-01/sampling/frames.extxyz,65116dd3c23f7ea4f37d5e963453d34409098eb6bae1ff570fe77bb92b99e81a,,unassigned,5,stratified_SOAP_FPS,42,0.09546987957287853
zrc64_T4500_v100_s17_f0045,zrc64_T4500_v100_s17,64,4500,1.0,17,development,zrc64_v100_s17_heating,45,2250.0,4500,4202.599893071851,-8.896921157836914,22.16963570656102,7.805783748626709,1.8668329114293836,1.3085159913993896,2.5750949656167132,416e9d358a2a3c403832155fa626ddd4041a35e24b6b9bc21f6cceef3c226b6b,hpc/results/round1-8-64/production/zrc64_T4500_v100_s17/jobs/zrc64_T4500_v100_s17/production/attempt-01/sampling/frames.extxyz,b5f6ee0648c369753023d9323aabfe46cfd7612607cbea2ffbfb15a993519ff2,,unassigned,6,stratified_SOAP_FPS,42,0.05943090163956616
zrc64_T3000_v095_s17_f0115,zrc64_T3000_v095_s17,64,3000,0.95,17,development,zrc64_v095_s17_heating,115,5750.0,11500,2510.1967425983976,-9.220160484313965,29.966724751277443,8.176387786865234,1.877343854863728,2.631718620043943,2.816872160476254,e86797068b4acbe32cdf92246cc7254c2c4de0564c53a6f3fa4d2d6e803c0d69,hpc/results/round1-8-64/production/zrc64_T3000_v095_s17/jobs/zrc64_T3000_v095_s17/production/attempt-01/sampling/frames.extxyz,38d42f886936a7c5334dbee7f9fc2d38457e89614c905ba8d473d57ee3aee2bb,,unassigned,7,stratified_SOAP_FPS,42,0.046463991687150465
zrc64_T1500_v100_s17_f0035,zrc64_T1500_v100_s17,64,1500,1.0,17,development,zrc64_v100_s17_heating,35,1750.0,3500,1434.2261834938308,-9.58031940460205,5.6625438398081815,4.6067352294921875,2.0385007530793,2.994315177780649,3.0628887703160914,1c16b6eaf49e6114d0d282c9424ab3c4f3b8c2e17ffeba794798d00fa9d54a57,hpc/results/round1-8-64/production/zrc64_T1500_v100_s17/jobs/zrc64_T1500_v100_s17/production/attempt-01/sampling/frames.extxyz,0b57a9d22d7e8c7db61735858cc30505ba173d07c1c4a6e396f17041a99b84e2,,unassigned,8,stratified_SOAP_FPS,42,0.028213377479807133
zrc64_T0300_v100_s17_f0020,zrc64_T0300_v100_s17,64,300,1.0,17,development,zrc64_v100_s17_heating,20,1000.0,2000,279.2662867829599,-9.68071174621582,1.4001381397247314,1.7443382740020752,2.2121303722554955,3.174776847911745,3.214055866668665,24622ef0add572f2a1c59b038ba9e7eb8687dd260de919d6ac991e67bc1202f8,experiments/zrc_mace_round1/jobs/zrc64_T0300_v100_s17/production/attempt-01/sampling/frames.extxyz,b0e19e781d665d4f92fb7606a1fa566d8357e4b8f1c5799a79f193aea3456c2f,,unassigned,9,stratified_SOAP_FPS,42,0.023124664124450224
zrc64_T5250_v105_s17_f0075,zrc64_T5250_v105_s17,64,5250,1.05,17,development,zrc64_v105_s17_heating,75,3750.0,7500,5144.207098430176,-8.342785835266113,23.176627054680907,9.528843879699707,1.7599438793448163,1.3241215342903545,2.4261312823210437,4c8b91e85b8e88398844d57b4bdcf8782b125cecf2647b686475f8c0e3aaa4e5,hpc/results/round1-8-64/production/zrc64_T5250_v105_s17/jobs/zrc64_T5250_v105_s17/production/attempt-01/sampling/frames.extxyz,98513e4ef98528a1f91bcd1e3ab3c9da409ecdb19122d0f4eb5d882dd43afa8e,,unassigned,10,stratified_SOAP_FPS,42,0.08684167027786051
zrc64_T1500_v105_s17_f0020,zrc64_T1500_v105_s17,64,1500,1.05,17,development,zrc64_v105_s17_heating,20,1000.0,2000,1300.9733907309515,-9.515111923217773,-3.5509027306680556,4.017745018005371,2.058127746830278,3.01957330223983,3.086153582712448,39decb51a59fe365dc0d365ac39d396c23c8f656d69dbf2b67491b34f4a9abee,hpc/results/round1-8-64/production/zrc64_T1500_v105_s17/jobs/zrc64_T1500_v105_s17/production/attempt-01/sampling/frames.extxyz,d28a4f0a705320a646044b919cebe9286d070451f48feede258cfdd61a8ba8f5,,unassigned,11,stratified_SOAP_FPS,42,0.04460775414109556
zrc64_T4500_v105_s17_f0020,zrc64_T4500_v105_s17,64,4500,1.05,17,development,zrc64_v105_s17_heating,20,1000.0,2000,4145.796620565565,-8.822909355163574,17.857363511175148,9.29629135131836,1.860529972156709,1.3164573809936027,2.6800317979094332,1ce5914d40e3c2b1295e13a102ffa9f4f947ded940484feb71b90d9742e2df0c,hpc/results/round1-8-64/production/zrc64_T4500_v105_s17/jobs/zrc64_T4500_v105_s17/production/attempt-01/sampling/frames.extxyz,05e37e3688bdce1195b166c3cdb4e0b2767bce96dc36f5029349686ffc9fba78,,unassigned,12,stratified_SOAP_FPS,42,0.06677738955361082
zrc64_T0300_v105_s17_f0035,zrc64_T0300_v105_s17,64,300,1.05,17,development,zrc64_v105_s17_heating,35,1750.0,3500,310.9935030550337,-9.658937454223633,-8.819758415222168,1.7794971466064453,2.248525059365462,3.213097293583193,3.2378612063478163,66a1de4f0c84f3afbbd2b2ffc3d3abe36a42127c1da4cd3c218048a8a3188201,experiments/zrc_mace_round1/jobs/zrc64_T0300_v105_s17/production/attempt-01/sampling/frames.extxyz,2e6224250d01b866f883442edea3e0ecd17b582eb99446eca08ba48b95249e08,,unassigned,13,stratified_SOAP_FPS,42,0.032862196579802674
zrc64_T1500_v095_s17_f0040,zrc64_T1500_v095_s17,64,1500,0.95,17,development,zrc64_v095_s17_heating,40,2000.0,4000,1368.1361641265146,-9.557026863098145,19.259018155266624,4.289515972137451,2.0994511956345363,2.990988700206824,3.0230150651319745,426704b97d09c87c7d702dd6439d363542d0da31efcddf330728a221f4c5dc19,hpc/results/round1-8-64/production/zrc64_T1500_v095_s17/jobs/zrc64_T1500_v095_s17/production/attempt-01/sampling/frames.extxyz,5b28004032b343dfef216429d4e0761a24384595070cb03a21afa3c444c24067,,unassigned,14,stratified_SOAP_FPS,42,0.04181069424508687
zrc64_T6000_v100_s17_f0055,zrc64_T6000_v100_s17,64,6000,1.0,17,development,zrc64_v100_s17_heating,55,2750.0,5500,6755.85879963537,-8.080667495727539,36.85632919607185,12.031161308288574,1.8151427100650375,1.1703727413401646,2.049562169171244,588bf899b53286e3415ee71338d3627ed40de900ba969f17a0c8bf1ad59edb54,hpc/results/round1-8-64/production/zrc64_T6000_v100_s17/jobs/zrc64_T6000_v100_s17/production/attempt-01/sampling/frames.extxyz,41599cc730e48121c4bdac3bc09d76b684d95a277e129cddc8adb7f46e6d0946,,unassigned,15,stratified_SOAP_FPS,42,0.07340945493783221
zrc64_T0300_v095_s17_f0150,zrc64_T0300_v095_s17,64,300,0.95,17,development,zrc64_v095_s17_heating,150,7500.0,15000,240.52305557721652,-9.650367736816406,15.122061729431152,2.163243293762207,2.187306485963297,3.08995985801865,3.12025796227728,91c73a38d9a211c724feabf145527732d369d16a054d0e0b5276a50b22ad2aa0,experiments/zrc_mace_round1/jobs/zrc64_T0300_v095_s17/production/attempt-01/sampling/frames.extxyz,29fc41d9fad7160ccd2375073663700da24320df162982d90ed67297d635bd7d,,unassigned,16,stratified_SOAP_FPS,42,0.017357655158986504
zrc64_T5250_v095_s17_f0100,zrc64_T5250_v095_s17,64,5250,0.95,17,development,zrc64_v095_s17_heating,100,5000.0,10000,5580.723520222994,-8.281623840332031,45.76414694980749,12.683792114257812,1.823437132371246,1.2516157179434864,2.441212820344648,d58d83e26e160f09904f0b1e499ede0ee287126d3a8a60e023fb6646cc9159b2,hpc/results/round1-8-64/production/zrc64_T5250_v095_s17/jobs/zrc64_T5250_v095_s17/production/attempt-01/sampling/frames.extxyz,7fdbc9fc59e3288da3c2fc653d1ed8709f0feeca8bf1573cf734a243a8eea755,,unassigned,17,stratified_SOAP_FPS,42,0.07308373411387421
zrc64_T3000_v105_s17_f0140,zrc64_T3000_v105_s17,64,3000,1.05,17,development,zrc64_v105_s17_heating,140,7000.0,14000,3153.018604141161,-9.229361534118652,7.178188549523015,7.2308573722839355,1.867887093894972,2.6945503284497345,2.7806844817834437,9c769bc38eae40718f241b68e4bce5a8620571ad8b8ea85650124498e31816a0,hpc/results/round1-8-64/production/zrc64_T3000_v105_s17/jobs/zrc64_T3000_v105_s17/production/attempt-01/sampling/frames.extxyz,b4dccb6801af5c2276e8bda38746a4f6f66326b38d4a2344115b8b88f363d665,,unassigned,18,stratified_SOAP_FPS,42,0.04432643039144638
zrc64_T5250_v100_s17_f0075,zrc64_T5250_v100_s17,64,5250,1.0,17,development,zrc64_v100_s17_heating,75,3750.0,7500,5378.923329353338,-8.13862419128418,33.560138825950304,9.541313171386719,1.8589632894976051,1.236572052768619,2.225541749029568,8fd50ac266c17fe2eae9c23b74e1dd8626bbf44e707d8c192dec38e7fb9d1d0b,hpc/results/round1-8-64/production/zrc64_T5250_v100_s17/jobs/zrc64_T5250_v100_s17/production/attempt-01/sampling/frames.extxyz,c105336a4968370fe0edbeab8640489ed047806d76ff10421d0ca32fae09eea0,,unassigned,19,stratified_SOAP_FPS,42,0.07212172759048854
zrc64_T3000_v095_s17_f0005,zrc64_T3000_v095_s17,64,3000,0.95,17,development,zrc64_v095_s17_heating,5,250.0,500,2906.166797547461,-9.37210750579834,25.863188454268872,5.427310943603516,1.983026361162348,2.80166398269328,2.8813243909078183,21e656a054c64da7fcd634f702ce3fd6c5d7b0b1f1ba4dd70ffde18c9c6c8f97,hpc/results/round1-8-64/production/zrc64_T3000_v095_s17/jobs/zrc64_T3000_v095_s17/production/attempt-01/sampling/frames.extxyz,38d42f886936a7c5334dbee7f9fc2d38457e89614c905ba8d473d57ee3aee2bb,,unassigned,20,stratified_SOAP_FPS,42,0.02179200227048677
zrc64_T3000_v105_s17_f0090,zrc64_T3000_v105_s17,64,3000,1.05,17,development,zrc64_v105_s17_heating,90,4500.0,9000,2803.1792320793757,-9.364121437072754,3.8236329895063217,6.373288631439209,1.931171994651836,2.8508107581160025,2.9698284045066754,99562eb1e92dd2993f6e70a68e4914d1a7108ca5c1c391367825dfe99a580d5a,hpc/results/round1-8-64/production/zrc64_T3000_v105_s17/jobs/zrc64_T3000_v105_s17/production/attempt-01/sampling/frames.extxyz,b4dccb6801af5c2276e8bda38746a4f6f66326b38d4a2344115b8b88f363d665,,unassigned,21,stratified_SOAP_FPS,42,0.024318027024547488
zrc64_T3000_v100_s17_f0060,zrc64_T3000_v100_s17,64,3000,1.0,17,development,zrc64_v100_s17_heating,60,3000.0,6000,2059.759962916072,-9.319141387939453,12.361119825772773,6.9787397384643555,1.9424632612535737,2.6316313362140202,2.9072988352330555,1ede435c6a511dec84d2d82ffb83a8d877ef455e82f7e83bee7668c106793d76,hpc/results/round1-8-64/production/zrc64_T3000_v100_s17/jobs/zrc64_T3000_v100_s17/production/attempt-01/sampling/frames.extxyz,a4444c4024dfaef8af475d257202e4ec0c331a45e9426cd5c950944caa131eaa,,unassigned,22,stratified_SOAP_FPS,42,0.02541058691381201
zrc64_T1500_v095_s17_f0070,zrc64_T1500_v095_s17,64,1500,0.95,17,development,zrc64_v095_s17_heating,70,3500.0,7000,1745.1624934679908,-9.474870681762695,21.95403427234165,5.854183673858643,2.0070339413310037,2.8996806742845394,2.922835585267994,3301a1689c5d6bb940b886c835efcd53bb6d2ee238d442b3f48d0ec64f941512,hpc/results/round1-8-64/production/zrc64_T1500_v095_s17/jobs/zrc64_T1500_v095_s17/production/attempt-01/sampling/frames.extxyz,5b28004032b343dfef216429d4e0761a24384595070cb03a21afa3c444c24067,,unassigned,23,stratified_SOAP_FPS,42,0.015613015765168941
zrc64_T0300_v095_s17_f0140,zrc64_T0300_v095_s17,64,300,0.95,17,development,zrc64_v095_s17_heating,140,7000.0,14000,281.42317541487716,-9.648665428161621,15.154378890991211,2.0095534324645996,2.1724338132285053,3.0880817992909813,3.145535070537928,63fdfd70f17df00b271e65d445a9c843d548ee3f88071c7b7da24ba32a8916de,experiments/zrc_mace_round1/jobs/zrc64_T0300_v095_s17/production/attempt-01/sampling/frames.extxyz,29fc41d9fad7160ccd2375073663700da24320df162982d90ed67297d635bd7d,,unassigned,24,stratified_SOAP_FPS,42,0.006733445749860368
zrc64_T6000_v095_s17_f0015,zrc64_T6000_v095_s17,64,6000,0.95,17,development,zrc64_v095_s17_heating,15,750.0,1500,6133.185170693796,-7.834315299987793,49.41064559278123,14.44262409210205,1.6548732342156052,1.2652162448767972,2.302671802608604,f693fb96b1a7e6eacf55379f9611ff4e1fa2d3051476989add65f6cdd47fb8ac,hpc/results/round1-8-64/production/zrc64_T6000_v095_s17/jobs/zrc64_T6000_v095_s17/production/attempt-01/sampling/frames.extxyz,ebfa194f0d83eb7ec3df31489d43cf1768b9a48d0c55db95d8af2f4e79e8302b,,unassigned,25,stratified_SOAP_FPS,42,0.06601596802503656
zrc64_T1500_v105_s17_f0035,zrc64_T1500_v105_s17,64,1500,1.05,17,development,zrc64_v105_s17_heating,35,1750.0,3500,1554.6175646363076,-9.482958793640137,-2.0705945497824727,5.37630033493042,1.9530427502254601,2.7367506933628625,3.095963754087477,ca5fc8def931eba048f9770f0f31cf2344d65399fbfe330bac8304f7c11d7e84,hpc/results/round1-8-64/production/zrc64_T1500_v105_s17/jobs/zrc64_T1500_v105_s17/production/attempt-01/sampling/frames.extxyz,d28a4f0a705320a646044b919cebe9286d070451f48feede258cfdd61a8ba8f5,,unassigned,26,stratified_SOAP_FPS,42,0.015445249809061631
zrc64_T4500_v100_s17_f0145,zrc64_T4500_v100_s17,64,4500,1.0,17,development,zrc64_v100_s17_heating,145,7250.0,14500,4029.668899799947,-9.055949211120605,21.234528963492167,8.734325408935547,1.873884503032087,1.3509410187327473,2.7543972987263516,534978675df47c92d431ae4b2e9586b24914aeab4213c280c720a4f5d54ed771,hpc/results/round1-8-64/production/zrc64_T4500_v100_s17/jobs/zrc64_T4500_v100_s17/production/attempt-01/sampling/frames.extxyz,b5f6ee0648c369753023d9323aabfe46cfd7612607cbea2ffbfb15a993519ff2,,unassigned,27,stratified_SOAP_FPS,42,0.04996233646398322
zrc64_T0300_v100_s17_f0190,zrc64_T0300_v100_s17,64,300,1.0,17,development,zrc64_v100_s17_heating,190,9500.0,19000,291.8211784738539,-9.669743537902832,1.6175956726074219,2.0542123317718506,2.1858041484266932,3.1759210674863616,3.1765793192450102,e1eb59144ca7351d9f65bfc9ac99db8fb4ceea34dc8da37ee1b74786e37bd2b1,experiments/zrc_mace_round1/jobs/zrc64_T0300_v100_s17/production/attempt-01/sampling/frames.extxyz,b0e19e781d665d4f92fb7606a1fa566d8357e4b8f1c5799a79f193aea3456c2f,,unassigned,28,stratified_SOAP_FPS,42,0.007522311567447322
zrc64_T4500_v105_s17_f0060,zrc64_T4500_v105_s17,64,4500,1.05,17,development,zrc64_v105_s17_heating,60,3000.0,6000,4164.375321645314,-9.128588676452637,11.581230290775757,7.485491752624512,1.900162966428239,1.4342947703407165,2.63355842937827,bf6b9bb31b6d8415f4390fe3b7e3c9f7fd24b28ca3e760cd9c4906fb78c86c38,hpc/results/round1-8-64/production/zrc64_T4500_v105_s17/jobs/zrc64_T4500_v105_s17/production/attempt-01/sampling/frames.extxyz,05e37e3688bdce1195b166c3cdb4e0b2767bce96dc36f5029349686ffc9fba78,,unassigned,29,stratified_SOAP_FPS,42,0.054117009765321904
zrc64_T6000_v100_s17_f0060,zrc64_T6000_v100_s17,64,6000,1.0,17,development,zrc64_v100_s17_heating,60,3000.0,6000,5454.345287222634,-8.197627067565918,33.9203036740906,10.863419532775879,1.854142909624498,1.217630263809758,2.355896789024353,76729989ca952ef19696c5b3a22b8ea08fbeb0971305768103cdeebddb8deedd,hpc/results/round1-8-64/production/zrc64_T6000_v100_s17/jobs/zrc64_T6000_v100_s17/production/attempt-01/sampling/frames.extxyz,41599cc730e48121c4bdac3bc09d76b684d95a277e129cddc8adb7f46e6d0946,,unassigned,30,stratified_SOAP_FPS,42,0.06546355802631258
zrc64_T0300_v105_s17_f0030,zrc64_T0300_v105_s17,64,300,1.05,17,development,zrc64_v105_s17_heating,30,1500.0,3000,303.8238636552971,-9.64461898803711,-8.393218040466309,1.9891026020050049,2.166524464898071,3.173381683579011,3.228829415612599,58d0e30e5ed635159892a1d925f7842c1b1f162db6d82e90f9ae7c51510fcaf9,experiments/zrc_mace_round1/jobs/zrc64_T0300_v105_s17/production/attempt-01/sampling/frames.extxyz,2e6224250d01b866f883442edea3e0ecd17b582eb99446eca08ba48b95249e08,,unassigned,31,stratified_SOAP_FPS,42,0.010260653181773516
zrc64_T5250_v105_s17_f0130,zrc64_T5250_v105_s17,64,5250,1.05,17,development,zrc64_v105_s17_heating,130,6500.0,13000,4942.312074228499,-8.258811950683594,24.50003541808156,9.461159706115723,1.86272253651547,1.2126192065338788,2.325025561229825,5ffd67660e785fc34af593228a4560e50df1e0de2dc04d0c39377b8ea1e56faf,hpc/results/round1-8-64/production/zrc64_T5250_v105_s17/jobs/zrc64_T5250_v105_s17/production/attempt-01/sampling/frames.extxyz,98513e4ef98528a1f91bcd1e3ab3c9da409ecdb19122d0f4eb5d882dd43afa8e,,unassigned,32,stratified_SOAP_FPS,42,0.0711856823623328
zrc64_T4500_v095_s17_f0095,zrc64_T4500_v095_s17,64,4500,0.95,17,development,zrc64_v095_s17_heating,95,4750.0,9500,4737.274744950833,-9.091711044311523,33.66829638110724,8.169904708862305,1.8225255727664937,1.8424177789022684,2.7763613802856595,12483361d7afa703ba3848f95fc791b12a7f969e66d3b0234882dc74f7122486,hpc/results/round1-8-64/production/zrc64_T4500_v095_s17/jobs/zrc64_T4500_v095_s17/production/attempt-01/sampling/frames.extxyz,65116dd3c23f7ea4f37d5e963453d34409098eb6bae1ff570fe77bb92b99e81a,,unassigned,33,stratified_SOAP_FPS,42,0.042856759288752565
zrc64_T1500_v100_s17_f0090,zrc64_T1500_v100_s17,64,1500,1.0,17,development,zrc64_v100_s17_heating,90,4500.0,9000,1103.1825172737301,-9.516040802001953,6.479591951265143,4.991501808166504,2.0447464555731094,2.84164511075051,3.031268211575257,45e9a0086c212074a7ae298697350309dbdfd47cfb921e807d13f2af0f753913,hpc/results/round1-8-64/production/zrc64_T1500_v100_s17/jobs/zrc64_T1500_v100_s17/production/attempt-01/sampling/frames.extxyz,0b57a9d22d7e8c7db61735858cc30505ba173d07c1c4a6e396f17041a99b84e2,,unassigned,34,stratified_SOAP_FPS,42,0.016387977120331534
zrc64_T5250_v095_s17_f0195,zrc64_T5250_v095_s17,64,5250,0.95,17,development,zrc64_v095_s17_heating,195,9750.0,19500,4758.430581951625,-8.200872421264648,40.521298691821066,13.79724407196045,1.785601377888928,1.1667548126530056,2.3205826048661278,d7f42b85a396ec6357d953653bbc9780337e675a442b4581c82b88bb90532de2,hpc/results/round1-8-64/production/zrc64_T5250_v095_s17/jobs/zrc64_T5250_v095_s17/production/attempt-01/sampling/frames.extxyz,7fdbc9fc59e3288da3c2fc653d1ed8709f0feeca8bf1573cf734a243a8eea755,,unassigned,35,stratified_SOAP_FPS,42,0.07032648576843341
zrc64_T6000_v105_s17_f0080,zrc64_T6000_v105_s17,64,6000,1.05,17,development,zrc64_v105_s17_heating,80,4000.0,8000,4924.270352643925,-7.990839958190918,25.017773723323987,8.439188003540039,1.9304881522032842,1.281478197267113,2.1271103391348047,4785fde21d26b3696de0645ad1ef88c19fdf8f7f0bf4124baefb377e28e7e726,hpc/results/round1-8-64/production/zrc64_T6000_v105_s17/jobs/zrc64_T6000_v105_s17/production/attempt-01/sampling/frames.extxyz,ef738ec6f25e619a80c636ce84ec0302c99d26bcf9231bfb5a2f7e421275dfdc,,unassigned,36,stratified_SOAP_FPS,42,0.06679243842349425
zrc64_T1500_v105_s17_f0030,zrc64_T1500_v105_s17,64,1500,1.05,17,development,zrc64_v105_s17_heating,30,1500.0,3000,1726.3794996837375,-9.475702285766602,-0.006316471557706628,5.3813371658325195,1.9731671083441502,3.0062603941408135,3.074504498572957,510732b9a03aa50783df921a281d602161f70be4c44c8d9860447d58691944bf,hpc/results/round1-8-64/production/zrc64_T1500_v105_s17/jobs/zrc64_T1500_v105_s17/production/attempt-01/sampling/frames.extxyz,d28a4f0a705320a646044b919cebe9286d070451f48feede258cfdd61a8ba8f5,,unassigned,37,stratified_SOAP_FPS,42,0.012743707008138882
zrc64_T5250_v100_s17_f0170,zrc64_T5250_v100_s17,64,5250,1.0,17,development,zrc64_v100_s17_heating,170,8500.0,17000,5184.2751922034095,-8.234054565429688,32.1566032601554,7.1851301193237305,1.8932612322786602,1.2650129476632537,2.2067912397097507,cc655377303495bfe3c85221c6bb523ad9c6442822b2a0298c6814cd9311b26a,hpc/results/round1-8-64/production/zrc64_T5250_v100_s17/jobs/zrc64_T5250_v100_s17/production/attempt-01/sampling/frames.extxyz,c105336a4968370fe0edbeab8640489ed047806d76ff10421d0ca32fae09eea0,,unassigned,38,stratified_SOAP_FPS,42,0.0666369123456697
zrc64_T5250_v095_s17_f0120,zrc64_T5250_v095_s17,64,5250,0.95,17,development,zrc64_v095_s17_heating,120,6000.0,12000,4345.404302961365,-7.982381820678711,40.263450662886925,9.553701400756836,1.825810617914715,1.2843449728221625,2.2422924521533205,a5c300e9dde1c86aed37342db0b4c354e1e98116c93facc905f666d3d02c9727,hpc/results/round1-8-64/production/zrc64_T5250_v095_s17/jobs/zrc64_T5250_v095_s17/production/attempt-01/sampling/frames.extxyz,7fdbc9fc59e3288da3c2fc653d1ed8709f0feeca8bf1573cf734a243a8eea755,,unassigned,39,stratified_SOAP_FPS,42,0.06517680220847334
zrc64_T3000_v105_s17_f0180,zrc64_T3000_v105_s17,64,3000,1.05,17,development,zrc64_v105_s17_heating,180,9000.0,18000,2854.1436013727625,-9.307456016540527,3.689661778819274,5.676684856414795,1.9979331534474147,2.6087511088438218,2.8859025472287496,0ff97b9ab0c06aff3fc324653397e77e8d0a92e01af4db2399e8b05b84b9eab7,hpc/results/round1-8-64/production/zrc64_T3000_v105_s17/jobs/zrc64_T3000_v105_s17/production/attempt-01/sampling/frames.extxyz,b4dccb6801af5c2276e8bda38746a4f6f66326b38d4a2344115b8b88f363d665,,unassigned,40,stratified_SOAP_FPS,42,0.017802716200297847
zrc64_T3000_v100_s17_f0150,zrc64_T3000_v100_s17,64,3000,1.0,17,development,zrc64_v100_s17_heating,150,7500.0,15000,3099.6071896582184,-9.29687786102295,16.011654169447343,6.559052467346191,1.9652707588290461,2.808989213610668,2.888886029394997,b851244234e27d1fe27a8ce5bcf6f90836c4ea186467a37437ab349826280356,hpc/results/round1-8-64/production/zrc64_T3000_v100_s17/jobs/zrc64_T3000_v100_s17/production/attempt-01/sampling/frames.extxyz,a4444c4024dfaef8af475d257202e4ec0c331a45e9426cd5c950944caa131eaa,,unassigned,41,stratified_SOAP_FPS,42,0.017726087665347362
zrc64_T5250_v105_s17_f0185,zrc64_T5250_v105_s17,64,5250,1.05,17,development,zrc64_v105_s17_heating,185,9250.0,18500,5247.271955327082,-8.349201202392578,24.75651126206024,8.25306224822998,1.826189623241239,1.412485105910754,2.5804003353891716,27a6660d7c0afd41225a9d6171e86770ffaff66a4edf91d9d3757fc335abcc2c,hpc/results/round1-8-64/production/zrc64_T5250_v105_s17/jobs/zrc64_T5250_v105_s17/production/attempt-01/sampling/frames.extxyz,98513e4ef98528a1f91bcd1e3ab3c9da409ecdb19122d0f4eb5d882dd43afa8e,,unassigned,42,stratified_SOAP_FPS,42,0.06265511348139692
zrc64_T0300_v095_s17_f0135,zrc64_T0300_v095_s17,64,300,0.95,17,development,zrc64_v095_s17_heating,135,6750.0,13500,273.7192677734686,-9.643157005310059,15.425658226013184,2.8444936275482178,2.1502412596331126,3.1120846645946867,3.102422170490017,aca63c37d80646279d139c3825dde91823379e50940e01dddeb51d57ec1df1d6,experiments/zrc_mace_round1/jobs/zrc64_T0300_v095_s17/production/attempt-01/sampling/frames.extxyz,29fc41d9fad7160ccd2375073663700da24320df162982d90ed67297d635bd7d,,unassigned,43,stratified_SOAP_FPS,42,0.00410588660999042
zrc64_T4500_v105_s17_f0170,zrc64_T4500_v105_s17,64,4500,1.05,17,development,zrc64_v105_s17_heating,170,8500.0,17000,3948.507568238517,-8.957489013671875,13.027526814940753,7.887330055236816,1.9162519860455336,1.3652475980384644,2.8200615599341217,f9c3488c46d03a2cae53eb4e54276dd95acbd3bc5d659584bd0a8aea427682d4,hpc/results/round1-8-64/production/zrc64_T4500_v105_s17/jobs/zrc64_T4500_v105_s17/production/attempt-01/sampling/frames.extxyz,05e37e3688bdce1195b166c3cdb4e0b2767bce96dc36f5029349686ffc9fba78,,unassigned,44,stratified_SOAP_FPS,42,0.045780716369606136
zrc64_T4500_v095_s17_f0180,zrc64_T4500_v095_s17,64,4500,0.95,17,development,zrc64_v095_s17_heating,180,9000.0,18000,4896.307383466748,-8.995349884033203,33.2223400158635,8.997953414916992,1.8308458311228717,2.1934557475798293,2.7402048425445056,03225c336885b9384a966bacf331d6a3ac606985909a1c4dbe76dd8c953611ad,hpc/results/round1-8-64/production/zrc64_T4500_v095_s17/jobs/zrc64_T4500_v095_s17/production/attempt-01/sampling/frames.extxyz,65116dd3c23f7ea4f37d5e963453d34409098eb6bae1ff570fe77bb92b99e81a,,unassigned,45,stratified_SOAP_FPS,42,0.03212397971422817
zrc64_T6000_v105_s17_f0085,zrc64_T6000_v105_s17,64,6000,1.05,17,development,zrc64_v105_s17_heating,85,4250.0,8500,6223.479872329151,-8.04114055633545,27.599878526756253,13.934575080871582,1.716914629554002,1.2355256260033594,2.3267511337625493,56ac6158fa5898058516eba4b563eea685ef5fc2dc9f60f9201189d4a2c9a567,hpc/results/round1-8-64/production/zrc64_T6000_v105_s17/jobs/zrc64_T6000_v105_s17/production/attempt-01/sampling/frames.extxyz,ef738ec6f25e619a80c636ce84ec0302c99d26bcf9231bfb5a2f7e421275dfdc,,unassigned,46,stratified_SOAP_FPS,42,0.0626844266224522
zrc64_T1500_v100_s17_f0050,zrc64_T1500_v100_s17,64,1500,1.0,17,development,zrc64_v100_s17_heating,50,2500.0,5000,1373.0074688914297,-9.473387718200684,8.683931348624224,4.448522090911865,2.044078802785356,2.8662971212128334,3.000537423609963,f33a053023bd2a88cbd989d726495b2dba1bd70eb23334cc6ddbcf83a86d3352,hpc/results/round1-8-64/production/zrc64_T1500_v100_s17/jobs/zrc64_T1500_v100_s17/production/attempt-01/sampling/frames.extxyz,0b57a9d22d7e8c7db61735858cc30505ba173d07c1c4a6e396f17041a99b84e2,,unassigned,47,stratified_SOAP_FPS,42,0.01529911573977232
zrc64_T0300_v105_s17_f0025,zrc64_T0300_v105_s17,64,300,1.05,17,development,zrc64_v105_s17_heating,25,1250.0,2500,255.0958688828977,-9.652731895446777,-8.718592643737793,1.7538729906082153,2.23079361894169,3.1977343838189616,3.2150259224156637,4d8f845cda6ecf5fdfc53f54ac72c177c8dbcf4eac563d8149b54df59c9f8d4a,experiments/zrc_mace_round1/jobs/zrc64_T0300_v105_s17/production/attempt-01/sampling/frames.extxyz,2e6224250d01b866f883442edea3e0ecd17b582eb99446eca08ba48b95249e08,,unassigned,48,stratified_SOAP_FPS,42,0.006750000485544285
zrc64_T0300_v100_s17_f0165,zrc64_T0300_v100_s17,64,300,1.0,17,development,zrc64_v100_s17_heating,165,8250.0,16500,300.08131804581745,-9.673095703125,1.6438251733779907,1.8121635913848877,2.198719839277912,3.1503273333295327,3.190619688081193,f925c8146145b468500fa714fa79f8f00822886d0faa3c5fdeb1ef351e4dda72,experiments/zrc_mace_round1/jobs/zrc64_T0300_v100_s17/production/attempt-01/sampling/frames.extxyz,b0e19e781d665d4f92fb7606a1fa566d8357e4b8f1c5799a79f193aea3456c2f,,unassigned,49,stratified_SOAP_FPS,42,0.004768363626658254
zrc64_T4500_v100_s17_f0060,zrc64_T4500_v100_s17,64,4500,1.0,17,development,zrc64_v100_s17_heating,60,3000.0,6000,4680.784261297635,-9.011520385742188,21.77151905751689,10.246223449707031,1.8453002196899977,1.3584796320590573,2.5508839364372826,1f9b69358b1824bb0686e981a53105082664dc2a1d65bfa4b99d44fcdef0bc46,hpc/results/round1-8-64/production/zrc64_T4500_v100_s17/jobs/zrc64_T4500_v100_s17/production/attempt-01/sampling/frames.extxyz,b5f6ee0648c369753023d9323aabfe46cfd7612607cbea2ffbfb15a993519ff2,,unassigned,50,stratified_SOAP_FPS,42,0.041443829812306696
zrc64_T6000_v100_s17_f0030,zrc64_T6000_v100_s17,64,6000,1.0,17,development,zrc64_v100_s17_heating,30,1500.0,3000,6099.41426473883,-8.056236267089844,35.468183752512445,11.02858829498291,1.8472743385243489,1.265274819793262,2.277624220345059,06877f72b756dfdd42b7379157b7eec2950b1c417e6c8959d1a40e90f615a015,hpc/results/round1-8-64/production/zrc64_T6000_v100_s17/jobs/zrc64_T6000_v100_s17/production/attempt-01/sampling/frames.extxyz,41599cc730e48121c4bdac3bc09d76b684d95a277e129cddc8adb7f46e6d0946,,unassigned,51,stratified_SOAP_FPS,42,0.05730694431949824
zrc64_T3000_v095_s17_f0165,zrc64_T3000_v095_s17,64,3000,0.95,17,development,zrc64_v095_s17_heating,165,8250.0,16500,2949.692136610418,-9.261476516723633,28.329850530020835,8.260512351989746,1.9540235522938993,2.8081935171608903,2.8646941584061443,1ccba396030b0b059029335028757f1744abdacdc0bbb454feeb55f40db57d5f,hpc/results/round1-8-64/production/zrc64_T3000_v095_s17/jobs/zrc64_T3000_v095_s17/production/attempt-01/sampling/frames.extxyz,38d42f886936a7c5334dbee7f9fc2d38457e89614c905ba8d473d57ee3aee2bb,,unassigned,52,stratified_SOAP_FPS,42,0.018416593200093128
zrc64_T1500_v095_s17_f0095,zrc64_T1500_v095_s17,64,1500,0.95,17,development,zrc64_v095_s17_heating,95,4750.0,9500,1601.6075045456264,-9.516826629638672,20.53047391394722,5.450742721557617,2.018432245973771,2.8377054262524033,2.988294702551212,d75cd51911092e3f9ca9c3f199f12a049fcc65e89dc352d72c22252e3ac07e3f,hpc/results/round1-8-64/production/zrc64_T1500_v095_s17/jobs/zrc64_T1500_v095_s17/production/attempt-01/sampling/frames.extxyz,5b28004032b343dfef216429d4e0761a24384595070cb03a21afa3c444c24067,,unassigned,53,stratified_SOAP_FPS,42,0.011439600305780388
zrc64_T6000_v095_s17_f0170,zrc64_T6000_v095_s17,64,6000,0.95,17,development,zrc64_v095_s17_heating,170,8500.0,17000,6854.818107494847,-8.015305519104004,48.8099898418495,10.918021202087402,1.7622006007200892,1.3304387731139868,2.4355724699791943,e9a4036cfbeeda0547d6667ecd6352cd5b22c2b258ccfbcabb68a69368961d4a,hpc/results/round1-8-64/production/zrc64_T6000_v095_s17/jobs/zrc64_T6000_v095_s17/production/attempt-01/sampling/frames.extxyz,ebfa194f0d83eb7ec3df31489d43cf1768b9a48d0c55db95d8af2f4e79e8302b,,unassigned,54,stratified_SOAP_FPS,42,0.06245435376202603
zrc64_T5250_v105_s17_f0095,zrc64_T5250_v105_s17,64,5250,1.05,17,development,zrc64_v105_s17_heating,95,4750.0,9500,4897.567389361488,-8.257295608520508,26.98435623314687,8.47447395324707,1.8294170230181221,1.2707451023376555,2.288377954694914,af356f2343e5de76b3dd18f81bf8bc0204910a9add243f2d823fc04302b885cf,hpc/results/round1-8-64/production/zrc64_T5250_v105_s17/jobs/zrc64_T5250_v105_s17/production/attempt-01/sampling/frames.extxyz,98513e4ef98528a1f91bcd1e3ab3c9da409ecdb19122d0f4eb5d882dd43afa8e,,unassigned,55,stratified_SOAP_FPS,42,0.06100368216005639
zrc64_T1500_v100_s17_f0180,zrc64_T1500_v100_s17,64,1500,1.0,17,development,zrc64_v100_s17_heating,180,9000.0,18000,1572.2491646120448,-9.515776634216309,8.084556079051973,4.4624762535095215,2.0413698034511243,3.0063489495527222,3.0182454828489615,ae4e1a436b6aa08476ce886c2679bdfa1a4be991a2e07f72615fbdacd938fcc5,hpc/results/round1-8-64/production/zrc64_T1500_v100_s17/jobs/zrc64_T1500_v100_s17/production/attempt-01/sampling/frames.extxyz,0b57a9d22d7e8c7db61735858cc30505ba173d07c1c4a6e396f17041a99b84e2,,unassigned,56,stratified_SOAP_FPS,42,0.011206992186273825
zrc64_T0300_v100_s17_f0005,zrc64_T0300_v100_s17,64,300,1.0,17,development,zrc64_v100_s17_heating,5,250.0,500,299.43956967698244,-9.674966812133789,1.5111582279205322,1.980086088180542,2.192738473060321,3.177417298572453,3.20822698656089,6fe6d2458d0645d51906bf0046de8620b3434a344af1a0f015fe4bca4874ba42,experiments/zrc_mace_round1/jobs/zrc64_T0300_v100_s17/production/attempt-01/sampling/frames.extxyz,b0e19e781d665d4f92fb7606a1fa566d8357e4b8f1c5799a79f193aea3456c2f,,unassigned,57,stratified_SOAP_FPS,42,0.00453303693000412
zrc64_T0300_v105_s17_f0145,zrc64_T0300_v105_s17,64,300,1.05,17,development,zrc64_v105_s17_heating,145,7250.0,14500,292.53694250470784,-9.65566635131836,-8.598146438598633,2.141376495361328,2.192511965071401,3.1744947033038993,3.2252475732268238,76930d5326d19307a679594b23425aa2c9dbf3983bf812417b1b66fd882c215a,experiments/zrc_mace_round1/jobs/zrc64_T0300_v105_s17/production/attempt-01/sampling/frames.extxyz,2e6224250d01b866f883442edea3e0ecd17b582eb99446eca08ba48b95249e08,,unassigned,58,stratified_SOAP_FPS,42,0.005028685246993713
zrc64_T6000_v095_s17_f0090,zrc64_T6000_v095_s17,64,6000,0.95,17,development,zrc64_v095_s17_heating,90,4500.0,9000,6989.280806688274,-8.10788631439209,47.15654907886913,11.614205360412598,1.7980509521443537,1.298743181023029,2.34672416434335,86104513513754ee0e92f019b305dcb4e5a9ae2f38d570d0f56b7444df0809bc,hpc/results/round1-8-64/production/zrc64_T6000_v095_s17/jobs/zrc64_T6000_v095_s17/production/attempt-01/sampling/frames.extxyz,ebfa194f0d83eb7ec3df31489d43cf1768b9a48d0c55db95d8af2f4e79e8302b,,unassigned,59,stratified_SOAP_FPS,42,0.054746160729269376
zrc64_T3000_v100_s17_f0020,zrc64_T3000_v100_s17,64,3000,1.0,17,development,zrc64_v100_s17_heating,20,1000.0,2000,2959.289137646129,-9.25102710723877,16.306088715395322,6.822210311889648,1.9700438285961974,2.5880480033433297,2.8825348744703128,11a38df5324bed1b7a7fc1b735cdbe33738540a5839f36a6c2cc5bdc8fe4a3de,hpc/results/round1-8-64/production/zrc64_T3000_v100_s17/jobs/zrc64_T3000_v100_s17/production/attempt-01/sampling/frames.extxyz,a4444c4024dfaef8af475d257202e4ec0c331a45e9426cd5c950944caa131eaa,,unassigned,60,stratified_SOAP_FPS,42,0.016302452202574574
zrc64_T5250_v095_s17_f0085,zrc64_T5250_v095_s17,64,5250,0.95,17,development,zrc64_v095_s17_heating,85,4250.0,8500,5262.7030190685755,-8.496770858764648,42.85181142155808,12.178799629211426,1.7632431250538783,1.409441283812994,2.473058631216398,a5a1e667796f17795821b89a1483fed79723194a5ab1b4e6bec8afd16115a7d5,hpc/results/round1-8-64/production/zrc64_T5250_v095_s17/jobs/zrc64_T5250_v095_s17/production/attempt-01/sampling/frames.extxyz,7fdbc9fc59e3288da3c2fc653d1ed8709f0feeca8bf1573cf734a243a8eea755,,unassigned,61,stratified_SOAP_FPS,42,0.06480931390385532
zrc64_T4500_v105_s17_f0120,zrc64_T4500_v105_s17,64,4500,1.05,17,development,zrc64_v105_s17_heating,120,6000.0,12000,6551.286395241184,-8.927454948425293,16.363757838619257,6.0047736167907715,1.9011645674095559,1.3131405727383392,2.6158067807989185,297dc245a0ca0d1dc79f88eaf050748282008beebad30e091403dcb2118310f0,hpc/results/round1-8-64/production/zrc64_T4500_v105_s17/jobs/zrc64_T4500_v105_s17/production/attempt-01/sampling/frames.extxyz,05e37e3688bdce1195b166c3cdb4e0b2767bce96dc36f5029349686ffc9fba78,,unassigned,62,stratified_SOAP_FPS,42,0.044984131544797065
zrc64_T1500_v095_s17_f0135,zrc64_T1500_v095_s17,64,1500,0.95,17,development,zrc64_v095_s17_heating,135,6750.0,13500,1775.6929410345147,-9.482297897338867,21.02246796440304,5.545580863952637,2.01899419567266,2.9232657679340677,2.9487092457438298,7aa8737c5b7325803f0c6296cc11fb4e81b420bf43af9493c7d3f71dd0e01271,hpc/results/round1-8-64/production/zrc64_T1500_v095_s17/jobs/zrc64_T1500_v095_s17/production/attempt-01/sampling/frames.extxyz,5b28004032b343dfef216429d4e0761a24384595070cb03a21afa3c444c24067,,unassigned,63,stratified_SOAP_FPS,42,0.009685079537296196
zrc64_T6000_v105_s17_f0160,zrc64_T6000_v105_s17,64,6000,1.05,17,development,zrc64_v105_s17_heating,160,8000.0,16000,5584.4762901583435,-8.177301406860352,27.743260476691596,17.666656494140625,1.8629535306281755,1.1285281276046655,2.35002234907369,8552d2b791963f60be8edbce7675dc27dbf20efe136fd9a3e89fa577bfca3f6b,hpc/results/round1-8-64/production/zrc64_T6000_v105_s17/jobs/zrc64_T6000_v105_s17/production/attempt-01/sampling/frames.extxyz,ef738ec6f25e619a80c636ce84ec0302c99d26bcf9231bfb5a2f7e421275dfdc,,unassigned,64,stratified_SOAP_FPS,42,0.059212416303711934
zrc64_T0300_v095_s17_f0190,zrc64_T0300_v095_s17,64,300,0.95,17,development,zrc64_v095_s17_heating,190,9500.0,19000,271.55831019165606,-9.641833305358887,15.299735069274902,2.874218463897705,2.161861524344937,3.064369223815839,3.083236771593335,928cf87c096dbe9b2336a59dadad235b5858d61b199b22730422a4e9bfc7271b,experiments/zrc_mace_round1/jobs/zrc64_T0300_v095_s17/production/attempt-01/sampling/frames.extxyz,29fc41d9fad7160ccd2375073663700da24320df162982d90ed67297d635bd7d,,unassigned,65,stratified_SOAP_FPS,42,0.0036391188713865872
zrc64_T3000_v095_s17_f0120,zrc64_T3000_v095_s17,64,3000,0.95,17,development,zrc64_v095_s17_heating,120,6000.0,12000,3054.140607721017,-9.320130348205566,27.965416850017522,8.299449920654297,1.8576967241233815,2.7054794755445633,2.9636159868774645,3883123b01c3fea61d209b4d30f4149293ab0514bb2c0adad91984e975804efa,hpc/results/round1-8-64/production/zrc64_T3000_v095_s17/jobs/zrc64_T3000_v095_s17/production/attempt-01/sampling/frames.extxyz,38d42f886936a7c5334dbee7f9fc2d38457e89614c905ba8d473d57ee3aee2bb,,unassigned,66,stratified_SOAP_FPS,42,0.015185464078609365
zrc64_T6000_v100_s17_f0155,zrc64_T6000_v100_s17,64,6000,1.0,17,development,zrc64_v100_s17_heating,155,7750.0,15500,5581.090984561991,-8.075616836547852,38.593814710835325,9.943000793457031,1.852737363512166,1.2156506851777553,2.2357535981850827,1c646314cdbaca07b370fc88355224ed9e4a772e95813aa735bb0c69625ad06e,hpc/results/round1-8-64/production/zrc64_T6000_v100_s17/jobs/zrc64_T6000_v100_s17/production/attempt-01/sampling/frames.extxyz,41599cc730e48121c4bdac3bc09d76b684d95a277e129cddc8adb7f46e6d0946,,unassigned,67,stratified_SOAP_FPS,42,0.054211808648117976
zrc64_T1500_v105_s17_f0055,zrc64_T1500_v105_s17,64,1500,1.05,17,development,zrc64_v105_s17_heating,55,2750.0,5500,1629.8028536340628,-9.539849281311035,-3.5562759886590682,3.848487377166748,2.0930960829252796,3.069283361812161,3.0130107924472336,d64549a51a24b9b0687fde5cb6dde7513a5ee960d86b3ae8193e8af093e2ce62,hpc/results/round1-8-64/production/zrc64_T1500_v105_s17/jobs/zrc64_T1500_v105_s17/production/attempt-01/sampling/frames.extxyz,d28a4f0a705320a646044b919cebe9286d070451f48feede258cfdd61a8ba8f5,,unassigned,68,stratified_SOAP_FPS,42,0.012480312331712083
zrc64_T5250_v100_s17_f0145,zrc64_T5250_v100_s17,64,5250,1.0,17,development,zrc64_v100_s17_heating,145,7250.0,14500,5249.380723840783,-8.292686462402344,30.820417181822368,9.324755668640137,1.862578190904081,1.263333156576313,2.407007689899622,65ccd15613966bfa5ec7774e3c944503447f738781f1b9003d80f91e745a474a,hpc/results/round1-8-64/production/zrc64_T5250_v100_s17/jobs/zrc64_T5250_v100_s17/production/attempt-01/sampling/frames.extxyz,c105336a4968370fe0edbeab8640489ed047806d76ff10421d0ca32fae09eea0,,unassigned,69,stratified_SOAP_FPS,42,0.05400765195176304
zrc64_T4500_v100_s17_f0090,zrc64_T4500_v100_s17,64,4500,1.0,17,development,zrc64_v100_s17_heating,90,4500.0,9000,4140.219100817035,-9.022489547729492,23.13554388983897,8.054366111755371,1.9164642633030555,1.5534556599801774,2.6699285423668586,eac33d0e492a4c7ff3133cbe82c32215e3a64e1dd1b0ecb5d118896521ea49ef,hpc/results/round1-8-64/production/zrc64_T4500_v100_s17/jobs/zrc64_T4500_v100_s17/production/attempt-01/sampling/frames.extxyz,b5f6ee0648c369753023d9323aabfe46cfd7612607cbea2ffbfb15a993519ff2,,unassigned,70,stratified_SOAP_FPS,42,0.03856136973727494
zrc64_T3000_v105_s17_f0155,zrc64_T3000_v105_s17,64,3000,1.05,17,development,zrc64_v105_s17_heating,155,7750.0,15500,3026.7089294454104,-9.34029769897461,4.074144617523558,6.81806755065918,1.960063264578049,2.7832829286612206,2.829252080328645,7bb471e4e9cc467090bdb30d53b46b22b4aeb48406e945b96db91cbff70cac9a,hpc/results/round1-8-64/production/zrc64_T3000_v105_s17/jobs/zrc64_T3000_v105_s17/production/attempt-01/sampling/frames.extxyz,b4dccb6801af5c2276e8bda38746a4f6f66326b38d4a2344115b8b88f363d665,,unassigned,71,stratified_SOAP_FPS,42,0.017123478588458002
zrc64_T4500_v095_s17_f0050,zrc64_T4500_v095_s17,64,4500,0.95,17,development,zrc64_v095_s17_heating,50,2500.0,5000,4846.658460294153,-8.98528003692627,33.12723688284183,10.1403226852417,1.9311703732005352,1.449368854448153,2.5569460680032017,8b6e8fb2f3d8f657ffb6eea63533b515bd5ca416c0fbd4a7f4f65074734255e4,hpc/results/round1-8-64/production/zrc64_T4500_v095_s17/jobs/zrc64_T4500_v095_s17/production/attempt-01/sampling/frames.extxyz,65116dd3c23f7ea4f37d5e963453d34409098eb6bae1ff570fe77bb92b99e81a,,unassigned,72,stratified_SOAP_FPS,42,0.029751983100747878
zrc64_T3000_v100_s17_f0015,zrc64_T3000_v100_s17,64,3000,1.0,17,development,zrc64_v100_s17_heating,15,750.0,1500,3522.554082888451,-9.299651145935059,13.716859044455079,8.657119750976562,1.8636422435541133,2.6685679597852543,2.782264860098233,6cbbf938eeff7fbc9aad72398ba62295e3b04c6314102ec1f5001b93b3d7a98c,hpc/results/round1-8-64/production/zrc64_T3000_v100_s17/jobs/zrc64_T3000_v100_s17/production/attempt-01/sampling/frames.extxyz,a4444c4024dfaef8af475d257202e4ec0c331a45e9426cd5c950944caa131eaa,,unassigned,73,stratified_SOAP_FPS,42,0.015553063613797631
zrc64_T6000_v105_s17_f0030,zrc64_T6000_v105_s17,64,6000,1.05,17,development,zrc64_v105_s17_heating,30,1500.0,3000,5161.045589325256,-8.094968795776367,27.70954102965151,9.068254470825195,1.8537598376023867,1.3212358360295293,2.098315439959891,fa5cf097d1ca9ac426b15fdcd0847a199dc2329e33117c5818fced830ad8052d,hpc/results/round1-8-64/production/zrc64_T6000_v105_s17/jobs/zrc64_T6000_v105_s17/production/attempt-01/sampling/frames.extxyz,ef738ec6f25e619a80c636ce84ec0302c99d26bcf9231bfb5a2f7e421275dfdc,,unassigned,74,stratified_SOAP_FPS,42,0.057120387694838626
zrc64_T0300_v105_s17_f0075,zrc64_T0300_v105_s17,64,300,1.05,17,development,zrc64_v105_s17_heating,75,3750.0,7500,302.07100348683895,-9.651474952697754,-8.69398307800293,1.9660779237747192,2.203356852817843,3.1686127785291367,3.2257498967718083,5aa0030574d9b0c82dae02528ec59fba31bba7a8a7a3244cb3294333f9e76188,experiments/zrc_mace_round1/jobs/zrc64_T0300_v105_s17/production/attempt-01/sampling/frames.extxyz,2e6224250d01b866f883442edea3e0ecd17b582eb99446eca08ba48b95249e08,,unassigned,75,stratified_SOAP_FPS,42,0.004263574904975405
zrc64_T3000_v105_s17_f0060,zrc64_T3000_v105_s17,64,3000,1.05,17,development,zrc64_v105_s17_heating,60,3000.0,6000,2704.207342131615,-9.29437255859375,5.920111320175936,6.6572265625,1.909086608726983,2.745234177621191,2.917168637122797,96f83f1b5bdb1a4f540c9bf069677b8f3ddff78efe904fcce3091b2dd41f310c,hpc/results/round1-8-64/production/zrc64_T3000_v105_s17/jobs/zrc64_T3000_v105_s17/production/attempt-01/sampling/frames.extxyz,b4dccb6801af5c2276e8bda38746a4f6f66326b38d4a2344115b8b88f363d665,,unassigned,76,stratified_SOAP_FPS,42,0.016157882885407957
zrc64_T5250_v095_s17_f0135,zrc64_T5250_v095_s17,64,5250,0.95,17,development,zrc64_v095_s17_heating,135,6750.0,13500,4755.318225625601,-8.004728317260742,49.92488640905193,15.26251220703125,1.8622970268503325,1.1372407186000923,2.180471123442601,7645d27cf992b28857c107d78069fce930fb6afff51960cb39289756f780b942,hpc/results/round1-8-64/production/zrc64_T5250_v095_s17/jobs/zrc64_T5250_v095_s17/production/attempt-01/sampling/frames.extxyz,7fdbc9fc59e3288da3c2fc653d1ed8709f0feeca8bf1573cf734a243a8eea755,,unassigned,77,stratified_SOAP_FPS,42,0.05699107107750161
zrc64_T1500_v095_s17_f0145,zrc64_T1500_v095_s17,64,1500,0.95,17,development,zrc64_v095_s17_heating,145,7250.0,14500,1343.5410608878478,-9.455415725708008,22.539977181813835,5.922335147857666,1.9732366948512927,2.857838999605823,2.9449405098315697,846323742ce2dacc72cc42da5af61401980c8948ee3f5ce54b984dc84cf532af,hpc/results/round1-8-64/production/zrc64_T1500_v095_s17/jobs/zrc64_T1500_v095_s17/production/attempt-01/sampling/frames.extxyz,5b28004032b343dfef216429d4e0761a24384595070cb03a21afa3c444c24067,,unassigned,78,stratified_SOAP_FPS,42,0.009432903745343744
zrc64_T4500_v105_s17_f0115,zrc64_T4500_v105_s17,64,4500,1.05,17,development,zrc64_v105_s17_heating,115,5750.0,11500,4887.855196682316,-9.003966331481934,14.328898662426145,8.5231294631958,1.8935132871371179,1.2776974006408168,2.5793636107202285,a94feec4e7dc80244ef80a631866cfa41f820095ee6c89c40a6695fb8203eff2,hpc/results/round1-8-64/production/zrc64_T4500_v105_s17/jobs/zrc64_T4500_v105_s17/production/attempt-01/sampling/frames.extxyz,05e37e3688bdce1195b166c3cdb4e0b2767bce96dc36f5029349686ffc9fba78,,unassigned,79,stratified_SOAP_FPS,42,0.042470850389709165
zrc64_T4500_v100_s17_f0020,zrc64_T4500_v100_s17,64,4500,1.0,17,development,zrc64_v100_s17_heating,20,1000.0,2000,4884.55359173333,-8.99817943572998,22.811008912024477,10.411271095275879,1.88747953618933,1.3657039743054449,2.689743279988043,2bb34c2703775c9c62a2a60c9bf8a9792de1ab271bf06804c14fe1dfad0c142d,hpc/results/round1-8-64/production/zrc64_T4500_v100_s17/jobs/zrc64_T4500_v100_s17/production/attempt-01/sampling/frames.extxyz,b5f6ee0648c369753023d9323aabfe46cfd7612607cbea2ffbfb15a993519ff2,,unassigned,80,stratified_SOAP_FPS,42,0.036834059124774395
zrc64_T6000_v095_s17_f0180,zrc64_T6000_v095_s17,64,6000,0.95,17,development,zrc64_v095_s17_heating,180,9000.0,18000,6012.13796512199,-7.85096549987793,46.77205121110585,10.802278518676758,1.7669805358951352,1.2441234556850314,2.3659739173422354,9be9b19ab0c40a101c1093d443505c41d24c289d3b2eef0ec50fdbb4ad3a576a,hpc/results/round1-8-64/production/zrc64_T6000_v095_s17/jobs/zrc64_T6000_v095_s17/production/attempt-01/sampling/frames.extxyz,ebfa194f0d83eb7ec3df31489d43cf1768b9a48d0c55db95d8af2f4e79e8302b,,unassigned,81,stratified_SOAP_FPS,42,0.05275308835691739
zrc64_T4500_v095_s17_f0170,zrc64_T4500_v095_s17,64,4500,0.95,17,development,zrc64_v095_s17_heating,170,8500.0,17000,4375.507200190584,-8.953890800476074,36.270625745094925,9.896153450012207,1.9082961946469208,1.8519187368764638,2.6618133640113335,c605f951ea8d075f2ca0b952883852cfec1c62f9454705683f380842b93b59dc,hpc/results/round1-8-64/production/zrc64_T4500_v095_s17/jobs/zrc64_T4500_v095_s17/production/attempt-01/sampling/frames.extxyz,65116dd3c23f7ea4f37d5e963453d34409098eb6bae1ff570fe77bb92b99e81a,,unassigned,82,stratified_SOAP_FPS,42,0.02758390188266284
zrc64_T5250_v105_s17_f0100,zrc64_T5250_v105_s17,64,5250,1.05,17,development,zrc64_v105_s17_heating,100,5000.0,10000,4971.292706499096,-8.070708274841309,27.679097396677697,21.326223373413086,1.7708269593799273,1.1258677258762755,2.3650783083072775,5b628dc1b7f6dc3577f50ef9d17a214af83d55e96e57449b9457f20cd0b1f09e,hpc/results/round1-8-64/production/zrc64_T5250_v105_s17/jobs/zrc64_T5250_v105_s17/production/attempt-01/sampling/frames.extxyz,98513e4ef98528a1f91bcd1e3ab3c9da409ecdb19122d0f4eb5d882dd43afa8e,,unassigned,83,stratified_SOAP_FPS,42,0.05654627774044231
zrc64_T5250_v100_s17_f0105,zrc64_T5250_v100_s17,64,5250,1.0,17,development,zrc64_v100_s17_heating,105,5250.0,10500,6079.793802438926,-8.21059513092041,33.53752781282401,8.63129997253418,1.8456513688158562,1.261218009065682,2.204093720869896,8f27fb13223c2d1d87071cde3780d3fafaefc8a1779cf5dd21ce9440af610aae,hpc/results/round1-8-64/production/zrc64_T5250_v100_s17/jobs/zrc64_T5250_v100_s17/production/attempt-01/sampling/frames.extxyz,c105336a4968370fe0edbeab8640489ed047806d76ff10421d0ca32fae09eea0,,unassigned,84,stratified_SOAP_FPS,42,0.05267868245737117
zrc64_T0300_v095_s17_f0120,zrc64_T0300_v095_s17,64,300,0.95,17,development,zrc64_v095_s17_heating,120,6000.0,12000,251.07262474730192,-9.650137901306152,15.125157356262207,2.2200207710266113,2.154416423119999,3.1179244517050737,3.1580110335134686,891ea4c65d3499ce244a00b074ad7afd85d07f202efa7fff03a398b94d01565b,experiments/zrc_mace_round1/jobs/zrc64_T0300_v095_s17/production/attempt-01/sampling/frames.extxyz,29fc41d9fad7160ccd2375073663700da24320df162982d90ed67297d635bd7d,,unassigned,85,stratified_SOAP_FPS,42,0.0033864233154346645
zrc64_T1500_v100_s17_f0135,zrc64_T1500_v100_s17,64,1500,1.0,17,development,zrc64_v100_s17_heating,135,6750.0,13500,1315.1176725420717,-9.535311698913574,7.855781230767269,6.073733806610107,1.984552194191392,3.040911790435167,2.9856703349724962,15f47c35c9f170c09becde403c039c86ed3fe00648a826de7d65af05b9a118cf,hpc/results/round1-8-64/production/zrc64_T1500_v100_s17/jobs/zrc64_T1500_v100_s17/production/attempt-01/sampling/frames.extxyz,0b57a9d22d7e8c7db61735858cc30505ba173d07c1c4a6e396f17041a99b84e2,,unassigned,86,stratified_SOAP_FPS,42,0.008857115919808606
zrc64_T6000_v100_s17_f0185,zrc64_T6000_v100_s17,64,6000,1.0,17,development,zrc64_v100_s17_heating,185,9250.0,18500,6707.260927399353,-7.983367919921875,38.859129938284795,10.133377075195312,1.7708306058293621,1.304819309117101,2.225867682373504,f82253ba7f38be9841daca84e13a48414e32109f0dd85cd69f1b67d5b26758b2,hpc/results/round1-8-64/production/zrc64_T6000_v100_s17/jobs/zrc64_T6000_v100_s17/production/attempt-01/sampling/frames.extxyz,41599cc730e48121c4bdac3bc09d76b684d95a277e129cddc8adb7f46e6d0946,,unassigned,87,stratified_SOAP_FPS,42,0.051031903231752634
zrc64_T3000_v095_s17_f0050,zrc64_T3000_v095_s17,64,3000,0.95,17,development,zrc64_v095_s17_heating,50,2500.0,5000,2790.0744189980037,-9.33092212677002,26.49728946797005,7.196105480194092,1.9595791524241624,2.765482093940577,2.874634878221003,7217b6907e43c98dd5e6035fcada769c6ce2930fe480ef9ad53fbf023cba7c0b,hpc/results/round1-8-64/production/zrc64_T3000_v095_s17/jobs/zrc64_T3000_v095_s17/production/attempt-01/sampling/frames.extxyz,38d42f886936a7c5334dbee7f9fc2d38457e89614c905ba8d473d57ee3aee2bb,,unassigned,88,stratified_SOAP_FPS,42,0.012752644105430368
zrc64_T1500_v105_s17_f0140,zrc64_T1500_v105_s17,64,1500,1.05,17,development,zrc64_v105_s17_heating,140,7000.0,14000,1574.915409134039,-9.466130256652832,-1.4305818287628747,4.643989086151123,2.091944308234922,2.936800681180263,2.9792554716921607,9164f01513a91e4d8aba4f2e751dfb695440e56ec52b0bfb540324b01fe64ad3,hpc/results/round1-8-64/production/zrc64_T1500_v105_s17/jobs/zrc64_T1500_v105_s17/production/attempt-01/sampling/frames.extxyz,d28a4f0a705320a646044b919cebe9286d070451f48feede258cfdd61a8ba8f5,,unassigned,89,stratified_SOAP_FPS,42,0.011167959044095323
zrc64_T0300_v100_s17_f0155,zrc64_T0300_v100_s17,64,300,1.0,17,development,zrc64_v100_s17_heating,155,7750.0,15500,314.589464314084,-9.667302131652832,1.6260910034179688,2.5195140838623047,2.167546605638403,3.1485087797819578,3.1792875459567167,659b6379e1e0eb741d1eba6469a1fded2feb3ed15c22b3df608a921443e6588f,experiments/zrc_mace_round1/jobs/zrc64_T0300_v100_s17/production/attempt-01/sampling/frames.extxyz,b0e19e781d665d4f92fb7606a1fa566d8357e4b8f1c5799a79f193aea3456c2f,,unassigned,90,stratified_SOAP_FPS,42,0.004165787674754136
zrc64_T1500_v105_s17_f0130,zrc64_T1500_v105_s17,64,1500,1.05,17,development,zrc64_v105_s17_heating,130,6500.0,13000,1509.3992606056797,-9.505938529968262,-2.616882295914908,4.58038854598999,2.006404441285399,2.9943950644455586,2.9957268818104046,c2898d8b6f0262effec138cc545ce89a1df989712f1145acbd49a1976a1ed02f,hpc/results/round1-8-64/production/zrc64_T1500_v105_s17/jobs/zrc64_T1500_v105_s17/production/attempt-01/sampling/frames.extxyz,d28a4f0a705320a646044b919cebe9286d070451f48feede258cfdd61a8ba8f5,,unassigned,91,stratified_SOAP_FPS,42,0.01031801802353058
zrc64_T3000_v105_s17_f0035,zrc64_T3000_v105_s17,64,3000,1.05,17,development,zrc64_v105_s17_heating,35,1750.0,3500,3030.108130304613,-9.296937942504883,3.7445145114218565,8.240120887756348,1.8801396777093011,2.7907145791842183,2.8788895496632114,e281f351792d23dd5d0ef9379e5347425f8df44010e5cb91e69500e6cebb5ec9,hpc/results/round1-8-64/production/zrc64_T3000_v105_s17/jobs/zrc64_T3000_v105_s17/production/attempt-01/sampling/frames.extxyz,b4dccb6801af5c2276e8bda38746a4f6f66326b38d4a2344115b8b88f363d665,,unassigned,92,stratified_SOAP_FPS,42,0.015177530809149678
zrc64_T4500_v100_s17_f0010,zrc64_T4500_v100_s17,64,4500,1.0,17,development,zrc64_v100_s17_heating,10,500.0,1000,3905.2001191426525,-8.853416442871094,28.29072044533169,8.447429656982422,1.8805222699087674,1.338896564310329,2.562572265312685,e743ba3d2a25037f4f68236e11cd846616159dae98b37eba6384a104f658a5fb,hpc/results/round1-8-64/production/zrc64_T4500_v100_s17/jobs/zrc64_T4500_v100_s17/production/attempt-01/sampling/frames.extxyz,b5f6ee0648c369753023d9323aabfe46cfd7612607cbea2ffbfb15a993519ff2,,unassigned,93,stratified_SOAP_FPS,42,0.03478620260967112
zrc64_T0300_v095_s17_f0070,zrc64_T0300_v095_s17,64,300,0.95,17,development,zrc64_v095_s17_heating,70,3500.0,7000,331.94442053026194,-9.641715049743652,15.443467140197754,2.3559370040893555,2.16886198276974,3.126499785643505,3.139754060092474,41b1d69d52b756a55ce52c6725ac19cecbaf7851c1340849186059390075076d,experiments/zrc_mace_round1/jobs/zrc64_T0300_v095_s17/production/attempt-01/sampling/frames.extxyz,29fc41d9fad7160ccd2375073663700da24320df162982d90ed67297d635bd7d,,unassigned,94,stratified_SOAP_FPS,42,0.00304556366385902
zrc64_T4500_v105_s17_f0200,zrc64_T4500_v105_s17,64,4500,1.05,17,development,zrc64_v105_s17_heating,200,10000.0,20000,5232.1935674138385,-9.042147636413574,11.146749299117555,9.087691307067871,1.8982536672619814,1.7182344671400314,2.6943854026673044,a1d3d575c6cb116bb857698e5b1f19a1c45ffa212e272635a4074a4ebfaf6773,hpc/results/round1-8-64/production/zrc64_T4500_v105_s17/jobs/zrc64_T4500_v105_s17/production/attempt-01/sampling/frames.extxyz,05e37e3688bdce1195b166c3cdb4e0b2767bce96dc36f5029349686ffc9fba78,,unassigned,95,stratified_SOAP_FPS,42,0.03928812212681909
zrc64_T0300_v100_s17_f0125,zrc64_T0300_v100_s17,64,300,1.0,17,development,zrc64_v100_s17_heating,125,6250.0,12500,278.72427793359964,-9.676141738891602,1.4823142290115356,2.019472122192383,2.1745308944403274,3.1233004668347633,3.18756800860998,9d6e7927ebd7b21420a7876c61d4132264ac9db66031f6bd321f6fcf48432d79,experiments/zrc_mace_round1/jobs/zrc64_T0300_v100_s17/production/attempt-01/sampling/frames.extxyz,b0e19e781d665d4f92fb7606a1fa566d8357e4b8f1c5799a79f193aea3456c2f,,unassigned,96,stratified_SOAP_FPS,42,0.003721361368620032
zrc64_T1500_v095_s17_f0115,zrc64_T1500_v095_s17,64,1500,0.95,17,development,zrc64_v095_s17_heating,115,5750.0,11500,1339.0340068133357,-9.491873741149902,21.110119490314673,5.509581565856934,2.0614437707529647,2.940699071653118,2.9738174236022163,0873573cee39879943cf2756918af2ce3fa923038f03793f93939d394d3d956b,hpc/results/round1-8-64/production/zrc64_T1500_v095_s17/jobs/zrc64_T1500_v095_s17/production/attempt-01/sampling/frames.extxyz,5b28004032b343dfef216429d4e0761a24384595070cb03a21afa3c444c24067,,unassigned,97,stratified_SOAP_FPS,42,0.007953777292920025
zrc64_T6000_v105_s17_f0015,zrc64_T6000_v105_s17,64,6000,1.05,17,development,zrc64_v105_s17_heating,15,750.0,1500,5284.951308828635,-8.11962604522705,27.998375576091977,22.976388931274414,1.6117174774491274,1.2223103170557876,2.4406150294564886,79285b2265c95fe99f1a923bcee7d7529b45b3b7b3434f8a53b38d6e782ebaa5,hpc/results/round1-8-64/production/zrc64_T6000_v105_s17/jobs/zrc64_T6000_v105_s17/production/attempt-01/sampling/frames.extxyz,ef738ec6f25e619a80c636ce84ec0302c99d26bcf9231bfb5a2f7e421275dfdc,,unassigned,98,stratified_SOAP_FPS,42,0.052937864374672954
zrc64_T5250_v095_s17_f0170,zrc64_T5250_v095_s17,64,5250,0.95,17,development,zrc64_v095_s17_heating,170,8500.0,17000,6003.731198531082,-8.349084854125977,40.77761682927668,10.924280166625977,1.9402487391163403,1.2334892760173088,2.533971142461676,260cf502d33232b636e55ae290fa0939bd62024f234bfbe514b8345b39253bf2,hpc/results/round1-8-64/production/zrc64_T5250_v095_s17/jobs/zrc64_T5250_v095_s17/production/attempt-01/sampling/frames.extxyz,7fdbc9fc59e3288da3c2fc653d1ed8709f0feeca8bf1573cf734a243a8eea755,,unassigned,99,stratified_SOAP_FPS,42,0.05385445471520146
zrc64_T6000_v095_s17_f0110,zrc64_T6000_v095_s17,64,6000,0.95,17,development,zrc64_v095_s17_heating,110,5500.0,11000,6234.0805788758535,-8.014593124389648,41.269723390511146,14.014522552490234,1.6932823152166034,1.3797039812733312,2.3133462212143487,8dd9d551b9b2585f6abfcbc38154a3117e49a77b14a3cb12c9434f47be11fa0a,hpc/results/round1-8-64/production/zrc64_T6000_v095_s17/jobs/zrc64_T6000_v095_s17/production/attempt-01/sampling/frames.extxyz,ebfa194f0d83eb7ec3df31489d43cf1768b9a48d0c55db95d8af2f4e79e8302b,,unassigned,100,stratified_SOAP_FPS,42,0.051815151616719755
zrc64_T6000_v100_s17_f0100,zrc64_T6000_v100_s17,64,6000,1.0,17,development,zrc64_v100_s17_heating,100,5000.0,10000,5772.417350985736,-8.069075584411621,35.64935528979342,11.616339683532715,1.7840543207711017,1.3036972620184932,2.255679755278592,1b3acc161476087f8aad80f39462a046d54ac826930058c0b478c2e8183502de,hpc/results/round1-8-64/production/zrc64_T6000_v100_s17/jobs/zrc64_T6000_v100_s17/production/attempt-01/sampling/frames.extxyz,41599cc730e48121c4bdac3bc09d76b684d95a277e129cddc8adb7f46e6d0946,,unassigned,101,stratified_SOAP_FPS,42,0.05088050601213683
zrc64_T4500_v095_s17_f0005,zrc64_T4500_v095_s17,64,4500,0.95,17,development,zrc64_v095_s17_heating,5,250.0,500,3819.063293007351,-9.028602600097656,35.150138494402505,12.501935005187988,1.866553405372874,1.2670097915998455,2.5826777049118546,7b1102ca9afb9f369ef1138cada763d90b333a3bb7b618505c797741447a4e69,hpc/results/round1-8-64/production/zrc64_T4500_v095_s17/jobs/zrc64_T4500_v095_s17/production/attempt-01/sampling/frames.extxyz,65116dd3c23f7ea4f37d5e963453d34409098eb6bae1ff570fe77bb92b99e81a,,unassigned,102,stratified_SOAP_FPS,42,0.026638613963798508
zrc64_T3000_v095_s17_f0140,zrc64_T3000_v095_s17,64,3000,0.95,17,development,zrc64_v095_s17_heating,140,7000.0,14000,3436.0823162787106,-9.26351547241211,29.5177848380483,8.164381980895996,1.9044371706542107,2.763668074686138,2.882449650383846,73c0b5efa3d287227a1f3788517a3a84fd0faef20ed7d90bfd84b272a17655e4,hpc/results/round1-8-64/production/zrc64_T3000_v095_s17/jobs/zrc64_T3000_v095_s17/production/attempt-01/sampling/frames.extxyz,38d42f886936a7c5334dbee7f9fc2d38457e89614c905ba8d473d57ee3aee2bb,,unassigned,103,stratified_SOAP_FPS,42,0.0127125617867906
zrc64_T0300_v105_s17_f0150,zrc64_T0300_v105_s17,64,300,1.05,17,development,zrc64_v105_s17_heating,150,7500.0,15000,286.21028101031885,-9.658475875854492,-8.884370803833008,1.994466781616211,2.2326771153531575,3.191550177765928,3.2451231761811807,437a47ad31bae94ea4e1c8b2b30b8f4bcb2202f2f7857979cf50488835bcd32e,experiments/zrc_mace_round1/jobs/zrc64_T0300_v105_s17/production/attempt-01/sampling/frames.extxyz,2e6224250d01b866f883442edea3e0ecd17b582eb99446eca08ba48b95249e08,,unassigned,104,stratified_SOAP_FPS,42,0.004192147170899657
zrc64_T1500_v100_s17_f0040,zrc64_T1500_v100_s17,64,1500,1.0,17,development,zrc64_v100_s17_heating,40,2000.0,4000,1436.0035950587942,-9.524015426635742,7.598349482460267,4.394838809967041,2.053211409434244,2.8599863170773627,2.9807750275967666,bfa9a96ff871774ca3e0122d53875d11fdd78b1124cd84c65332717824d54ea9,hpc/results/round1-8-64/production/zrc64_T1500_v100_s17/jobs/zrc64_T1500_v100_s17/production/attempt-01/sampling/frames.extxyz,0b57a9d22d7e8c7db61735858cc30505ba173d07c1c4a6e396f17041a99b84e2,,unassigned,105,stratified_SOAP_FPS,42,0.00851485832854541
zrc64_T5250_v100_s17_f0030,zrc64_T5250_v100_s17,64,5250,1.0,17,development,zrc64_v100_s17_heating,30,1500.0,3000,5417.947705781779,-8.432490348815918,32.88193713217189,11.269301414489746,1.8168433575581489,1.3095924767853868,2.5186130207647546,d836a14a00ec840ed6a48b4c6fd74b8d5f1209b66ac9170eab29242d26726c36,hpc/results/round1-8-64/production/zrc64_T5250_v100_s17/jobs/zrc64_T5250_v100_s17/production/attempt-01/sampling/frames.extxyz,c105336a4968370fe0edbeab8640489ed047806d76ff10421d0ca32fae09eea0,,unassigned,106,stratified_SOAP_FPS,42,0.051759543023183856
zrc64_T5250_v105_s17_f0015,zrc64_T5250_v105_s17,64,5250,1.05,17,development,zrc64_v105_s17_heating,15,750.0,1500,4903.630394294471,-8.256073951721191,21.53048511797722,10.219534873962402,1.7375242891512943,1.3458296001017147,2.312878488493981,e6216eac592e0235c6fa21f2dce6a562e47b4d829419c8f57cc7fe86c56d638a,hpc/results/round1-8-64/production/zrc64_T5250_v105_s17/jobs/zrc64_T5250_v105_s17/production/attempt-01/sampling/frames.extxyz,98513e4ef98528a1f91bcd1e3ab3c9da409ecdb19122d0f4eb5d882dd43afa8e,,unassigned,107,stratified_SOAP_FPS,42,0.05202699825937231
zrc64_T3000_v100_s17_f0010,zrc64_T3000_v100_s17,64,3000,1.0,17,development,zrc64_v100_s17_heating,10,500.0,1000,2766.3430685603607,-9.352869987487793,13.507846882570417,6.214907646179199,1.9705584529837727,2.7910214911667155,2.8847219422463946,912ca9172841227810a6f99f84d4d029a05677a66456d4f086e3599ee08d98dd,hpc/results/round1-8-64/production/zrc64_T3000_v100_s17/jobs/zrc64_T3000_v100_s17/production/attempt-01/sampling/frames.extxyz,a4444c4024dfaef8af475d257202e4ec0c331a45e9426cd5c950944caa131eaa,,unassigned,108,stratified_SOAP_FPS,42,0.014504578235707733
zrc64_T1500_v095_s17_f0140,zrc64_T1500_v095_s17,64,1500,0.95,17,development,zrc64_v095_s17_heating,140,7000.0,14000,1553.9367691607983,-9.492937088012695,21.71237773924389,4.324563503265381,2.068206229821005,2.9783534050544813,2.9528923780307372,bb58695574c3b3b288ff87f367804a8189f1611b0bca1c4a79d928312bb766ee,hpc/results/round1-8-64/production/zrc64_T1500_v095_s17/jobs/zrc64_T1500_v095_s17/production/attempt-01/sampling/frames.extxyz,5b28004032b343dfef216429d4e0761a24384595070cb03a21afa3c444c24067,,unassigned,109,stratified_SOAP_FPS,42,0.007649620788008382
zrc64_T0300_v100_s17_f0065,zrc64_T0300_v100_s17,64,300,1.0,17,development,zrc64_v100_s17_heating,65,3250.0,6500,279.3969881057842,-9.672749519348145,1.6781408786773682,2.131786584854126,2.1773180497157387,3.134566619625735,3.1785205640697236,fcf9687ee3a42f63794152311c9066e0f6d4cab8a80db3b34a9fc7f4c692e695,experiments/zrc_mace_round1/jobs/zrc64_T0300_v100_s17/production/attempt-01/sampling/frames.extxyz,b0e19e781d665d4f92fb7606a1fa566d8357e4b8f1c5799a79f193aea3456c2f,,unassigned,110,stratified_SOAP_FPS,42,0.0034132943169365697
zrc64_T6000_v105_s17_f0115,zrc64_T6000_v105_s17,64,6000,1.05,17,development,zrc64_v105_s17_heating,115,5750.0,11500,6408.0976324420735,-8.158702850341797,25.467152413392807,10.566728591918945,1.8339165927781538,1.3158504591609252,2.1729732478727404,47dbb192b3f671257707227b023f55956f4aa458f2d4948067acc956e787f2a2,hpc/results/round1-8-64/production/zrc64_T6000_v105_s17/jobs/zrc64_T6000_v105_s17/production/attempt-01/sampling/frames.extxyz,ef738ec6f25e619a80c636ce84ec0302c99d26bcf9231bfb5a2f7e421275dfdc,,unassigned,111,stratified_SOAP_FPS,42,0.052108439860784124
zrc64_T5250_v095_s17_f0105,zrc64_T5250_v095_s17,64,5250,0.95,17,development,zrc64_v095_s17_heating,105,5250.0,10500,5672.14836626221,-8.295884132385254,41.9620626194553,10.441761016845703,1.771022907152551,1.2821886079527491,2.324459083526526,21dff48e71e6ad5145ceb05b5fe9bc026db053d5c331f92d1d38b29e8b0e4ee4,hpc/results/round1-8-64/production/zrc64_T5250_v095_s17/jobs/zrc64_T5250_v095_s17/production/attempt-01/sampling/frames.extxyz,7fdbc9fc59e3288da3c2fc653d1ed8709f0feeca8bf1573cf734a243a8eea755,,unassigned,112,stratified_SOAP_FPS,42,0.04876286731662491
zrc64_T3000_v105_s17_f0025,zrc64_T3000_v105_s17,64,3000,1.05,17,development,zrc64_v105_s17_heating,25,1250.0,2500,3333.8165054585343,-9.387523651123047,2.599141902351039,5.058358669281006,2.0644257369927566,2.8455491106609543,2.9040656757376233,ff85e228e43795da0ff88454f33710c202bd25e7004e27c68908edd922c9c43f,hpc/results/round1-8-64/production/zrc64_T3000_v105_s17/jobs/zrc64_T3000_v105_s17/production/attempt-01/sampling/frames.extxyz,b4dccb6801af5c2276e8bda38746a4f6f66326b38d4a2344115b8b88f363d665,,unassigned,113,stratified_SOAP_FPS,42,0.014749249188819667
zrc64_T3000_v100_s17_f0120,zrc64_T3000_v100_s17,64,3000,1.0,17,development,zrc64_v100_s17_heating,120,6000.0,12000,2921.138340761629,-9.263582229614258,15.78421872896698,8.606374740600586,1.848677489034674,2.8574481105940146,2.811220640736785,41b446322579e76c243a3d7925abaae6ebd136d6c03d4fc6166631532c411bc4,hpc/results/round1-8-64/production/zrc64_T3000_v100_s17/jobs/zrc64_T3000_v100_s17/production/attempt-01/sampling/frames.extxyz,a4444c4024dfaef8af475d257202e4ec0c331a45e9426cd5c950944caa131eaa,,unassigned,114,stratified_SOAP_FPS,42,0.013795187163959055
zrc64_T0300_v105_s17_f0170,zrc64_T0300_v105_s17,64,300,1.05,17,development,zrc64_v105_s17_heating,170,8500.0,17000,306.98107056420463,-9.645529747009277,-8.663477897644043,2.37011981010437,2.1836152754584894,3.1126434455924303,3.200581123922785,c49455436abc2d0747e027460b71933cb016471c01bbc1d2a1e48ff1508efb7a,experiments/zrc_mace_round1/jobs/zrc64_T0300_v105_s17/production/attempt-01/sampling/frames.extxyz,2e6224250d01b866f883442edea3e0ecd17b582eb99446eca08ba48b95249e08,,unassigned,115,stratified_SOAP_FPS,42,0.0037855166355910894
zrc64_T6000_v100_s17_f0195,zrc64_T6000_v100_s17,64,6000,1.0,17,development,zrc64_v100_s17_heating,195,9750.0,19500,5799.278638007801,-8.105521202087402,37.83817618654985,13.437529563903809,1.7721757566338714,1.2384087285732717,2.2217566785462513,f6bc172c0d1c1de25e19008b4ee80362b28632402beaad5e6ddeb14d935d9772,hpc/results/round1-8-64/production/zrc64_T6000_v100_s17/jobs/zrc64_T6000_v100_s17/production/attempt-01/sampling/frames.extxyz,41599cc730e48121c4bdac3bc09d76b684d95a277e129cddc8adb7f46e6d0946,,unassigned,116,stratified_SOAP_FPS,42,0.04924961150222373
zrc64_T4500_v095_s17_f0075,zrc64_T4500_v095_s17,64,4500,0.95,17,development,zrc64_v095_s17_heating,75,3750.0,7500,4489.847132700898,-8.9644136428833,34.48354964948865,8.973028182983398,1.8444277951516512,1.6025523757590694,2.771730018201724,7530f37a48a39a7db8ee6cc98da11538681a8b86e2010fff68dadda6c07c5eee,hpc/results/round1-8-64/production/zrc64_T4500_v095_s17/jobs/zrc64_T4500_v095_s17/production/attempt-01/sampling/frames.extxyz,65116dd3c23f7ea4f37d5e963453d34409098eb6bae1ff570fe77bb92b99e81a,,unassigned,117,stratified_SOAP_FPS,42,0.025474528369128717
zrc64_T0300_v095_s17_f0125,zrc64_T0300_v095_s17,64,300,0.95,17,development,zrc64_v095_s17_heating,125,6250.0,12500,315.2600515775154,-9.647187232971191,15.183324813842773,2.095839262008667,2.1723458445284187,3.108318346746551,3.131953842446705,f1d01826dfda0055a739003beae1aa7fa388e3ccd05e1b37505a37f44d2c6b51,experiments/zrc_mace_round1/jobs/zrc64_T0300_v095_s17/production/attempt-01/sampling/frames.extxyz,29fc41d9fad7160ccd2375073663700da24320df162982d90ed67297d635bd7d,,unassigned,118,stratified_SOAP_FPS,42,0.0029062202764950245
zrc64_T5250_v100_s17_f0200,zrc64_T5250_v100_s17,64,5250,1.0,17,development,zrc64_v100_s17_heating,200,10000.0,20000,4951.610351526069,-8.203686714172363,30.7722911947707,11.599700927734375,1.732409703888534,1.21213032292354,2.4089180540742574,67ec935de3bacbeb10352b878995cffefbdbc15ae9bf541675984cdd9257c3fe,hpc/results/round1-8-64/production/zrc64_T5250_v100_s17/jobs/zrc64_T5250_v100_s17/production/attempt-01/sampling/frames.extxyz,c105336a4968370fe0edbeab8640489ed047806d76ff10421d0ca32fae09eea0,,unassigned,119,stratified_SOAP_FPS,42,0.049790593200576945
zrc64_T3000_v095_s17_f0040,zrc64_T3000_v095_s17,64,3000,0.95,17,development,zrc64_v095_s17_heating,40,2000.0,4000,3537.3465700487445,-9.24586296081543,29.827536715434256,7.4294328689575195,1.9519753980615016,2.6888296887644434,2.818023396875,4bfe48a972039470bdd9c0348bb6cf5e1415cf1705b5849cbdc2fe08b02cf112,hpc/results/round1-8-64/production/zrc64_T3000_v095_s17/jobs/zrc64_T3000_v095_s17/production/attempt-01/sampling/frames.extxyz,38d42f886936a7c5334dbee7f9fc2d38457e89614c905ba8d473d57ee3aee2bb,,unassigned,120,stratified_SOAP_FPS,42,0.01158897528153615
zrc64_T1500_v100_s17_f0025,zrc64_T1500_v100_s17,64,1500,1.0,17,development,zrc64_v100_s17_heating,25,1250.0,2500,1493.7633670076916,-9.510988235473633,7.2654011766045965,5.729824066162109,2.087008621898163,3.0125193584537118,2.9334559676814806,846d2b4a8e1f5f65023d2ccab8dad58f44889c8b98bfc2af1691e802404b9b78,hpc/results/round1-8-64/production/zrc64_T1500_v100_s17/jobs/zrc64_T1500_v100_s17/production/attempt-01/sampling/frames.extxyz,0b57a9d22d7e8c7db61735858cc30505ba173d07c1c4a6e396f17041a99b84e2,,unassigned,121,stratified_SOAP_FPS,42,0.008233927621357847
zrc64_T5250_v105_s17_f0110,zrc64_T5250_v105_s17,64,5250,1.05,17,development,zrc64_v105_s17_heating,110,5500.0,11000,5613.681914636906,-8.31641960144043,23.071652224177324,9.804749488830566,1.9231114545727925,1.2400419397550688,2.3294434058259212,7946c5e70735c842aa646c857870f62919739552b692aa34b2425a08839e10ff,hpc/results/round1-8-64/production/zrc64_T5250_v105_s17/jobs/zrc64_T5250_v105_s17/production/attempt-01/sampling/frames.extxyz,98513e4ef98528a1f91bcd1e3ab3c9da409ecdb19122d0f4eb5d882dd43afa8e,,unassigned,122,stratified_SOAP_FPS,42,0.0514466836058446
zrc64_T1500_v105_s17_f0120,zrc64_T1500_v105_s17,64,1500,1.05,17,development,zrc64_v105_s17_heating,120,6000.0,12000,1339.191602844279,-9.532276153564453,-3.11886287718536,3.889889717102051,2.062265543279595,3.004852673005807,3.054861200626542,17b0734ee1ae4c4125bda26b5db07d050684619d655139784a29d6b1a26982b9,hpc/results/round1-8-64/production/zrc64_T1500_v105_s17/jobs/zrc64_T1500_v105_s17/production/attempt-01/sampling/frames.extxyz,d28a4f0a705320a646044b919cebe9286d070451f48feede258cfdd61a8ba8f5,,unassigned,123,stratified_SOAP_FPS,42,0.00959448124376648
zrc64_T4500_v105_s17_f0110,zrc64_T4500_v105_s17,64,4500,1.05,17,development,zrc64_v105_s17_heating,110,5500.0,11000,4690.404989128814,-8.843259811401367,21.479972197953845,10.945120811462402,1.871682118046362,1.2504880280179909,2.726273711693606,9ce4acb9cbf97f5d5544cb4de3065422b24c0b2f94a73e9c1f5bace946e59934,hpc/results/round1-8-64/production/zrc64_T4500_v105_s17/jobs/zrc64_T4500_v105_s17/production/attempt-01/sampling/frames.extxyz,05e37e3688bdce1195b166c3cdb4e0b2767bce96dc36f5029349686ffc9fba78,,unassigned,124,stratified_SOAP_FPS,42,0.038809495267470524
zrc64_T6000_v095_s17_f0045,zrc64_T6000_v095_s17,64,6000,0.95,17,development,zrc64_v095_s17_heating,45,2250.0,4500,5830.685739983404,-7.951936721801758,41.78478034917038,7.563214302062988,1.8688120185103532,1.286011397906962,2.2910197911501085,e4ab3601de98f17f817f32801de91e9645d9af1aa86e2dbb923e9dc9aa923bc0,hpc/results/round1-8-64/production/zrc64_T6000_v095_s17/jobs/zrc64_T6000_v095_s17/production/attempt-01/sampling/frames.extxyz,ebfa194f0d83eb7ec3df31489d43cf1768b9a48d0c55db95d8af2f4e79e8302b,,unassigned,125,stratified_SOAP_FPS,42,0.050957654500167905
zrc64_T4500_v100_s17_f0055,zrc64_T4500_v100_s17,64,4500,1.0,17,development,zrc64_v100_s17_heating,55,2750.0,5500,4448.643299405117,-9.036357879638672,22.076652876381623,9.82822322845459,1.81314637628384,1.46118520677653,2.638111517159,e31f3c4b0af5bc7a59168dc4ce02fd45e5efe3a2efa6a4308e41f8391cc84eed,hpc/results/round1-8-64/production/zrc64_T4500_v100_s17/jobs/zrc64_T4500_v100_s17/production/attempt-01/sampling/frames.extxyz,b5f6ee0648c369753023d9323aabfe46cfd7612607cbea2ffbfb15a993519ff2,,unassigned,126,stratified_SOAP_FPS,42,0.03152321945379739
zrc64_T5250_v095_s17_f0180,zrc64_T5250_v095_s17,64,5250,0.95,17,development,zrc64_v095_s17_heating,180,9000.0,18000,5216.328906908993,-8.142739295959473,42.044477048306334,8.662954330444336,1.8445515352248176,1.31001318441765,2.27524695797645,519ebdfb4f453f4ec21408bb3ce87d8a7cd7c2aef31acee548a42e45adee3af2,hpc/results/round1-8-64/production/zrc64_T5250_v095_s17/jobs/zrc64_T5250_v095_s17/production/attempt-01/sampling/frames.extxyz,7fdbc9fc59e3288da3c2fc653d1ed8709f0feeca8bf1573cf734a243a8eea755,,unassigned,127,stratified_SOAP_FPS,42,0.04752517553660043
zrc64_T1500_v100_s17_f0075,zrc64_T1500_v100_s17,64,1500,1.0,17,development,zrc64_v100_s17_heating,75,3750.0,7500,1419.473803113714,-9.506326675415039,7.612969141445263,6.126962661743164,1.9984871314746306,2.800008515308272,2.908367994832823,d273b9bbdca74a05430964a23b6d11a479c3b3223f8c8cbe4480998add526d42,hpc/results/round1-8-64/production/zrc64_T1500_v100_s17/jobs/zrc64_T1500_v100_s17/production/attempt-01/sampling/frames.extxyz,0b57a9d22d7e8c7db61735858cc30505ba173d07c1c4a6e396f17041a99b84e2,,unassigned,128,stratified_SOAP_FPS,42,0.008068415074463197
zrc64_T3000_v095_s17_f0130,zrc64_T3000_v095_s17,64,3000,0.95,17,development,zrc64_v095_s17_heating,130,6500.0,13000,2954.7867233237466,-9.288837432861328,29.143090040788298,6.3093791007995605,1.9905379172520667,2.754516370607385,2.8609568699109698,89c9124f15c1c98f5c8c5bda047eefd1f1114cd20b01118a0c24867eda03b35c,hpc/results/round1-8-64/production/zrc64_T3000_v095_s17/jobs/zrc64_T3000_v095_s17/production/attempt-01/sampling/frames.extxyz,38d42f886936a7c5334dbee7f9fc2d38457e89614c905ba8d473d57ee3aee2bb,,unassigned,129,stratified_SOAP_FPS,42,0.011107975767658845
zrc64_T1500_v105_s17_f0085,zrc64_T1500_v105_s17,64,1500,1.05,17,development,zrc64_v105_s17_heating,85,4250.0,8500,1635.3211582243182,-9.464436531066895,-1.3511211295481875,4.769027233123779,2.0130336317782658,2.8969724429681176,3.0487276291784253,d7532410bf3597ae3b8a03ea0d00ef5e9bf8d1468ca3066e81dd48d0d579abe2,hpc/results/round1-8-64/production/zrc64_T1500_v105_s17/jobs/zrc64_T1500_v105_s17/production/attempt-01/sampling/frames.extxyz,d28a4f0a705320a646044b919cebe9286d070451f48feede258cfdd61a8ba8f5,,unassigned,130,stratified_SOAP_FPS,42,0.009529153404630168
zrc64_T4500_v100_s17_f0140,zrc64_T4500_v100_s17,64,4500,1.0,17,development,zrc64_v100_s17_heating,140,7000.0,14000,3462.975757578845,-9.03268814086914,22.765471749839456,10.807920455932617,1.8598520451698692,1.2799060750762667,2.6128441995576,3af1cf52abe59970b2c314e9f44809f114383fe01ac7f6687e58c5dd51cc0409,hpc/results/round1-8-64/production/zrc64_T4500_v100_s17/jobs/zrc64_T4500_v100_s17/production/attempt-01/sampling/frames.extxyz,b5f6ee0648c369753023d9323aabfe46cfd7612607cbea2ffbfb15a993519ff2,,unassigned,131,stratified_SOAP_FPS,42,0.029486723612060624
zrc64_T0300_v100_s17_f0090,zrc64_T0300_v100_s17,64,300,1.0,17,development,zrc64_v100_s17_heating,90,4500.0,9000,337.3846008350399,-9.673014640808105,1.6488441228866577,2.0189805030822754,2.223334648504927,3.1797624754064158,3.1793197815459138,a7019a2e8ac567f9820064ee7b2e6cd7c0ee83529ee579ec351ae9c50085fa1f,experiments/zrc_mace_round1/jobs/zrc64_T0300_v100_s17/production/attempt-01/sampling/frames.extxyz,b0e19e781d665d4f92fb7606a1fa566d8357e4b8f1c5799a79f193aea3456c2f,,unassigned,132,stratified_SOAP_FPS,42,0.003394248844547032
zrc64_T6000_v100_s17_f0145,zrc64_T6000_v100_s17,64,6000,1.0,17,development,zrc64_v100_s17_heating,145,7250.0,14500,5985.892049317229,-8.059833526611328,30.301872390875303,9.106886863708496,1.8375356126982292,1.2624666618268516,2.3627313657369635,9e864abb341d6d6e3f0406b06cf07c5003c016b71b3eb308753e7c20164b85c1,hpc/results/round1-8-64/production/zrc64_T6000_v100_s17/jobs/zrc64_T6000_v100_s17/production/attempt-01/sampling/frames.extxyz,41599cc730e48121c4bdac3bc09d76b684d95a277e129cddc8adb7f46e6d0946,,unassigned,133,stratified_SOAP_FPS,42,0.048115163779898246
zrc64_T6000_v095_s17_f0095,zrc64_T6000_v095_s17,64,6000,0.95,17,development,zrc64_v095_s17_heating,95,4750.0,9500,5802.629043579664,-8.072386741638184,45.20954303761122,10.625053405761719,1.7675161268760946,1.2851784921520708,2.2372050331775957,26ac811aece4cf1043074e2fc46eeb884b8eb39fbc6695b0b4fd73c6c4ee8864,hpc/results/round1-8-64/production/zrc64_T6000_v095_s17/jobs/zrc64_T6000_v095_s17/production/attempt-01/sampling/frames.extxyz,ebfa194f0d83eb7ec3df31489d43cf1768b9a48d0c55db95d8af2f4e79e8302b,,unassigned,134,stratified_SOAP_FPS,42,0.049613204000906005
zrc64_T0300_v105_s17_f0115,zrc64_T0300_v105_s17,64,300,1.05,17,development,zrc64_v105_s17_heating,115,5750.0,11500,258.1828292292046,-9.6519775390625,-8.5728120803833,1.7324048280715942,2.2460124502255754,3.1366917275124155,3.237954581688053,5d7b104656e632dfbe2a8415235823b893b14cce0db4ea9c485e866ef536f1f5,experiments/zrc_mace_round1/jobs/zrc64_T0300_v105_s17/production/attempt-01/sampling/frames.extxyz,2e6224250d01b866f883442edea3e0ecd17b582eb99446eca08ba48b95249e08,,unassigned,135,stratified_SOAP_FPS,42,0.0035678897161580416
zrc64_T1500_v095_s17_f0120,zrc64_T1500_v095_s17,64,1500,0.95,17,development,zrc64_v095_s17_heating,120,6000.0,12000,1255.633661312837,-9.489603042602539,20.664953255737117,7.088176727294922,2.0088605682043577,2.9249309475477894,2.923113764409596,c6c96711f5638b931f09ad16d2a3dfed65a48568e6c9d2af5f834424462582ce,hpc/results/round1-8-64/production/zrc64_T1500_v095_s17/jobs/zrc64_T1500_v095_s17/production/attempt-01/sampling/frames.extxyz,5b28004032b343dfef216429d4e0761a24384595070cb03a21afa3c444c24067,,unassigned,136,stratified_SOAP_FPS,42,0.007633936346103709
zrc64_T3000_v100_s17_f0100,zrc64_T3000_v100_s17,64,3000,1.0,17,development,zrc64_v100_s17_heating,100,5000.0,10000,3579.2573499882014,-9.338311195373535,15.373215212681533,10.366195678710938,1.9111951484160228,2.7564066250348422,2.8230909375311883,8197314817d4efa5476ef8f86bdd4b733a05e884a229fedd3cab835ae7e00848,hpc/results/round1-8-64/production/zrc64_T3000_v100_s17/jobs/zrc64_T3000_v100_s17/production/attempt-01/sampling/frames.extxyz,a4444c4024dfaef8af475d257202e4ec0c331a45e9426cd5c950944caa131eaa,,unassigned,137,stratified_SOAP_FPS,42,0.013476072358787722
zrc64_T4500_v105_s17_f0005,zrc64_T4500_v105_s17,64,4500,1.05,17,development,zrc64_v105_s17_heating,5,250.0,500,4064.9970879846674,-8.895047187805176,11.492137697122297,7.5075554847717285,1.832776275710447,1.4167115257933494,2.608480466419054,87cd06228bd1fe95a9a0c97474dd9b33520c1739c2b3f8928858f342980ad14e,hpc/results/round1-8-64/production/zrc64_T4500_v105_s17/jobs/zrc64_T4500_v105_s17/production/attempt-01/sampling/frames.extxyz,05e37e3688bdce1195b166c3cdb4e0b2767bce96dc36f5029349686ffc9fba78,,unassigned,138,stratified_SOAP_FPS,42,0.03551887603711338
zrc64_T0300_v095_s17_f0095,zrc64_T0300_v095_s17,64,300,0.95,17,development,zrc64_v095_s17_heating,95,4750.0,9500,277.03190611967636,-9.651240348815918,15.110326766967773,1.985311508178711,2.1631451799817776,3.1268230411527074,3.132095927514826,b3daf44e5b6c308c25df00a5d58591bcdac5438ca961695e16c1f537e61fd714,experiments/zrc_mace_round1/jobs/zrc64_T0300_v095_s17/production/attempt-01/sampling/frames.extxyz,29fc41d9fad7160ccd2375073663700da24320df162982d90ed67297d635bd7d,,unassigned,139,stratified_SOAP_FPS,42,0.0026975781085806258
zrc64_T6000_v105_s17_f0075,zrc64_T6000_v105_s17,64,6000,1.05,17,development,zrc64_v105_s17_heating,75,3750.0,7500,5180.76233570019,-7.958351135253906,31.485974349265135,13.407532691955566,1.7774287494420535,1.1597866320159056,2.3573104987190963,5ca9ce02c83d8952e30ae475af9d187123ac5924360a5b6310ca161fbd3b5c46,hpc/results/round1-8-64/production/zrc64_T6000_v105_s17/jobs/zrc64_T6000_v105_s17/production/attempt-01/sampling/frames.extxyz,ef738ec6f25e619a80c636ce84ec0302c99d26bcf9231bfb5a2f7e421275dfdc,,unassigned,140,stratified_SOAP_FPS,42,0.051021203359782996
zrc64_T4500_v095_s17_f0130,zrc64_T4500_v095_s17,64,4500,0.95,17,development,zrc64_v095_s17_heating,130,6500.0,13000,4271.987152104372,-9.014095306396484,36.417857510914295,10.42613410949707,1.8422635290222933,2.369312743191524,2.7504681944160794,8c30fa5ab1d04f62775195dc9f023ea5ff6429e7dc6c48cde3148aaf5e45ff95,hpc/results/round1-8-64/production/zrc64_T4500_v095_s17/jobs/zrc64_T4500_v095_s17/production/attempt-01/sampling/frames.extxyz,65116dd3c23f7ea4f37d5e963453d34409098eb6bae1ff570fe77bb92b99e81a,,unassigned,141,stratified_SOAP_FPS,42,0.023353085222880272
zrc64_T3000_v105_s17_f0095,zrc64_T3000_v105_s17,64,3000,1.05,17,development,zrc64_v105_s17_heating,95,4750.0,9500,3319.4197466809183,-9.266995429992676,6.82941246651111,7.9146952629089355,1.9570847918338097,2.780072559453513,2.8967245600327467,01184810768296ecad5e94cb551ca1ffb9c2bbeb3435d2dba7f886b39819e390,hpc/results/round1-8-64/production/zrc64_T3000_v105_s17/jobs/zrc64_T3000_v105_s17/production/attempt-01/sampling/frames.extxyz,b4dccb6801af5c2276e8bda38746a4f6f66326b38d4a2344115b8b88f363d665,,unassigned,142,stratified_SOAP_FPS,42,0.014238889408709479
zrc64_T5250_v100_s17_f0040,zrc64_T5250_v100_s17,64,5250,1.0,17,development,zrc64_v100_s17_heating,40,2000.0,4000,5499.333482321342,-8.307047843933105,36.9931049620777,10.022783279418945,1.762346432145496,1.2533430339913674,2.3349568519727457,f88f5d0dee4dd5251c3357c8928f8fda699d4d9c2d7808dd1dc38b9702472d12,hpc/results/round1-8-64/production/zrc64_T5250_v100_s17/jobs/zrc64_T5250_v100_s17/production/attempt-01/sampling/frames.extxyz,c105336a4968370fe0edbeab8640489ed047806d76ff10421d0ca32fae09eea0,,unassigned,143,stratified_SOAP_FPS,42,0.04754368926716609
zrc64_T5250_v105_s17_f0050,zrc64_T5250_v105_s17,64,5250,1.05,17,development,zrc64_v105_s17_heating,50,2500.0,5000,5580.718701830125,-8.32144546508789,20.812489628358136,10.558984756469727,1.8602899479138655,1.2467275940393527,2.4078763721005836,335f26e68745cfe3eaf179694ae760aadfe63e932676bf74d6ba5d311e4648f3,hpc/results/round1-8-64/production/zrc64_T5250_v105_s17/jobs/zrc64_T5250_v105_s17/production/attempt-01/sampling/frames.extxyz,98513e4ef98528a1f91bcd1e3ab3c9da409ecdb19122d0f4eb5d882dd43afa8e,,unassigned,144,stratified_SOAP_FPS,42,0.04997869533841305
zrc64_T3000_v095_s17_f0065,zrc64_T3000_v095_s17,64,3000,0.95,17,development,zrc64_v095_s17_heating,65,3250.0,6500,3088.355541246279,-9.3287935256958,26.954106577589677,8.077588081359863,1.9091634605672343,2.591242912717698,2.8666964584276795,e9a56c9221cb8074cc3817eee9a8b10c5e8b2f696b09afd8b433114456d14b6f,hpc/results/round1-8-64/production/zrc64_T3000_v095_s17/jobs/zrc64_T3000_v095_s17/production/attempt-01/sampling/frames.extxyz,38d42f886936a7c5334dbee7f9fc2d38457e89614c905ba8d473d57ee3aee2bb,,unassigned,145,stratified_SOAP_FPS,42,0.010950842430385677
zrc64_T6000_v095_s17_f0085,zrc64_T6000_v095_s17,64,6000,0.95,17,development,zrc64_v095_s17_heating,85,4250.0,8500,6597.488494663399,-8.03034782409668,43.90789362449724,10.476552963256836,1.7503345990533503,1.304878228720881,2.2269036959633772,cd06166cafb5d1c0d29e464ca9ce2a0a2b579ec881e61dfc2d0fa45eb251e4ba,hpc/results/round1-8-64/production/zrc64_T6000_v095_s17/jobs/zrc64_T6000_v095_s17/production/attempt-01/sampling/frames.extxyz,ebfa194f0d83eb7ec3df31489d43cf1768b9a48d0c55db95d8af2f4e79e8302b,,unassigned,146,stratified_SOAP_FPS,42,0.04702188110890392
zrc64_T5250_v105_s17_f0150,zrc64_T5250_v105_s17,64,5250,1.05,17,development,zrc64_v105_s17_heating,150,7500.0,15000,5766.787321133504,-8.264877319335938,22.430896112007783,13.564929008483887,1.803262989299863,1.1691139834144744,2.372950645432047,6fbef3b84e3b1b7fcee1c9a2fcec777412d24ac95ed4f820e52a51db177dfd39,hpc/results/round1-8-64/production/zrc64_T5250_v105_s17/jobs/zrc64_T5250_v105_s17/production/attempt-01/sampling/frames.extxyz,98513e4ef98528a1f91bcd1e3ab3c9da409ecdb19122d0f4eb5d882dd43afa8e,,unassigned,147,stratified_SOAP_FPS,42,0.049196188549247406
zrc64_T3000_v100_s17_f0075,zrc64_T3000_v100_s17,64,3000,1.0,17,development,zrc64_v100_s17_heating,75,3750.0,7500,2568.8675634731185,-9.328763961791992,12.492142744184674,9.518753051757812,1.927455372470497,2.8209294124624433,2.841328933844571,7b1bed89b8bec0e616f1be1c91a97149e1ff4a78aba9d68d4e43c6555cd70385,hpc/results/round1-8-64/production/zrc64_T3000_v100_s17/jobs/zrc64_T3000_v100_s17/production/attempt-01/sampling/frames.extxyz,a4444c4024dfaef8af475d257202e4ec0c331a45e9426cd5c950944caa131eaa,,unassigned,148,stratified_SOAP_FPS,42,0.01335331549314207
zrc64_T4500_v105_s17_f0140,zrc64_T4500_v105_s17,64,4500,1.05,17,development,zrc64_v105_s17_heating,140,7000.0,14000,4488.692230400601,-8.86023235321045,17.45954040639297,12.95911979675293,1.7680449690203786,1.2458698048988341,2.5537634497040695,2ea1608d2ddac8af89f6d0bf58ed534252c8d834eac291d1b436e834bb995f81,hpc/results/round1-8-64/production/zrc64_T4500_v105_s17/jobs/zrc64_T4500_v105_s17/production/attempt-01/sampling/frames.extxyz,05e37e3688bdce1195b166c3cdb4e0b2767bce96dc36f5029349686ffc9fba78,,unassigned,149,stratified_SOAP_FPS,42,0.034784469165172666
zrc64_T6000_v100_s17_f0085,zrc64_T6000_v100_s17,64,6000,1.0,17,development,zrc64_v100_s17_heating,85,4250.0,8500,6643.963129054359,-8.227133750915527,31.622906729618435,9.009586334228516,1.851459880734537,1.2917974862512192,2.4251517380652237,6e25a76221d6b8908ec328e2fec74763cc7aba1aab8a076e3b01039c3c7e3ee4,hpc/results/round1-8-64/production/zrc64_T6000_v100_s17/jobs/zrc64_T6000_v100_s17/production/attempt-01/sampling/frames.extxyz,41599cc730e48121c4bdac3bc09d76b684d95a277e129cddc8adb7f46e6d0946,,unassigned,150,stratified_SOAP_FPS,42,0.046938429574497544
zrc64_T1500_v095_s17_f0195,zrc64_T1500_v095_s17,64,1500,0.95,17,development,zrc64_v095_s17_heating,195,9750.0,19500,1521.5509206971253,-9.477888107299805,21.223548554032565,5.627013206481934,2.018559721943268,2.8873301797829973,2.9814786140593115,b36304fb36604c96ee127f48b5130935b0478c4da60a7aca85da11e5dce46251,hpc/results/round1-8-64/production/zrc64_T1500_v095_s17/jobs/zrc64_T1500_v095_s17/production/attempt-01/sampling/frames.extxyz,5b28004032b343dfef216429d4e0761a24384595070cb03a21afa3c444c24067,,unassigned,151,stratified_SOAP_FPS,42,0.007372374164983674
zrc64_T5250_v095_s17_f0185,zrc64_T5250_v095_s17,64,5250,0.95,17,development,zrc64_v095_s17_heating,185,9250.0,18500,5019.18630582616,-8.17716121673584,41.65261504104554,8.966958999633789,1.900170868030664,1.3262945863068336,2.3538219420216833,593fb8768e726b03e8f1a68f54b45d0cdc74aeaade6487cc2b69e1ee17dffa03,hpc/results/round1-8-64/production/zrc64_T5250_v095_s17/jobs/zrc64_T5250_v095_s17/production/attempt-01/sampling/frames.extxyz,7fdbc9fc59e3288da3c2fc653d1ed8709f0feeca8bf1573cf734a243a8eea755,,unassigned,152,stratified_SOAP_FPS,42,0.04723937067000056
zrc64_T1500_v105_s17_f0065,zrc64_T1500_v105_s17,64,1500,1.05,17,development,zrc64_v105_s17_heating,65,3250.0,6500,1424.9023641586755,-9.490327835083008,-2.774593423627952,6.026583671569824,1.9571636097262919,2.9436919162189237,3.0271396559874817,572e23a7e0d795a9dad594dcdb870b32418ccdb23944e22b4ffee991768238c4,hpc/results/round1-8-64/production/zrc64_T1500_v105_s17/jobs/zrc64_T1500_v105_s17/production/attempt-01/sampling/frames.extxyz,d28a4f0a705320a646044b919cebe9286d070451f48feede258cfdd61a8ba8f5,,unassigned,153,stratified_SOAP_FPS,42,0.009172380223131833
zrc64_T4500_v095_s17_f0090,zrc64_T4500_v095_s17,64,4500,0.95,17,development,zrc64_v095_s17_heating,90,4500.0,9000,4335.08456597259,-9.002656936645508,34.9866482036573,10.262499809265137,1.8178739362812404,1.547562160474628,2.7612598533391886,54983c362a6f8380d51a500215385c006cc85356e1ca2b368f6a2c9349d7ac69,hpc/results/round1-8-64/production/zrc64_T4500_v095_s17/jobs/zrc64_T4500_v095_s17/production/attempt-01/sampling/frames.extxyz,65116dd3c23f7ea4f37d5e963453d34409098eb6bae1ff570fe77bb92b99e81a,,unassigned,154,stratified_SOAP_FPS,42,0.023070710997777792
zrc64_T3000_v105_s17_f0135,zrc64_T3000_v105_s17,64,3000,1.05,17,development,zrc64_v105_s17_heating,135,6750.0,13500,2849.711935297536,-9.271407127380371,5.50493355258654,8.06369686126709,1.8657083310902989,2.847422137134897,2.9493106832568787,46e223d7729e302d13860d4689c12dad15857648d87c8b19acd83c590a825f52,hpc/results/round1-8-64/production/zrc64_T3000_v105_s17/jobs/zrc64_T3000_v105_s17/production/attempt-01/sampling/frames.extxyz,b4dccb6801af5c2276e8bda38746a4f6f66326b38d4a2344115b8b88f363d665,,unassigned,155,stratified_SOAP_FPS,42,0.013337580021086665
zrc64_T6000_v105_s17_f0130,zrc64_T6000_v105_s17,64,6000,1.05,17,development,zrc64_v105_s17_heating,130,6500.0,13000,5883.442117353118,-8.151001930236816,27.001763364600514,13.540291786193848,1.8069339687159818,1.2055236715415414,2.3952929624729467,7286d5bb60ea3cbf6bbf7958344a7192e1454ce1a299dcdf3db2c227a7f01bdd,hpc/results/round1-8-64/production/zrc64_T6000_v105_s17/jobs/zrc64_T6000_v105_s17/production/attempt-01/sampling/frames.extxyz,ef738ec6f25e619a80c636ce84ec0302c99d26bcf9231bfb5a2f7e421275dfdc,,unassigned,156,stratified_SOAP_FPS,42,0.04958506310604056
zrc64_T4500_v100_s17_f0120,zrc64_T4500_v100_s17,64,4500,1.0,17,development,zrc64_v100_s17_heating,120,6000.0,12000,5181.361500449258,-8.92832088470459,28.272881286808847,11.033273696899414,1.8007636319661169,1.2825195560131024,2.822370327463488,635f18c9120856f2e69d6da135341f105b9dc87c0b6ec6295dd9e98d9ea2771d,hpc/results/round1-8-64/production/zrc64_T4500_v100_s17/jobs/zrc64_T4500_v100_s17/production/attempt-01/sampling/frames.extxyz,b5f6ee0648c369753023d9323aabfe46cfd7612607cbea2ffbfb15a993519ff2,,unassigned,157,stratified_SOAP_FPS,42,0.028541759477216495
zrc64_T1500_v100_s17_f0165,zrc64_T1500_v100_s17,64,1500,1.0,17,development,zrc64_v100_s17_heating,165,8250.0,16500,1464.5859263163688,-9.507481575012207,8.969762576618352,4.491263389587402,1.9841933552222606,2.921065232507617,3.0376373576941655,1cb245728b992a8d417a08149b492465ac42deb7b02cf4f9fe3466441f29c0f2,hpc/results/round1-8-64/production/zrc64_T1500_v100_s17/jobs/zrc64_T1500_v100_s17/production/attempt-01/sampling/frames.extxyz,0b57a9d22d7e8c7db61735858cc30505ba173d07c1c4a6e396f17041a99b84e2,,unassigned,158,stratified_SOAP_FPS,42,0.007640201326494054
zrc64_T0300_v095_s17_f0080,zrc64_T0300_v095_s17,64,300,0.95,17,development,zrc64_v095_s17_heating,80,4000.0,8000,303.48510019144925,-9.638790130615234,15.433926582336426,2.313049554824829,2.179999247079152,3.0473914803280424,3.1213234678455093,6ec8bc811e763cd03a599d2e3f420c79c724344085f50259fdc72a7a36704435,experiments/zrc_mace_round1/jobs/zrc64_T0300_v095_s17/production/attempt-01/sampling/frames.extxyz,29fc41d9fad7160ccd2375073663700da24320df162982d90ed67297d635bd7d,,unassigned,159,stratified_SOAP_FPS,42,0.0025867008151496994
zrc64_T0300_v105_s17_f0065,zrc64_T0300_v105_s17,64,300,1.05,17,development,zrc64_v105_s17_heating,65,3250.0,6500,276.9563943943895,-9.656769752502441,-8.717376708984375,1.75728178024292,2.214193125944649,3.134929147594778,3.2571244020717405,055b78c37ed36ed3ce34cf95b89415ac189e3c41eaae1444e3649db3db6ff197,experiments/zrc_mace_round1/jobs/zrc64_T0300_v105_s17/production/attempt-01/sampling/frames.extxyz,2e6224250d01b866f883442edea3e0ecd17b582eb99446eca08ba48b95249e08,,unassigned,160,stratified_SOAP_FPS,42,0.0033110154772350658
zrc64_T5250_v100_s17_f0140,zrc64_T5250_v100_s17,64,5250,1.0,17,development,zrc64_v100_s17_heating,140,7000.0,14000,6009.110977123895,-8.163853645324707,34.64603806096682,7.805075168609619,1.7880310063712979,1.2742537949347705,2.176820638884028,15d597d2cefa7e070f0b1b0421c151dd218a4128f6d46f864c1e9c93da199012,hpc/results/round1-8-64/production/zrc64_T5250_v100_s17/jobs/zrc64_T5250_v100_s17/production/attempt-01/sampling/frames.extxyz,c105336a4968370fe0edbeab8640489ed047806d76ff10421d0ca32fae09eea0,,unassigned,161,stratified_SOAP_FPS,42,0.047060156471818756
zrc64_T0300_v100_s17_f0150,zrc64_T0300_v100_s17,64,300,1.0,17,development,zrc64_v100_s17_heating,150,7500.0,15000,326.9108187734181,-9.67320442199707,1.5632879734039307,1.8549492359161377,2.2172335304010184,3.1641220109483363,3.173395766034313,b64fe3a7293504b6e47feaeaa06f6e007cf182192590fcc1e115c1795d915a49,experiments/zrc_mace_round1/jobs/zrc64_T0300_v100_s17/production/attempt-01/sampling/frames.extxyz,b0e19e781d665d4f92fb7606a1fa566d8357e4b8f1c5799a79f193aea3456c2f,,unassigned,162,stratified_SOAP_FPS,42,0.0032090897752126454
zrc64_T1500_v105_s17_f0145,zrc64_T1500_v105_s17,64,1500,1.05,17,development,zrc64_v105_s17_heating,145,7250.0,14500,1546.570537028523,-9.520565032958984,-2.8811681697324225,4.2141852378845215,2.1111340667945298,2.9372784085402466,3.100013496657833,c7e989bb3a82209546aa9f3d251c06141e9ebf616db8694f51246b37782cbbe8,hpc/results/round1-8-64/production/zrc64_T1500_v105_s17/jobs/zrc64_T1500_v105_s17/production/attempt-01/sampling/frames.extxyz,d28a4f0a705320a646044b919cebe9286d070451f48feede258cfdd61a8ba8f5,,unassigned,163,stratified_SOAP_FPS,42,0.00904307580772523
zrc64_T4500_v095_s17_f0020,zrc64_T4500_v095_s17,64,4500,0.95,17,development,zrc64_v095_s17_heating,20,1000.0,2000,4602.701837833053,-9.016511917114258,36.843436249375465,7.994457244873047,1.8952346636530877,1.5210445470882965,2.7496419937762457,02d12b6451dfd8134e204f37a6db6bd144300d467bf8114b573c28d2514e5bed,hpc/results/round1-8-64/production/zrc64_T4500_v095_s17/jobs/zrc64_T4500_v095_s17/production/attempt-01/sampling/frames.extxyz,65116dd3c23f7ea4f37d5e963453d34409098eb6bae1ff570fe77bb92b99e81a,,unassigned,164,stratified_SOAP_FPS,42,0.022831143908136016
zrc64_T4500_v100_s17_f0185,zrc64_T4500_v100_s17,64,4500,1.0,17,development,zrc64_v100_s17_heating,185,9250.0,18500,4179.953928337429,-9.011493682861328,20.563725979755098,8.090126991271973,1.881719133047362,1.509824001396284,2.8107074462422403,215f8877766c632bc1250c1786fbd98fef76064a87ab59d31f5daf0f60a9d71a,hpc/results/round1-8-64/production/zrc64_T4500_v100_s17/jobs/zrc64_T4500_v100_s17/production/attempt-01/sampling/frames.extxyz,b5f6ee0648c369753023d9323aabfe46cfd7612607cbea2ffbfb15a993519ff2,,unassigned,165,stratified_SOAP_FPS,42,0.02830185732725303
zrc64_T3000_v100_s17_f0065,zrc64_T3000_v100_s17,64,3000,1.0,17,development,zrc64_v100_s17_heating,65,3250.0,6500,3591.602279302092,-9.32541561126709,16.143748035161348,7.41408634185791,1.8963326523989452,2.777967640101969,2.881913507721314,ab4575334e28b44bd9a892694c4b54e463977b693dd2c5ef56461e50ecc03b2f,hpc/results/round1-8-64/production/zrc64_T3000_v100_s17/jobs/zrc64_T3000_v100_s17/production/attempt-01/sampling/frames.extxyz,a4444c4024dfaef8af475d257202e4ec0c331a45e9426cd5c950944caa131eaa,,unassigned,166,stratified_SOAP_FPS,42,0.012763761367626043
zrc64_T0300_v105_s17_f0160,zrc64_T0300_v105_s17,64,300,1.05,17,development,zrc64_v105_s17_heating,160,8000.0,16000,302.1763257427792,-9.649923324584961,-8.536523818969727,1.7338130474090576,2.2084010938567324,3.140587248909349,3.2588144115868873,3ece357f671d378b9b546c25e81ee8e6880f8e42dd0ee9ed98013e8a668d8605,experiments/zrc_mace_round1/jobs/zrc64_T0300_v105_s17/production/attempt-01/sampling/frames.extxyz,2e6224250d01b866f883442edea3e0ecd17b582eb99446eca08ba48b95249e08,,unassigned,167,stratified_SOAP_FPS,42,0.0033080091819065334
zrc64_T5250_v100_s17_f0020,zrc64_T5250_v100_s17,64,5250,1.0,17,development,zrc64_v100_s17_heating,20,1000.0,2000,5739.4523172734725,-8.658960342407227,29.747566234636576,10.089430809020996,1.8342382249060454,1.2846512092955202,2.7059383690615473,1d98d681700ee31996e13b99c2eeba917db09ebff3400f01538e0457fedb2d0c,hpc/results/round1-8-64/production/zrc64_T5250_v100_s17/jobs/zrc64_T5250_v100_s17/production/attempt-01/sampling/frames.extxyz,c105336a4968370fe0edbeab8640489ed047806d76ff10421d0ca32fae09eea0,,unassigned,168,stratified_SOAP_FPS,42,0.045837655608175036
zrc64_T3000_v095_s17_f0155,zrc64_T3000_v095_s17,64,3000,0.95,17,development,zrc64_v095_s17_heating,155,7750.0,15500,3013.7497546923764,-9.274711608886719,28.820303730819404,7.092589378356934,1.8994581213855755,2.474211191216259,2.860081040626865,949023b955b41644e813ba686ed466991b614de086bcb24b96b050d9f5733714,hpc/results/round1-8-64/production/zrc64_T3000_v095_s17/jobs/zrc64_T3000_v095_s17/production/attempt-01/sampling/frames.extxyz,38d42f886936a7c5334dbee7f9fc2d38457e89614c905ba8d473d57ee3aee2bb,,unassigned,169,stratified_SOAP_FPS,42,0.010682804292619804
zrc64_T6000_v105_s17_f0170,zrc64_T6000_v105_s17,64,6000,1.05,17,development,zrc64_v105_s17_heating,170,8500.0,17000,6940.117779981868,-8.123946189880371,27.678909548064734,14.353717803955078,1.8302604650000929,1.1855360324305337,2.4140387699442414,4986eb3b708aa74be27aaa7b349be1d41f68f535aeb470d411360d97c3a4c769,hpc/results/round1-8-64/production/zrc64_T6000_v105_s17/jobs/zrc64_T6000_v105_s17/production/attempt-01/sampling/frames.extxyz,ef738ec6f25e619a80c636ce84ec0302c99d26bcf9231bfb5a2f7e421275dfdc,,unassigned,170,stratified_SOAP_FPS,42,0.04903215821637746
zrc64_T4500_v105_s17_f0095,zrc64_T4500_v105_s17,64,4500,1.05,17,development,zrc64_v105_s17_heating,95,4750.0,9500,4502.11700009075,-8.943781852722168,14.539726216026995,9.161726951599121,1.820891433569796,1.2299700667445999,2.501967818803388,e0d5f7272aec73b983c738153a0b22bbfb5a8e294209589a731b2b545c727fa2,hpc/results/round1-8-64/production/zrc64_T4500_v105_s17/jobs/zrc64_T4500_v105_s17/production/attempt-01/sampling/frames.extxyz,05e37e3688bdce1195b166c3cdb4e0b2767bce96dc36f5029349686ffc9fba78,,unassigned,171,stratified_SOAP_FPS,42,0.03460710361635945
zrc64_T1500_v095_s17_f0175,zrc64_T1500_v095_s17,64,1500,0.95,17,development,zrc64_v095_s17_heating,175,8750.0,17500,1501.4098702865338,-9.513798713684082,20.194351260364968,4.8837385177612305,2.043307574363966,2.9169918268391553,3.0271763938408878,bc6544828b813a15b47923756ac6bd01efde52686f192890c5d53c6623a5f5b6,hpc/results/round1-8-64/production/zrc64_T1500_v095_s17/jobs/zrc64_T1500_v095_s17/production/attempt-01/sampling/frames.extxyz,5b28004032b343dfef216429d4e0761a24384595070cb03a21afa3c444c24067,,unassigned,172,stratified_SOAP_FPS,42,0.007163643333790837
zrc64_T6000_v095_s17_f0120,zrc64_T6000_v095_s17,64,6000,0.95,17,development,zrc64_v095_s17_heating,120,6000.0,12000,5807.115564748279,-7.85279655456543,45.43182992979446,9.685626983642578,1.8572892936697916,1.306394896847216,2.1063177221223772,01e23c6d3e66cfc96169ee424258958d6949860a779fd5195120bb94381daea0,hpc/results/round1-8-64/production/zrc64_T6000_v095_s17/jobs/zrc64_T6000_v095_s17/production/attempt-01/sampling/frames.extxyz,ebfa194f0d83eb7ec3df31489d43cf1768b9a48d0c55db95d8af2f4e79e8302b,,unassigned,173,stratified_SOAP_FPS,42,0.0463678347623169
zrc64_T0300_v095_s17_f0185,zrc64_T0300_v095_s17,64,300,0.95,17,development,zrc64_v095_s17_heating,185,9250.0,18500,345.43836686694215,-9.647197723388672,15.206144332885742,2.0442991256713867,2.168180776516896,3.1021704521022957,3.158130474949243,aae56ac5fc96dae7e0ecf6300fb5d230942538518f6dbd52ef900c71c1094584,experiments/zrc_mace_round1/jobs/zrc64_T0300_v095_s17/production/attempt-01/sampling/frames.extxyz,29fc41d9fad7160ccd2375073663700da24320df162982d90ed67297d635bd7d,,unassigned,174,stratified_SOAP_FPS,42,0.0025263671015277036
zrc64_T6000_v100_s17_f0105,zrc64_T6000_v100_s17,64,6000,1.0,17,development,zrc64_v100_s17_heating,105,5250.0,10500,5095.896744833186,-8.055619239807129,34.27253295510483,14.765061378479004,1.8161896274416873,1.255922939362959,2.228439599881846,f5e88ba9e47fb9e7167b264b4a3d833a9519fbd9313d435f9fd0b0c679855aa9,hpc/results/round1-8-64/production/zrc64_T6000_v100_s17/jobs/zrc64_T6000_v100_s17/production/attempt-01/sampling/frames.extxyz,41599cc730e48121c4bdac3bc09d76b684d95a277e129cddc8adb7f46e6d0946,,unassigned,175,stratified_SOAP_FPS,42,0.04503211537813834
zrc64_T1500_v100_s17_f0115,zrc64_T1500_v100_s17,64,1500,1.0,17,development,zrc64_v100_s17_heating,115,5750.0,11500,1402.199366743533,-9.538213729858398,7.01780872543294,5.034921646118164,2.0367922602043786,2.893412067749397,3.0684616604430865,76829db0e09f703a8e1a9918fe31ce4ce30ac998a1fc80a9ccd0ce4cb1e58549,hpc/results/round1-8-64/production/zrc64_T1500_v100_s17/jobs/zrc64_T1500_v100_s17/production/attempt-01/sampling/frames.extxyz,0b57a9d22d7e8c7db61735858cc30505ba173d07c1c4a6e396f17041a99b84e2,,unassigned,176,stratified_SOAP_FPS,42,0.0073065914318734895
zrc64_T5250_v095_s17_f0110,zrc64_T5250_v095_s17,64,5250,0.95,17,development,zrc64_v095_s17_heating,110,5500.0,11000,5471.540855491274,-8.167085647583008,42.89808910795221,10.393170356750488,1.7344586368863546,1.3403512140360598,2.2958823731951354,7d7b11f26b25c76f976897a461cca7dfbb10266014bf2154935a1bea5d984d9f,hpc/results/round1-8-64/production/zrc64_T5250_v095_s17/jobs/zrc64_T5250_v095_s17/production/attempt-01/sampling/frames.extxyz,7fdbc9fc59e3288da3c2fc653d1ed8709f0feeca8bf1573cf734a243a8eea755,,unassigned,177,stratified_SOAP_FPS,42,0.04596141664866383
zrc64_T5250_v105_s17_f0115,zrc64_T5250_v105_s17,64,5250,1.05,17,development,zrc64_v105_s17_heating,115,5750.0,11500,4549.82258193962,-8.235977172851562,22.609878007597896,12.20804214477539,1.7267213406144004,1.325304752792063,2.3748474491407077,92e9a870c911cfd3b517a944c9485a0260c9309b01b8abe50d5e62a48c4aaf0d,hpc/results/round1-8-64/production/zrc64_T5250_v105_s17/jobs/zrc64_T5250_v105_s17/production/attempt-01/sampling/frames.extxyz,98513e4ef98528a1f91bcd1e3ab3c9da409ecdb19122d0f4eb5d882dd43afa8e,,unassigned,178,stratified_SOAP_FPS,42,0.04842073082221966
zrc64_T0300_v100_s17_f0140,zrc64_T0300_v100_s17,64,300,1.0,17,development,zrc64_v100_s17_heating,140,7000.0,14000,311.4534462674589,-9.666609764099121,1.932242512702942,2.590907573699951,2.1360076522932636,3.1317189364181734,3.169307332921068,8cbe106fc5dfb17530b24e6a133cfc845b01da06ce658a29bff61f734163a362,experiments/zrc_mace_round1/jobs/zrc64_T0300_v100_s17/production/attempt-01/sampling/frames.extxyz,b0e19e781d665d4f92fb7606a1fa566d8357e4b8f1c5799a79f193aea3456c2f,,unassigned,179,stratified_SOAP_FPS,42,0.0030448732990041266
zrc64_T3000_v105_s17_f0130,zrc64_T3000_v105_s17,64,3000,1.05,17,development,zrc64_v105_s17_heating,130,6500.0,13000,2775.3378199550098,-9.252208709716797,5.455737377302691,7.377165794372559,1.9548632049450998,2.7065694872388097,2.848877780957934,580198c58d466c129fccf3de85a44887f6535c6336c1a60891024de995a1fc9a,hpc/results/round1-8-64/production/zrc64_T3000_v105_s17/jobs/zrc64_T3000_v105_s17/production/attempt-01/sampling/frames.extxyz,b4dccb6801af5c2276e8bda38746a4f6f66326b38d4a2344115b8b88f363d665,,unassigned,180,stratified_SOAP_FPS,42,0.013259405930422059
zrc64_T3000_v100_s17_f0110,zrc64_T3000_v100_s17,64,3000,1.0,17,development,zrc64_v100_s17_heating,110,5500.0,11000,2682.5115478675434,-9.324919700622559,15.385702463764504,7.089675426483154,1.8984175819523708,2.688309267527787,2.8428300025415667,3101ca970a7cf076e0a1034f5c79c56e251cc05cadae14051f437cb6edee4440,hpc/results/round1-8-64/production/zrc64_T3000_v100_s17/jobs/zrc64_T3000_v100_s17/production/attempt-01/sampling/frames.extxyz,a4444c4024dfaef8af475d257202e4ec0c331a45e9426cd5c950944caa131eaa,,unassigned,181,stratified_SOAP_FPS,42,0.01186568093677334
zrc64_T6000_v095_s17_f0125,zrc64_T6000_v095_s17,64,6000,0.95,17,development,zrc64_v095_s17_heating,125,6250.0,12500,5875.621961181929,-7.9407758712768555,48.849235826531384,11.750118255615234,1.8146866827154515,1.2538444189314766,2.2715446203153027,a30258d0c8e4c93996bc08917468175535c77acd7039312c409c40b56d6f73db,hpc/results/round1-8-64/production/zrc64_T6000_v095_s17/jobs/zrc64_T6000_v095_s17/production/attempt-01/sampling/frames.extxyz,ebfa194f0d83eb7ec3df31489d43cf1768b9a48d0c55db95d8af2f4e79e8302b,,unassigned,182,stratified_SOAP_FPS,42,0.044487971753751465
zrc64_T3000_v095_s17_f0075,zrc64_T3000_v095_s17,64,3000,0.95,17,development,zrc64_v095_s17_heating,75,3750.0,7500,3411.2281377911754,-9.311695098876953,27.212784332812458,6.530073642730713,2.0238746446734446,2.7373265768266433,2.8009499964010365,371891d1edd2dfa9c8f1147f600d190bd3c3124a07d342765159b04a43562b6a,hpc/results/round1-8-64/production/zrc64_T3000_v095_s17/jobs/zrc64_T3000_v095_s17/production/attempt-01/sampling/frames.extxyz,38d42f886936a7c5334dbee7f9fc2d38457e89614c905ba8d473d57ee3aee2bb,,unassigned,183,stratified_SOAP_FPS,42,0.0105310298774705
zrc64_T1500_v105_s17_f0170,zrc64_T1500_v105_s17,64,1500,1.05,17,development,zrc64_v105_s17_heating,170,8500.0,17000,1619.1758078116502,-9.481688499450684,-1.5808900742687029,5.069521903991699,1.9956667302755697,3.0209094826600698,2.9670574711747775,7e2fefc1aa447e5e864630e6afd75afe4418033bc69aa09ac8bea4b0bde7379c,hpc/results/round1-8-64/production/zrc64_T1500_v105_s17/jobs/zrc64_T1500_v105_s17/production/attempt-01/sampling/frames.extxyz,d28a4f0a705320a646044b919cebe9286d070451f48feede258cfdd61a8ba8f5,,unassigned,184,stratified_SOAP_FPS,42,0.00874533228441437
zrc64_T1500_v100_s17_f0150,zrc64_T1500_v100_s17,64,1500,1.0,17,development,zrc64_v100_s17_heating,150,7500.0,15000,1396.8765829501676,-9.487099647521973,8.413150277481604,5.6270294189453125,1.9655164997378505,2.9585522158674733,2.985642594864974,1e7cc7c084ba3ad5d3dd075d42315abb374e38acb2ff147f83d91c3d0c5eea8a,hpc/results/round1-8-64/production/zrc64_T1500_v100_s17/jobs/zrc64_T1500_v100_s17/production/attempt-01/sampling/frames.extxyz,0b57a9d22d7e8c7db61735858cc30505ba173d07c1c4a6e396f17041a99b84e2,,unassigned,185,stratified_SOAP_FPS,42,0.007226561854367952
zrc64_T1500_v095_s17_f0105,zrc64_T1500_v095_s17,64,1500,0.95,17,development,zrc64_v095_s17_heating,105,5250.0,10500,1644.4174092910205,-9.492170333862305,21.074714319891207,4.627991676330566,2.062790048967778,2.8708133328652377,2.9560844601303855,2d3d621c725b430ae9a511c82e57722547a06732416c999c23be4d4bdc17a61f,hpc/results/round1-8-64/production/zrc64_T1500_v095_s17/jobs/zrc64_T1500_v095_s17/production/attempt-01/sampling/frames.extxyz,5b28004032b343dfef216429d4e0761a24384595070cb03a21afa3c444c24067,,unassigned,186,stratified_SOAP_FPS,42,0.006992532531604789
zrc64_T0300_v095_s17_f0060,zrc64_T0300_v095_s17,64,300,0.95,17,development,zrc64_v095_s17_heating,60,3000.0,6000,261.75448346004265,-9.650477409362793,14.97961139678955,1.9399874210357666,2.163149086737417,3.0707207714052402,3.1091197580584247,977b60856b179beb0cc3853bef60c548befd21033c75e12b82bd621cbf4cedbc,experiments/zrc_mace_round1/jobs/zrc64_T0300_v095_s17/production/attempt-01/sampling/frames.extxyz,29fc41d9fad7160ccd2375073663700da24320df162982d90ed67297d635bd7d,,unassigned,187,stratified_SOAP_FPS,42,0.0025137947827728654
zrc64_T5250_v100_s17_f0085,zrc64_T5250_v100_s17,64,5250,1.0,17,development,zrc64_v100_s17_heating,85,4250.0,8500,5891.806818705045,-7.995190620422363,36.931866733880426,9.126907348632812,1.8180487546253992,1.3074799832226784,2.283662928342926,89a5954f9e4fc41fa21bdd15a1c0f2c3d1f8f0ccc9da214ab30f86d329ad3562,hpc/results/round1-8-64/production/zrc64_T5250_v100_s17/jobs/zrc64_T5250_v100_s17/production/attempt-01/sampling/frames.extxyz,c105336a4968370fe0edbeab8640489ed047806d76ff10421d0ca32fae09eea0,,unassigned,188,stratified_SOAP_FPS,42,0.04476461113955315
zrc64_T3000_v105_s17_f0010,zrc64_T3000_v105_s17,64,3000,1.05,17,development,zrc64_v105_s17_heating,10,500.0,1000,2509.7966669875555,-9.354493141174316,2.9597897697713718,5.7450175285339355,1.9848747062428032,2.7077907458709114,2.981513976402841,49049dad94b45b37b4c9563152603ecf4840e70dd809378766b9035ab12bafda,hpc/results/round1-8-64/production/zrc64_T3000_v105_s17/jobs/zrc64_T3000_v105_s17/production/attempt-01/sampling/frames.extxyz,b4dccb6801af5c2276e8bda38746a4f6f66326b38d4a2344115b8b88f363d665,,unassigned,189,stratified_SOAP_FPS,42,0.012906908460700499
zrc64_T0300_v100_s17_f0070,zrc64_T0300_v100_s17,64,300,1.0,17,development,zrc64_v100_s17_heating,70,3500.0,7000,318.84754062622335,-9.672722816467285,1.6363332271575928,2.110194683074951,2.220404992760805,3.15106745911655,3.1616895552088393,d54eac34b0e1eeade389d8f86ffd07413df2e44a6b386e8a6226377fd0f4e1b4,experiments/zrc_mace_round1/jobs/zrc64_T0300_v100_s17/production/attempt-01/sampling/frames.extxyz,b0e19e781d665d4f92fb7606a1fa566d8357e4b8f1c5799a79f193aea3456c2f,,unassigned,190,stratified_SOAP_FPS,42,0.0029605654484053446
zrc64_T0300_v105_s17_f0105,zrc64_T0300_v105_s17,64,300,1.05,17,development,zrc64_v105_s17_heating,105,5250.0,10500,319.48595996601387,-9.654743194580078,-8.724774360656738,1.6295803785324097,2.1983183017166943,3.2140096818525437,3.2019365781249562,6618c3342c58f106a1e182606ab7a1e6b98d11b7bb8e4624fceff9d7cdff99c0,experiments/zrc_mace_round1/jobs/zrc64_T0300_v105_s17/production/attempt-01/sampling/frames.extxyz,2e6224250d01b866f883442edea3e0ecd17b582eb99446eca08ba48b95249e08,,unassigned,191,stratified_SOAP_FPS,42,0.0032338396736500004
zrc64_T4500_v100_s17_f0135,zrc64_T4500_v100_s17,64,4500,1.0,17,development,zrc64_v100_s17_heating,135,6750.0,13500,4742.129561609232,-8.969484329223633,21.163026034117408,8.952391624450684,1.9060024993149607,1.6015076006183566,2.4433153017342564,a7df383f23628ccff4454ace2da972fa50b1815d3702db8b07298629893499f3,hpc/results/round1-8-64/production/zrc64_T4500_v100_s17/jobs/zrc64_T4500_v100_s17/production/attempt-01/sampling/frames.extxyz,b5f6ee0648c369753023d9323aabfe46cfd7612607cbea2ffbfb15a993519ff2,,unassigned,192,stratified_SOAP_FPS,42,0.027219911814169988
zrc64_T6000_v105_s17_f0200,zrc64_T6000_v105_s17,64,6000,1.05,17,development,zrc64_v105_s17_heating,200,10000.0,20000,5876.490867296732,-8.274063110351562,22.60068426087934,10.23852825164795,1.776132969529834,1.3672876822617852,2.4503545770041484,b46fe8cf73c44393ba0be48cf575a3cc5e32ab9249e7d6b0df889199a8f50924,hpc/results/round1-8-64/production/zrc64_T6000_v105_s17/jobs/zrc64_T6000_v105_s17/production/attempt-01/sampling/frames.extxyz,ef738ec6f25e619a80c636ce84ec0302c99d26bcf9231bfb5a2f7e421275dfdc,,unassigned,193,stratified_SOAP_FPS,42,0.04858744936433249
zrc64_T5250_v105_s17_f0160,zrc64_T5250_v105_s17,64,5250,1.05,17,development,zrc64_v105_s17_heating,160,8000.0,16000,5633.156361164098,-8.26070499420166,23.77887326973764,7.889825344085693,1.8949015190943685,1.339024240470215,2.3456436918727372,b53560a1026ff355333225f149f566fb5827ab7588a51897544b32e36fc3c09d,hpc/results/round1-8-64/production/zrc64_T5250_v105_s17/jobs/zrc64_T5250_v105_s17/production/attempt-01/sampling/frames.extxyz,98513e4ef98528a1f91bcd1e3ab3c9da409ecdb19122d0f4eb5d882dd43afa8e,,unassigned,194,stratified_SOAP_FPS,42,0.047761801140918755
zrc64_T5250_v095_s17_f0150,zrc64_T5250_v095_s17,64,5250,0.95,17,development,zrc64_v095_s17_heating,150,7500.0,15000,5001.941669425219,-8.189408302307129,40.58749534511806,9.10687255859375,1.8414599300581624,1.3348788371823768,2.434759178487582,d49c119b8ef7fdfb9db02fda278f9f748f7364341d0b0863b898944f9d9b1b5a,hpc/results/round1-8-64/production/zrc64_T5250_v095_s17/jobs/zrc64_T5250_v095_s17/production/attempt-01/sampling/frames.extxyz,7fdbc9fc59e3288da3c2fc653d1ed8709f0feeca8bf1573cf734a243a8eea755,,unassigned,195,stratified_SOAP_FPS,42,0.04454160372656921
zrc64_T6000_v100_s17_f0065,zrc64_T6000_v100_s17,64,6000,1.0,17,development,zrc64_v100_s17_heating,65,3250.0,6500,6058.020970009022,-8.039253234863281,35.69149477818152,13.053337097167969,1.753774362258673,1.2214356150125751,2.4403132517227735,ff5f5e668c0f390faab079b37c093e958b0fdcbcde8ecd40675504a78e5ce111,hpc/results/round1-8-64/production/zrc64_T6000_v100_s17/jobs/zrc64_T6000_v100_s17/production/attempt-01/sampling/frames.extxyz,41599cc730e48121c4bdac3bc09d76b684d95a277e129cddc8adb7f46e6d0946,,unassigned,196,stratified_SOAP_FPS,42,0.044686250504686505
zrc64_T4500_v095_s17_f0040,zrc64_T4500_v095_s17,64,4500,0.95,17,development,zrc64_v095_s17_heating,40,2000.0,4000,4421.525502858468,-8.984598159790039,33.42119618695399,8.342878341674805,1.8662912131909382,1.2913131221565546,2.718406311888671,a2019a29cf22256f70a7a8b84b3fc849aa51417e84c3e5405c3776f55e14f552,hpc/results/round1-8-64/production/zrc64_T4500_v095_s17/jobs/zrc64_T4500_v095_s17/production/attempt-01/sampling/frames.extxyz,65116dd3c23f7ea4f37d5e963453d34409098eb6bae1ff570fe77bb92b99e81a,,unassigned,197,stratified_SOAP_FPS,42,0.022334063391771745
zrc64_T4500_v105_s17_f0125,zrc64_T4500_v105_s17,64,4500,1.05,17,development,zrc64_v105_s17_heating,125,6250.0,12500,4561.676028529415,-8.85657024383545,18.2461030387696,13.013835906982422,1.7371775018662232,1.3743243725577157,2.765080331632071,3f91db89e4eb3662d14a646be6f2cf6a7050a294f7137428ee295326b24f3dfa,hpc/results/round1-8-64/production/zrc64_T4500_v105_s17/jobs/zrc64_T4500_v105_s17/production/attempt-01/sampling/frames.extxyz,05e37e3688bdce1195b166c3cdb4e0b2767bce96dc36f5029349686ffc9fba78,,unassigned,198,stratified_SOAP_FPS,42,0.034065284721244114
zrc64_T4500_v100_s17_f0195,zrc64_T4500_v100_s17,64,4500,1.0,17,development,zrc64_v100_s17_heating,195,9750.0,19500,4264.798118378491,-8.905806541442871,25.782554729884918,8.899946212768555,1.8235537225022014,1.461856274529876,2.658226382441568,c81aecf6d20ee657474bbb4e87ccade0857c1b32b27756a10ac7a33b50068b9f,hpc/results/round1-8-64/production/zrc64_T4500_v100_s17/jobs/zrc64_T4500_v100_s17/production/attempt-01/sampling/frames.extxyz,b5f6ee0648c369753023d9323aabfe46cfd7612607cbea2ffbfb15a993519ff2,,unassigned,199,stratified_SOAP_FPS,42,0.027189720261636553
zrc64_T4500_v105_s17_f0130,zrc64_T4500_v105_s17,64,4500,1.05,17,development,zrc64_v105_s17_heating,130,6500.0,13000,4824.984972045195,-8.998863220214844,15.834189443360412,12.505719184875488,1.8247308815728642,1.250567430307343,2.691802759919357,dbaef7bebdd5d4b5771e13a8a46955eeaa2e51fa9f29c769d1788d0e4f9cc569,hpc/results/round1-8-64/production/zrc64_T4500_v105_s17/jobs/zrc64_T4500_v105_s17/production/attempt-01/sampling/frames.extxyz,05e37e3688bdce1195b166c3cdb4e0b2767bce96dc36f5029349686ffc9fba78,,unassigned,200,stratified_SOAP_FPS,42,0.03279491397803999
