frame_id,job_id,atoms,target_temperature_K,volume_scale,md_seed,split,source_group,frame_index_zero_based,sampling_time_fs,step,temperature_K,MACE_energy_eV_atom,MACE_pressure_GPa,MACE_max_force_eV_A,min_ZrC_A,min_CC_A,min_ZrZr_A,geometry_sha256,source_path,source_sha256,duplicate_of,phase,rank,method,selection_seed,min_SOAP_distance_before_selection
zrc64_T6000_v095_s17_f0020,zrc64_T6000_v095_s17,64,6000,0.95,17,development,zrc64_v095_s17_heating,20,1000.0,2000,6593.575842182171,-7.836853981018066,46.06231790659156,10.77981948852539,1.8416254870368827,1.262880323056578,2.1556845012839445,99b4b14ebd527f4b5462870dab7680ceeb24f5335fd353438c930604ae197b78,hpc/results/round1-8-64/production/zrc64_T6000_v095_s17/jobs/zrc64_T6000_v095_s17/production/attempt-01/sampling/frames.extxyz,ebfa194f0d83eb7ec3df31489d43cf1768b9a48d0c55db95d8af2f4e79e8302b,,unassigned,1,stratified_random,42,
zrc64_T6000_v105_s17_f0160,zrc64_T6000_v105_s17,64,6000,1.05,17,development,zrc64_v105_s17_heating,160,8000.0,16000,5584.4762901583435,-8.177301406860352,27.743260476691596,17.666656494140625,1.8629535306281755,1.1285281276046655,2.35002234907369,8552d2b791963f60be8edbce7675dc27dbf20efe136fd9a3e89fa577bfca3f6b,hpc/results/round1-8-64/production/zrc64_T6000_v105_s17/jobs/zrc64_T6000_v105_s17/production/attempt-01/sampling/frames.extxyz,ef738ec6f25e619a80c636ce84ec0302c99d26bcf9231bfb5a2f7e421275dfdc,,unassigned,2,stratified_random,42,0.07561834979878922
zrc64_T5250_v100_s17_f0135,zrc64_T5250_v100_s17,64,5250,1.0,17,development,zrc64_v100_s17_heating,135,6750.0,13500,4519.6412628584485,-8.202421188354492,31.415034428444667,17.209890365600586,1.7210856711124387,1.2723417019836187,2.390045223737392,7a82b317d368a555fd032a1d64e47a391a82e4dbf73aabe593e7ea71dadd19a4,hpc/results/round1-8-64/production/zrc64_T5250_v100_s17/jobs/zrc64_T5250_v100_s17/production/attempt-01/sampling/frames.extxyz,c105336a4968370fe0edbeab8640489ed047806d76ff10421d0ca32fae09eea0,,unassigned,3,stratified_random,42,0.0659542534817719
zrc64_T3000_v100_s17_f0095,zrc64_T3000_v100_s17,64,3000,1.0,17,development,zrc64_v100_s17_heating,95,4750.0,9500,2699.0701158872503,-9.313942909240723,14.375511986035717,12.030000686645508,1.8146733731212985,2.6548686243851973,2.849739206092346,596a5685329aae7992cb6c01a87ece04116a9200a03eafdd45aecd3edfe383b4,hpc/results/round1-8-64/production/zrc64_T3000_v100_s17/jobs/zrc64_T3000_v100_s17/production/attempt-01/sampling/frames.extxyz,a4444c4024dfaef8af475d257202e4ec0c331a45e9426cd5c950944caa131eaa,,unassigned,4,stratified_random,42,0.26627406162961
zrc64_T4500_v095_s17_f0090,zrc64_T4500_v095_s17,64,4500,0.95,17,development,zrc64_v095_s17_heating,90,4500.0,9000,4335.08456597259,-9.002656936645508,34.9866482036573,10.262499809265137,1.8178739362812404,1.547562160474628,2.7612598533391886,54983c362a6f8380d51a500215385c006cc85356e1ca2b368f6a2c9349d7ac69,hpc/results/round1-8-64/production/zrc64_T4500_v095_s17/jobs/zrc64_T4500_v095_s17/production/attempt-01/sampling/frames.extxyz,65116dd3c23f7ea4f37d5e963453d34409098eb6bae1ff570fe77bb92b99e81a,,unassigned,5,stratified_random,42,0.07658265897174088
zrc64_T4500_v100_s17_f0175,zrc64_T4500_v100_s17,64,4500,1.0,17,development,zrc64_v100_s17_heating,175,8750.0,17500,4758.223604730789,-9.068622589111328,23.132100882283705,7.632620811462402,1.8805253776800062,1.418453219611561,2.8159884326507663,c7aeb546b203e9c56375b35350bd815292a1d76511066f11eb040b24f1278015,hpc/results/round1-8-64/production/zrc64_T4500_v100_s17/jobs/zrc64_T4500_v100_s17/production/attempt-01/sampling/frames.extxyz,b5f6ee0648c369753023d9323aabfe46cfd7612607cbea2ffbfb15a993519ff2,,unassigned,6,stratified_random,42,0.04319282019078406
zrc64_T3000_v095_s17_f0020,zrc64_T3000_v095_s17,64,3000,0.95,17,development,zrc64_v095_s17_heating,20,1000.0,2000,3244.306318551409,-9.26888656616211,26.830851901664282,6.972681522369385,1.9322880420514474,2.71198367384807,2.7985130143362076,970d366432f19b4f9ade820790cd06730d67385ace90f8b684784da7b8dbbabb,hpc/results/round1-8-64/production/zrc64_T3000_v095_s17/jobs/zrc64_T3000_v095_s17/production/attempt-01/sampling/frames.extxyz,38d42f886936a7c5334dbee7f9fc2d38457e89614c905ba8d473d57ee3aee2bb,,unassigned,7,stratified_random,42,0.04032842109846207
zrc64_T1500_v100_s17_f0145,zrc64_T1500_v100_s17,64,1500,1.0,17,development,zrc64_v100_s17_heating,145,7250.0,14500,1351.3088400344373,-9.534361839294434,6.85690837127963,5.143222808837891,2.0008611761039505,2.9857374213327224,3.0185259497895416,d3f2d6af9f7894b9b82a3849e56f6da3cf8af4b43b7270dcda1ff5094bec502a,hpc/results/round1-8-64/production/zrc64_T1500_v100_s17/jobs/zrc64_T1500_v100_s17/production/attempt-01/sampling/frames.extxyz,0b57a9d22d7e8c7db61735858cc30505ba173d07c1c4a6e396f17041a99b84e2,,unassigned,8,stratified_random,42,0.028297885232808278
zrc64_T0300_v100_s17_f0040,zrc64_T0300_v100_s17,64,300,1.0,17,development,zrc64_v100_s17_heating,40,2000.0,4000,258.0346683644903,-9.67147445678711,1.5739994049072266,1.8582065105438232,2.196582558008492,3.154963940410172,3.1758120287293656,0479089fa06201597766db787065fc6cf747ddb19ffdd0870e65e1896ca2a6df,experiments/zrc_mace_round1/jobs/zrc64_T0300_v100_s17/production/attempt-01/sampling/frames.extxyz,b0e19e781d665d4f92fb7606a1fa566d8357e4b8f1c5799a79f193aea3456c2f,,unassigned,9,stratified_random,42,0.025191357043235055
zrc64_T5250_v105_s17_f0020,zrc64_T5250_v105_s17,64,5250,1.05,17,development,zrc64_v105_s17_heating,20,1000.0,2000,4491.058043651241,-8.219332695007324,23.175329623846977,16.566024780273438,1.6749507562549266,1.3146802165725067,2.451415004507012,361144f9e56b3bd03d9324205c6d6adb48acf4f18a720fa70219252d4fa985d1,hpc/results/round1-8-64/production/zrc64_T5250_v105_s17/jobs/zrc64_T5250_v105_s17/production/attempt-01/sampling/frames.extxyz,98513e4ef98528a1f91bcd1e3ab3c9da409ecdb19122d0f4eb5d882dd43afa8e,,unassigned,10,stratified_random,42,0.05732123715413716
zrc64_T1500_v105_s17_f0105,zrc64_T1500_v105_s17,64,1500,1.05,17,development,zrc64_v105_s17_heating,105,5250.0,10500,1477.4417950800687,-9.469194412231445,-0.7099802050471979,5.912729740142822,1.9437606055025818,2.912732113461041,3.006191241054906,8536dbdc45b307e90320c94d9f8869d42dc6ae6c4fe9b4a81f9390e1f554896d,hpc/results/round1-8-64/production/zrc64_T1500_v105_s17/jobs/zrc64_T1500_v105_s17/production/attempt-01/sampling/frames.extxyz,d28a4f0a705320a646044b919cebe9286d070451f48feede258cfdd61a8ba8f5,,unassigned,11,stratified_random,42,0.04167949110103216
zrc64_T4500_v105_s17_f0200,zrc64_T4500_v105_s17,64,4500,1.05,17,development,zrc64_v105_s17_heating,200,10000.0,20000,5232.1935674138385,-9.042147636413574,11.146749299117555,9.087691307067871,1.8982536672619814,1.7182344671400314,2.6943854026673044,a1d3d575c6cb116bb857698e5b1f19a1c45ffa212e272635a4074a4ebfaf6773,hpc/results/round1-8-64/production/zrc64_T4500_v105_s17/jobs/zrc64_T4500_v105_s17/production/attempt-01/sampling/frames.extxyz,05e37e3688bdce1195b166c3cdb4e0b2767bce96dc36f5029349686ffc9fba78,,unassigned,12,stratified_random,42,0.050336521769811494
zrc64_T0300_v105_s17_f0150,zrc64_T0300_v105_s17,64,300,1.05,17,development,zrc64_v105_s17_heating,150,7500.0,15000,286.21028101031885,-9.658475875854492,-8.884370803833008,1.994466781616211,2.2326771153531575,3.191550177765928,3.2451231761811807,437a47ad31bae94ea4e1c8b2b30b8f4bcb2202f2f7857979cf50488835bcd32e,experiments/zrc_mace_round1/jobs/zrc64_T0300_v105_s17/production/attempt-01/sampling/frames.extxyz,2e6224250d01b866f883442edea3e0ecd17b582eb99446eca08ba48b95249e08,,unassigned,13,stratified_random,42,0.033649530163685555
zrc64_T1500_v095_s17_f0150,zrc64_T1500_v095_s17,64,1500,0.95,17,development,zrc64_v095_s17_heating,150,7500.0,15000,1451.842359572124,-9.508992195129395,20.87302131199837,5.16218900680542,1.9732461992976953,2.9363230767406496,3.027261793540005,ab384a9719b52f0049985ab29a24a3ddced29842ed2a7b72ae93ddaae449625f,hpc/results/round1-8-64/production/zrc64_T1500_v095_s17/jobs/zrc64_T1500_v095_s17/production/attempt-01/sampling/frames.extxyz,5b28004032b343dfef216429d4e0761a24384595070cb03a21afa3c444c24067,,unassigned,14,stratified_random,42,0.028627002600420497
zrc64_T6000_v100_s17_f0145,zrc64_T6000_v100_s17,64,6000,1.0,17,development,zrc64_v100_s17_heating,145,7250.0,14500,5985.892049317229,-8.059833526611328,30.301872390875303,9.106886863708496,1.8375356126982292,1.2624666618268516,2.3627313657369635,9e864abb341d6d6e3f0406b06cf07c5003c016b71b3eb308753e7c20164b85c1,hpc/results/round1-8-64/production/zrc64_T6000_v100_s17/jobs/zrc64_T6000_v100_s17/production/attempt-01/sampling/frames.extxyz,41599cc730e48121c4bdac3bc09d76b684d95a277e129cddc8adb7f46e6d0946,,unassigned,15,stratified_random,42,0.05105641233856131
zrc64_T0300_v095_s17_f0155,zrc64_T0300_v095_s17,64,300,0.95,17,development,zrc64_v095_s17_heating,155,7750.0,15500,316.71447949644465,-9.650956153869629,15.223191261291504,2.7412166595458984,2.1175656379083057,3.1237316918610034,3.145717565751605,7c80f2ec2a3b8dfcaadca25422aefd0122a8b7fbe00a5adda257b104b689ff37,experiments/zrc_mace_round1/jobs/zrc64_T0300_v095_s17/production/attempt-01/sampling/frames.extxyz,29fc41d9fad7160ccd2375073663700da24320df162982d90ed67297d635bd7d,,unassigned,16,stratified_random,42,0.02384056821250265
zrc64_T5250_v095_s17_f0105,zrc64_T5250_v095_s17,64,5250,0.95,17,development,zrc64_v095_s17_heating,105,5250.0,10500,5672.14836626221,-8.295884132385254,41.9620626194553,10.441761016845703,1.771022907152551,1.2821886079527491,2.324459083526526,21dff48e71e6ad5145ceb05b5fe9bc026db053d5c331f92d1d38b29e8b0e4ee4,hpc/results/round1-8-64/production/zrc64_T5250_v095_s17/jobs/zrc64_T5250_v095_s17/production/attempt-01/sampling/frames.extxyz,7fdbc9fc59e3288da3c2fc653d1ed8709f0feeca8bf1573cf734a243a8eea755,,unassigned,17,stratified_random,42,0.07317912293431475
zrc64_T3000_v105_s17_f0030,zrc64_T3000_v105_s17,64,3000,1.05,17,development,zrc64_v105_s17_heating,30,1500.0,3000,2922.1433096593214,-9.385709762573242,2.3996479800397363,6.171957492828369,2.029770450569486,2.861588317064692,3.004345677351932,5cf3ba87c3831683f909d5ed2ac2e342f3ab4f1022d6854f27e9f5f000c42ef0,hpc/results/round1-8-64/production/zrc64_T3000_v105_s17/jobs/zrc64_T3000_v105_s17/production/attempt-01/sampling/frames.extxyz,b4dccb6801af5c2276e8bda38746a4f6f66326b38d4a2344115b8b88f363d665,,unassigned,18,stratified_random,42,0.021123055645509425
zrc64_T5250_v100_s17_f0170,zrc64_T5250_v100_s17,64,5250,1.0,17,development,zrc64_v100_s17_heating,170,8500.0,17000,5184.2751922034095,-8.234054565429688,32.1566032601554,7.1851301193237305,1.8932612322786602,1.2650129476632537,2.2067912397097507,cc655377303495bfe3c85221c6bb523ad9c6442822b2a0298c6814cd9311b26a,hpc/results/round1-8-64/production/zrc64_T5250_v100_s17/jobs/zrc64_T5250_v100_s17/production/attempt-01/sampling/frames.extxyz,c105336a4968370fe0edbeab8640489ed047806d76ff10421d0ca32fae09eea0,,unassigned,19,stratified_random,42,0.04024394863522682
zrc64_T3000_v095_s17_f0100,zrc64_T3000_v095_s17,64,3000,0.95,17,development,zrc64_v095_s17_heating,100,5000.0,10000,2769.1266097622756,-9.359467506408691,25.59762691379688,6.472657680511475,1.9350523494936736,2.784848648393667,2.941438706410825,4ed340c23d2d4ed18f189fe865192a959655b894d5c037d4fb1104a7489a2380,hpc/results/round1-8-64/production/zrc64_T3000_v095_s17/jobs/zrc64_T3000_v095_s17/production/attempt-01/sampling/frames.extxyz,38d42f886936a7c5334dbee7f9fc2d38457e89614c905ba8d473d57ee3aee2bb,,unassigned,20,stratified_random,42,0.012176373368519207
zrc64_T3000_v105_s17_f0110,zrc64_T3000_v105_s17,64,3000,1.05,17,development,zrc64_v105_s17_heating,110,5500.0,11000,3237.7816089391226,-9.238510131835938,6.455029223057892,7.005737781524658,1.963063949589573,2.807159814430005,2.848769835277175,9e0bf7e1fe8abd33e8f6f65da3b2fb4b2e38bba7cf88c8141fcc286bfccc998d,hpc/results/round1-8-64/production/zrc64_T3000_v105_s17/jobs/zrc64_T3000_v105_s17/production/attempt-01/sampling/frames.extxyz,b4dccb6801af5c2276e8bda38746a4f6f66326b38d4a2344115b8b88f363d665,,unassigned,21,stratified_random,42,0.021279159751367717
zrc64_T3000_v100_s17_f0080,zrc64_T3000_v100_s17,64,3000,1.0,17,development,zrc64_v100_s17_heating,80,4000.0,8000,2927.2728262003825,-9.2871675491333,15.078265276879376,7.479315757751465,1.9163943569231292,2.8011232508418997,2.9164524646103986,4cc07fc464e832fca136b4ed02778f9ff7990fdea75e901152ee9715d019487e,hpc/results/round1-8-64/production/zrc64_T3000_v100_s17/jobs/zrc64_T3000_v100_s17/production/attempt-01/sampling/frames.extxyz,a4444c4024dfaef8af475d257202e4ec0c331a45e9426cd5c950944caa131eaa,,unassigned,22,stratified_random,42,0.01008109145616697
zrc64_T1500_v095_s17_f0035,zrc64_T1500_v095_s17,64,1500,0.95,17,development,zrc64_v095_s17_heating,35,1750.0,3500,1380.2168410013646,-9.537117958068848,19.881186546321565,4.444784164428711,2.0725985861731737,2.910919140616377,2.988226307167008,9503c6df6b542297dd5c1389f3d18e4fdb0e1657649cceeec368b5db5a332f0d,hpc/results/round1-8-64/production/zrc64_T1500_v095_s17/jobs/zrc64_T1500_v095_s17/production/attempt-01/sampling/frames.extxyz,5b28004032b343dfef216429d4e0761a24384595070cb03a21afa3c444c24067,,unassigned,23,stratified_random,42,0.008988699888639233
zrc64_T0300_v095_s17_f0190,zrc64_T0300_v095_s17,64,300,0.95,17,development,zrc64_v095_s17_heating,190,9500.0,19000,271.55831019165606,-9.641833305358887,15.299735069274902,2.874218463897705,2.161861524344937,3.064369223815839,3.083236771593335,928cf87c096dbe9b2336a59dadad235b5858d61b199b22730422a4e9bfc7271b,experiments/zrc_mace_round1/jobs/zrc64_T0300_v095_s17/production/attempt-01/sampling/frames.extxyz,29fc41d9fad7160ccd2375073663700da24320df162982d90ed67297d635bd7d,,unassigned,24,stratified_random,42,0.002475798707356179
zrc64_T6000_v095_s17_f0155,zrc64_T6000_v095_s17,64,6000,0.95,17,development,zrc64_v095_s17_heating,155,7750.0,15500,5593.109338231097,-8.03166675567627,42.948515305249856,13.943480491638184,1.7469475557596577,1.179677038024569,2.1451818654509283,224d7079825882e1817e705fc1c1444df7336e89c12e7955a1203c092e58fdaf,hpc/results/round1-8-64/production/zrc64_T6000_v095_s17/jobs/zrc64_T6000_v095_s17/production/attempt-01/sampling/frames.extxyz,ebfa194f0d83eb7ec3df31489d43cf1768b9a48d0c55db95d8af2f4e79e8302b,,unassigned,25,stratified_random,42,0.05128811768623537
zrc64_T1500_v105_s17_f0130,zrc64_T1500_v105_s17,64,1500,1.05,17,development,zrc64_v105_s17_heating,130,6500.0,13000,1509.3992606056797,-9.505938529968262,-2.616882295914908,4.58038854598999,2.006404441285399,2.9943950644455586,2.9957268818104046,c2898d8b6f0262effec138cc545ce89a1df989712f1145acbd49a1976a1ed02f,hpc/results/round1-8-64/production/zrc64_T1500_v105_s17/jobs/zrc64_T1500_v105_s17/production/attempt-01/sampling/frames.extxyz,d28a4f0a705320a646044b919cebe9286d070451f48feede258cfdd61a8ba8f5,,unassigned,26,stratified_random,42,0.011067286487878162
zrc64_T4500_v100_s17_f0085,zrc64_T4500_v100_s17,64,4500,1.0,17,development,zrc64_v100_s17_heating,85,4250.0,8500,4188.792652780227,-9.106891632080078,19.406593627935337,6.942843914031982,1.8535394045393847,1.4803042355718927,2.8061467129121374,dddc011e0afde496c5d7d51ddb5d4a4d2c47a9dca6938873b6d0070f2f0ebdc2,hpc/results/round1-8-64/production/zrc64_T4500_v100_s17/jobs/zrc64_T4500_v100_s17/production/attempt-01/sampling/frames.extxyz,b5f6ee0648c369753023d9323aabfe46cfd7612607cbea2ffbfb15a993519ff2,,unassigned,27,stratified_random,42,0.02421643309481252
zrc64_T0300_v100_s17_f0170,zrc64_T0300_v100_s17,64,300,1.0,17,development,zrc64_v100_s17_heating,170,8500.0,17000,258.1294854186264,-9.67501163482666,1.5433415174484253,2.289494276046753,2.2027799775857533,3.2006226165161813,3.1560589033096575,13cfca7bb30faceb54280f866794e19d42f6684afbe2f0f1a249ace36b571586,experiments/zrc_mace_round1/jobs/zrc64_T0300_v100_s17/production/attempt-01/sampling/frames.extxyz,b0e19e781d665d4f92fb7606a1fa566d8357e4b8f1c5799a79f193aea3456c2f,,unassigned,28,stratified_random,42,0.0049035667851119
zrc64_T4500_v105_s17_f0110,zrc64_T4500_v105_s17,64,4500,1.05,17,development,zrc64_v105_s17_heating,110,5500.0,11000,4690.404989128814,-8.843259811401367,21.479972197953845,10.945120811462402,1.871682118046362,1.2504880280179909,2.726273711693606,9ce4acb9cbf97f5d5544cb4de3065422b24c0b2f94a73e9c1f5bace946e59934,hpc/results/round1-8-64/production/zrc64_T4500_v105_s17/jobs/zrc64_T4500_v105_s17/production/attempt-01/sampling/frames.extxyz,05e37e3688bdce1195b166c3cdb4e0b2767bce96dc36f5029349686ffc9fba78,,unassigned,29,stratified_random,42,0.0641968199356371
zrc64_T6000_v100_s17_f0085,zrc64_T6000_v100_s17,64,6000,1.0,17,development,zrc64_v100_s17_heating,85,4250.0,8500,6643.963129054359,-8.227133750915527,31.622906729618435,9.009586334228516,1.851459880734537,1.2917974862512192,2.4251517380652237,6e25a76221d6b8908ec328e2fec74763cc7aba1aab8a076e3b01039c3c7e3ee4,hpc/results/round1-8-64/production/zrc64_T6000_v100_s17/jobs/zrc64_T6000_v100_s17/production/attempt-01/sampling/frames.extxyz,41599cc730e48121c4bdac3bc09d76b684d95a277e129cddc8adb7f46e6d0946,,unassigned,30,stratified_random,42,0.04714908833838746
zrc64_T0300_v105_s17_f0090,zrc64_T0300_v105_s17,64,300,1.05,17,development,zrc64_v105_s17_heating,90,4500.0,9000,262.14446087963546,-9.654685020446777,-8.723956108093262,1.8850435018539429,2.244940692667328,3.1802028963061426,3.233102535410878,f09eda07f5b73a54f1e22494da03b4174195f86bedc3933f03ae6bb6964aa351,experiments/zrc_mace_round1/jobs/zrc64_T0300_v105_s17/production/attempt-01/sampling/frames.extxyz,2e6224250d01b866f883442edea3e0ecd17b582eb99446eca08ba48b95249e08,,unassigned,31,stratified_random,42,0.003254487727991341
zrc64_T5250_v105_s17_f0050,zrc64_T5250_v105_s17,64,5250,1.05,17,development,zrc64_v105_s17_heating,50,2500.0,5000,5580.718701830125,-8.32144546508789,20.812489628358136,10.558984756469727,1.8602899479138655,1.2467275940393527,2.4078763721005836,335f26e68745cfe3eaf179694ae760aadfe63e932676bf74d6ba5d311e4648f3,hpc/results/round1-8-64/production/zrc64_T5250_v105_s17/jobs/zrc64_T5250_v105_s17/production/attempt-01/sampling/frames.extxyz,98513e4ef98528a1f91bcd1e3ab3c9da409ecdb19122d0f4eb5d882dd43afa8e,,unassigned,32,stratified_random,42,0.046938429574497544
zrc64_T4500_v095_s17_f0020,zrc64_T4500_v095_s17,64,4500,0.95,17,development,zrc64_v095_s17_heating,20,1000.0,2000,4602.701837833053,-9.016511917114258,36.843436249375465,7.994457244873047,1.8952346636530877,1.5210445470882965,2.7496419937762457,02d12b6451dfd8134e204f37a6db6bd144300d467bf8114b573c28d2514e5bed,hpc/results/round1-8-64/production/zrc64_T4500_v095_s17/jobs/zrc64_T4500_v095_s17/production/attempt-01/sampling/frames.extxyz,65116dd3c23f7ea4f37d5e963453d34409098eb6bae1ff570fe77bb92b99e81a,,unassigned,33,stratified_random,42,0.024243314537159194
zrc64_T1500_v100_s17_f0115,zrc64_T1500_v100_s17,64,1500,1.0,17,development,zrc64_v100_s17_heating,115,5750.0,11500,1402.199366743533,-9.538213729858398,7.01780872543294,5.034921646118164,2.0367922602043786,2.893412067749397,3.0684616604430865,76829db0e09f703a8e1a9918fe31ce4ce30ac998a1fc80a9ccd0ce4cb1e58549,hpc/results/round1-8-64/production/zrc64_T1500_v100_s17/jobs/zrc64_T1500_v100_s17/production/attempt-01/sampling/frames.extxyz,0b57a9d22d7e8c7db61735858cc30505ba173d07c1c4a6e396f17041a99b84e2,,unassigned,34,stratified_random,42,0.005281613630736958
zrc64_T5250_v095_s17_f0180,zrc64_T5250_v095_s17,64,5250,0.95,17,development,zrc64_v095_s17_heating,180,9000.0,18000,5216.328906908993,-8.142739295959473,42.044477048306334,8.662954330444336,1.8445515352248176,1.31001318441765,2.27524695797645,519ebdfb4f453f4ec21408bb3ce87d8a7cd7c2aef31acee548a42e45adee3af2,hpc/results/round1-8-64/production/zrc64_T5250_v095_s17/jobs/zrc64_T5250_v095_s17/production/attempt-01/sampling/frames.extxyz,7fdbc9fc59e3288da3c2fc653d1ed8709f0feeca8bf1573cf734a243a8eea755,,unassigned,35,stratified_random,42,0.051058528884722586
zrc64_T6000_v105_s17_f0015,zrc64_T6000_v105_s17,64,6000,1.05,17,development,zrc64_v105_s17_heating,15,750.0,1500,5284.951308828635,-8.11962604522705,27.998375576091977,22.976388931274414,1.6117174774491274,1.2223103170557876,2.4406150294564886,79285b2265c95fe99f1a923bcee7d7529b45b3b7b3434f8a53b38d6e782ebaa5,hpc/results/round1-8-64/production/zrc64_T6000_v105_s17/jobs/zrc64_T6000_v105_s17/production/attempt-01/sampling/frames.extxyz,ef738ec6f25e619a80c636ce84ec0302c99d26bcf9231bfb5a2f7e421275dfdc,,unassigned,36,stratified_random,42,0.04847184990719672
zrc64_T1500_v105_s17_f0170,zrc64_T1500_v105_s17,64,1500,1.05,17,development,zrc64_v105_s17_heating,170,8500.0,17000,1619.1758078116502,-9.481688499450684,-1.5808900742687029,5.069521903991699,1.9956667302755697,3.0209094826600698,2.9670574711747775,7e2fefc1aa447e5e864630e6afd75afe4418033bc69aa09ac8bea4b0bde7379c,hpc/results/round1-8-64/production/zrc64_T1500_v105_s17/jobs/zrc64_T1500_v105_s17/production/attempt-01/sampling/frames.extxyz,d28a4f0a705320a646044b919cebe9286d070451f48feede258cfdd61a8ba8f5,,unassigned,37,stratified_random,42,0.010169586051290494
zrc64_T5250_v100_s17_f0165,zrc64_T5250_v100_s17,64,5250,1.0,17,development,zrc64_v100_s17_heating,165,8250.0,16500,4930.18533254174,-8.137505531311035,31.815837535781085,12.153280258178711,1.8055151341473867,1.234220194974187,2.324260991628739,f57d09515cb9fd37483c515b195524f9123a194a79535e51274fcd621501b316,hpc/results/round1-8-64/production/zrc64_T5250_v100_s17/jobs/zrc64_T5250_v100_s17/production/attempt-01/sampling/frames.extxyz,c105336a4968370fe0edbeab8640489ed047806d76ff10421d0ca32fae09eea0,,unassigned,38,stratified_random,42,0.04398973735705689
zrc64_T5250_v095_s17_f0055,zrc64_T5250_v095_s17,64,5250,0.95,17,development,zrc64_v095_s17_heating,55,2750.0,5500,6182.059409944074,-8.819173812866211,39.79245313640167,15.473158836364746,1.738700951264261,1.4317221233055484,2.6546656555880985,bc34b48f7f7da4c7bc9786e04afb6c76dfa0c8c1d6d938807cfe409976c323ef,hpc/results/round1-8-64/production/zrc64_T5250_v095_s17/jobs/zrc64_T5250_v095_s17/production/attempt-01/sampling/frames.extxyz,7fdbc9fc59e3288da3c2fc653d1ed8709f0feeca8bf1573cf734a243a8eea755,,unassigned,39,stratified_random,42,0.02688170823373324
zrc64_T3000_v105_s17_f0135,zrc64_T3000_v105_s17,64,3000,1.05,17,development,zrc64_v105_s17_heating,135,6750.0,13500,2849.711935297536,-9.271407127380371,5.50493355258654,8.06369686126709,1.8657083310902989,2.847422137134897,2.9493106832568787,46e223d7729e302d13860d4689c12dad15857648d87c8b19acd83c590a825f52,hpc/results/round1-8-64/production/zrc64_T3000_v105_s17/jobs/zrc64_T3000_v105_s17/production/attempt-01/sampling/frames.extxyz,b4dccb6801af5c2276e8bda38746a4f6f66326b38d4a2344115b8b88f363d665,,unassigned,40,stratified_random,42,0.013277810994051622
zrc64_T3000_v100_s17_f0035,zrc64_T3000_v100_s17,64,3000,1.0,17,development,zrc64_v100_s17_heating,35,1750.0,3500,3590.0856676440894,-9.329290390014648,14.042703298249615,7.839863300323486,1.9759607863964763,2.8088038108618774,2.792628597263438,f912ed7c77885134210a446a65a63ecefd545ccbd085de34c3386469282ef338,hpc/results/round1-8-64/production/zrc64_T3000_v100_s17/jobs/zrc64_T3000_v100_s17/production/attempt-01/sampling/frames.extxyz,a4444c4024dfaef8af475d257202e4ec0c331a45e9426cd5c950944caa131eaa,,unassigned,41,stratified_random,42,0.01208355959450571
zrc64_T5250_v105_s17_f0160,zrc64_T5250_v105_s17,64,5250,1.05,17,development,zrc64_v105_s17_heating,160,8000.0,16000,5633.156361164098,-8.26070499420166,23.77887326973764,7.889825344085693,1.8949015190943685,1.339024240470215,2.3456436918727372,b53560a1026ff355333225f149f566fb5827ab7588a51897544b32e36fc3c09d,hpc/results/round1-8-64/production/zrc64_T5250_v105_s17/jobs/zrc64_T5250_v105_s17/production/attempt-01/sampling/frames.extxyz,98513e4ef98528a1f91bcd1e3ab3c9da409ecdb19122d0f4eb5d882dd43afa8e,,unassigned,42,stratified_random,42,0.05197252601911443
zrc64_T0300_v095_s17_f0130,zrc64_T0300_v095_s17,64,300,0.95,17,development,zrc64_v095_s17_heating,130,6500.0,13000,279.73116217487967,-9.65056037902832,15.055609703063965,2.0664000511169434,2.183356836269395,3.130457891267975,3.133706207022018,4e69fd0e385e47b0612099ebc2692527985b5bd65694a78bb5842af7ce2660fb,experiments/zrc_mace_round1/jobs/zrc64_T0300_v095_s17/production/attempt-01/sampling/frames.extxyz,29fc41d9fad7160ccd2375073663700da24320df162982d90ed67297d635bd7d,,unassigned,43,stratified_random,42,0.003094808035083843
zrc64_T4500_v105_s17_f0075,zrc64_T4500_v105_s17,64,4500,1.05,17,development,zrc64_v105_s17_heating,75,3750.0,7500,5319.769806959791,-9.033587455749512,15.618240984684002,9.108580589294434,1.9070751083591093,1.354774003025771,2.617959876887656,72c67774e5af8eea8ca044d03eeaa611a5d3fad36e25694e00fb1e6e70ea8bf2,hpc/results/round1-8-64/production/zrc64_T4500_v105_s17/jobs/zrc64_T4500_v105_s17/production/attempt-01/sampling/frames.extxyz,05e37e3688bdce1195b166c3cdb4e0b2767bce96dc36f5029349686ffc9fba78,,unassigned,44,stratified_random,42,0.028305707840575463
zrc64_T4500_v095_s17_f0015,zrc64_T4500_v095_s17,64,4500,0.95,17,development,zrc64_v095_s17_heating,15,750.0,1500,5172.5468205059615,-9.05636215209961,35.652219524445,9.533365249633789,1.8730558493697618,1.5528387450647756,2.752636268026226,f04626049dc41ffe21df3f8352261f4bee3ea7170f46f6c895a37b442b3aaa97,hpc/results/round1-8-64/production/zrc64_T4500_v095_s17/jobs/zrc64_T4500_v095_s17/production/attempt-01/sampling/frames.extxyz,65116dd3c23f7ea4f37d5e963453d34409098eb6bae1ff570fe77bb92b99e81a,,unassigned,45,stratified_random,42,0.018891976804229504
zrc64_T6000_v105_s17_f0195,zrc64_T6000_v105_s17,64,6000,1.05,17,development,zrc64_v105_s17_heating,195,9750.0,19500,5816.246302591864,-8.15569019317627,24.852700337763757,11.274772644042969,1.9334777384219353,1.2242968123008036,2.291975831129487,d67dc97c0e44e1ccde8265326ad3f471a2ca0fbd90c19007b0c1a12bd54a06ee,hpc/results/round1-8-64/production/zrc64_T6000_v105_s17/jobs/zrc64_T6000_v105_s17/production/attempt-01/sampling/frames.extxyz,ef738ec6f25e619a80c636ce84ec0302c99d26bcf9231bfb5a2f7e421275dfdc,,unassigned,46,stratified_random,42,0.047494231474954164
zrc64_T1500_v100_s17_f0090,zrc64_T1500_v100_s17,64,1500,1.0,17,development,zrc64_v100_s17_heating,90,4500.0,9000,1103.1825172737301,-9.516040802001953,6.479591951265143,4.991501808166504,2.0447464555731094,2.84164511075051,3.031268211575257,45e9a0086c212074a7ae298697350309dbdfd47cfb921e807d13f2af0f753913,hpc/results/round1-8-64/production/zrc64_T1500_v100_s17/jobs/zrc64_T1500_v100_s17/production/attempt-01/sampling/frames.extxyz,0b57a9d22d7e8c7db61735858cc30505ba173d07c1c4a6e396f17041a99b84e2,,unassigned,47,stratified_random,42,0.009338552042325813
zrc64_T0300_v105_s17_f0185,zrc64_T0300_v105_s17,64,300,1.05,17,development,zrc64_v105_s17_heating,185,9250.0,18500,286.1410826120881,-9.65590763092041,-8.650604248046875,2.368262529373169,2.238350352476919,3.1464853629762044,3.1720482811153543,05cd02794e73dc904e1cfd00d6eff2ef81694c0ccacddef3d44fae7b6f007a95,experiments/zrc_mace_round1/jobs/zrc64_T0300_v105_s17/production/attempt-01/sampling/frames.extxyz,2e6224250d01b866f883442edea3e0ecd17b582eb99446eca08ba48b95249e08,,unassigned,48,stratified_random,42,0.001971536371567134
zrc64_T0300_v100_s17_f0140,zrc64_T0300_v100_s17,64,300,1.0,17,development,zrc64_v100_s17_heating,140,7000.0,14000,311.4534462674589,-9.666609764099121,1.932242512702942,2.590907573699951,2.1360076522932636,3.1317189364181734,3.169307332921068,8cbe106fc5dfb17530b24e6a133cfc845b01da06ce658a29bff61f734163a362,experiments/zrc_mace_round1/jobs/zrc64_T0300_v100_s17/production/attempt-01/sampling/frames.extxyz,b0e19e781d665d4f92fb7606a1fa566d8357e4b8f1c5799a79f193aea3456c2f,,unassigned,49,stratified_random,42,0.00499017470619176
zrc64_T4500_v100_s17_f0155,zrc64_T4500_v100_s17,64,4500,1.0,17,development,zrc64_v100_s17_heating,155,7750.0,15500,3539.9253230621025,-8.971292495727539,22.26832844868162,13.23330020904541,1.8207442232028253,1.5046591896784796,2.71748278803044,61dbf9c31cb98dc0175b3199a0f1b38f1e0cdea41e93d29842dd2eea8dd66310,hpc/results/round1-8-64/production/zrc64_T4500_v100_s17/jobs/zrc64_T4500_v100_s17/production/attempt-01/sampling/frames.extxyz,b5f6ee0648c369753023d9323aabfe46cfd7612607cbea2ffbfb15a993519ff2,,unassigned,50,stratified_random,42,0.0265296034275566
zrc64_T6000_v100_s17_f0160,zrc64_T6000_v100_s17,64,6000,1.0,17,development,zrc64_v100_s17_heating,160,8000.0,16000,6184.586164996005,-8.14731502532959,34.5505464994106,10.562610626220703,1.777303296830909,1.2325959345241837,2.147553983958306,b3c5a2a149b72bd72373f71303b1b2733920812ecf33420b37b3e179b8c515a7,hpc/results/round1-8-64/production/zrc64_T6000_v100_s17/jobs/zrc64_T6000_v100_s17/production/attempt-01/sampling/frames.extxyz,41599cc730e48121c4bdac3bc09d76b684d95a277e129cddc8adb7f46e6d0946,,unassigned,51,stratified_random,42,0.033844724252266124
zrc64_T3000_v095_s17_f0050,zrc64_T3000_v095_s17,64,3000,0.95,17,development,zrc64_v095_s17_heating,50,2500.0,5000,2790.0744189980037,-9.33092212677002,26.49728946797005,7.196105480194092,1.9595791524241624,2.765482093940577,2.874634878221003,7217b6907e43c98dd5e6035fcada769c6ce2930fe480ef9ad53fbf023cba7c0b,hpc/results/round1-8-64/production/zrc64_T3000_v095_s17/jobs/zrc64_T3000_v095_s17/production/attempt-01/sampling/frames.extxyz,38d42f886936a7c5334dbee7f9fc2d38457e89614c905ba8d473d57ee3aee2bb,,unassigned,52,stratified_random,42,0.010544534598248653
zrc64_T1500_v095_s17_f0075,zrc64_T1500_v095_s17,64,1500,0.95,17,development,zrc64_v095_s17_heating,75,3750.0,7500,1534.6825113544633,-9.514616966247559,20.80587311478135,4.59605598449707,2.030618437858068,2.854322266815853,3.015885886612958,bb7621cfee6eceafb0e66a8bb53e7cc77bd93991d5d4a51b391218fcc819322d,hpc/results/round1-8-64/production/zrc64_T1500_v095_s17/jobs/zrc64_T1500_v095_s17/production/attempt-01/sampling/frames.extxyz,5b28004032b343dfef216429d4e0761a24384595070cb03a21afa3c444c24067,,unassigned,53,stratified_random,42,0.0061896222801755855
zrc64_T6000_v095_s17_f0095,zrc64_T6000_v095_s17,64,6000,0.95,17,development,zrc64_v095_s17_heating,95,4750.0,9500,5802.629043579664,-8.072386741638184,45.20954303761122,10.625053405761719,1.7675161268760946,1.2851784921520708,2.2372050331775957,26ac811aece4cf1043074e2fc46eeb884b8eb39fbc6695b0b4fd73c6c4ee8864,hpc/results/round1-8-64/production/zrc64_T6000_v095_s17/jobs/zrc64_T6000_v095_s17/production/attempt-01/sampling/frames.extxyz,ebfa194f0d83eb7ec3df31489d43cf1768b9a48d0c55db95d8af2f4e79e8302b,,unassigned,54,stratified_random,42,0.04064820077975692
zrc64_T5250_v105_s17_f0105,zrc64_T5250_v105_s17,64,5250,1.05,17,development,zrc64_v105_s17_heating,105,5250.0,10500,4987.378724285663,-8.29421615600586,23.639350700065435,8.359272003173828,1.8702099851482281,1.3063769951032755,2.399613928091776,a29b78af6a38eea588af6df4b4da7fbfa7bb1a6e99853b8f2efaf90c7c32a322,hpc/results/round1-8-64/production/zrc64_T5250_v105_s17/jobs/zrc64_T5250_v105_s17/production/attempt-01/sampling/frames.extxyz,98513e4ef98528a1f91bcd1e3ab3c9da409ecdb19122d0f4eb5d882dd43afa8e,,unassigned,55,stratified_random,42,0.05493190465691701
zrc64_T1500_v100_s17_f0010,zrc64_T1500_v100_s17,64,1500,1.0,17,development,zrc64_v100_s17_heating,10,500.0,1000,1516.4684546928745,-9.51262092590332,7.771622553403815,5.159499168395996,2.0372623194147073,2.7900773555950664,3.0213406408573165,423cc06434fac5e5d26477d82293f9e73bbe11f3906bb7d983b4a71b03d05a48,hpc/results/round1-8-64/production/zrc64_T1500_v100_s17/jobs/zrc64_T1500_v100_s17/production/attempt-01/sampling/frames.extxyz,0b57a9d22d7e8c7db61735858cc30505ba173d07c1c4a6e396f17041a99b84e2,,unassigned,56,stratified_random,42,0.008340406631322973
zrc64_T0300_v100_s17_f0110,zrc64_T0300_v100_s17,64,300,1.0,17,development,zrc64_v100_s17_heating,110,5500.0,11000,301.51592715444207,-9.673455238342285,1.4428448677062988,1.9401177167892456,2.214124350599323,3.1386712918028334,3.167313359809882,c78cfafdd4fd42eb7b92f6cb42ea2042d533160d27b7e21734183a0822e3037d,experiments/zrc_mace_round1/jobs/zrc64_T0300_v100_s17/production/attempt-01/sampling/frames.extxyz,b0e19e781d665d4f92fb7606a1fa566d8357e4b8f1c5799a79f193aea3456c2f,,unassigned,57,stratified_random,42,0.0027404703040073575
zrc64_T0300_v105_s17_f0030,zrc64_T0300_v105_s17,64,300,1.05,17,development,zrc64_v105_s17_heating,30,1500.0,3000,303.8238636552971,-9.64461898803711,-8.393218040466309,1.9891026020050049,2.166524464898071,3.173381683579011,3.228829415612599,58d0e30e5ed635159892a1d925f7842c1b1f162db6d82e90f9ae7c51510fcaf9,experiments/zrc_mace_round1/jobs/zrc64_T0300_v105_s17/production/attempt-01/sampling/frames.extxyz,2e6224250d01b866f883442edea3e0ecd17b582eb99446eca08ba48b95249e08,,unassigned,58,stratified_random,42,0.005719924804035869
zrc64_T6000_v095_s17_f0145,zrc64_T6000_v095_s17,64,6000,0.95,17,development,zrc64_v095_s17_heating,145,7250.0,14500,6478.454885821692,-8.042604446411133,46.16328337527419,7.985873699188232,1.8511098687483942,1.2941706488274114,2.3708987482758594,1937a066a1c0200b99ff8651d2684ef178a6ac70fb98d37ff0d4adec9f88194e,hpc/results/round1-8-64/production/zrc64_T6000_v095_s17/jobs/zrc64_T6000_v095_s17/production/attempt-01/sampling/frames.extxyz,ebfa194f0d83eb7ec3df31489d43cf1768b9a48d0c55db95d8af2f4e79e8302b,,unassigned,59,stratified_random,42,0.04223552403886444
zrc64_T3000_v100_s17_f0145,zrc64_T3000_v100_s17,64,3000,1.0,17,development,zrc64_v100_s17_heating,145,7250.0,14500,3590.0907024911053,-9.373064994812012,14.654409117305734,6.599186897277832,1.9833654188325478,2.7940640501073712,2.966365409697474,a44e2aa5a5e462220042593d1553f822972190da4b5696774ea07e8265055fee,hpc/results/round1-8-64/production/zrc64_T3000_v100_s17/jobs/zrc64_T3000_v100_s17/production/attempt-01/sampling/frames.extxyz,a4444c4024dfaef8af475d257202e4ec0c331a45e9426cd5c950944caa131eaa,,unassigned,60,stratified_random,42,0.011806391160033734
zrc64_T5250_v095_s17_f0190,zrc64_T5250_v095_s17,64,5250,0.95,17,development,zrc64_v095_s17_heating,190,9500.0,19000,5107.394314933385,-8.30595588684082,41.937363139238464,10.748355865478516,1.8632558638665977,1.3247080807226095,2.317173990802886,45875f6e329fd63b2a5a0decfa74b4e8c32dfe372c4c4eecf9dd14d4fb5369b0,hpc/results/round1-8-64/production/zrc64_T5250_v095_s17/jobs/zrc64_T5250_v095_s17/production/attempt-01/sampling/frames.extxyz,7fdbc9fc59e3288da3c2fc653d1ed8709f0feeca8bf1573cf734a243a8eea755,,unassigned,61,stratified_random,42,0.06130242582616598
zrc64_T4500_v105_s17_f0150,zrc64_T4500_v105_s17,64,4500,1.05,17,development,zrc64_v105_s17_heating,150,7500.0,15000,4627.8718461958615,-9.039688110351562,12.392536377995487,8.178605079650879,1.8896196930746618,1.431920932639284,2.670014998910545,f3369d4d7fcdd2b338b40ef6392725e886e8659725527b635348297119f48f43,hpc/results/round1-8-64/production/zrc64_T4500_v105_s17/jobs/zrc64_T4500_v105_s17/production/attempt-01/sampling/frames.extxyz,05e37e3688bdce1195b166c3cdb4e0b2767bce96dc36f5029349686ffc9fba78,,unassigned,62,stratified_random,42,0.02233801419688218
zrc64_T1500_v095_s17_f0080,zrc64_T1500_v095_s17,64,1500,0.95,17,development,zrc64_v095_s17_heating,80,4000.0,8000,1370.8891758670597,-9.50547981262207,20.78191979610958,5.0489277839660645,2.04519434430712,2.926110843594389,2.977316466489957,41842614d1975c9a262568b69dd7135586619cd009a2c58ce5dc6aa22011bd73,hpc/results/round1-8-64/production/zrc64_T1500_v095_s17/jobs/zrc64_T1500_v095_s17/production/attempt-01/sampling/frames.extxyz,5b28004032b343dfef216429d4e0761a24384595070cb03a21afa3c444c24067,,unassigned,63,stratified_random,42,0.007830465279051667
zrc64_T6000_v105_s17_f0190,zrc64_T6000_v105_s17,64,6000,1.05,17,development,zrc64_v105_s17_heating,190,9500.0,19000,5649.843754569739,-8.171133995056152,23.9326250331436,10.836121559143066,1.7885107001948706,1.2130016335783622,2.406045226957127,182931bd5de1f98dbb019188f72295ca7ed9e106f109c73752089fd1dd11db09,hpc/results/round1-8-64/production/zrc64_T6000_v105_s17/jobs/zrc64_T6000_v105_s17/production/attempt-01/sampling/frames.extxyz,ef738ec6f25e619a80c636ce84ec0302c99d26bcf9231bfb5a2f7e421275dfdc,,unassigned,64,stratified_random,42,0.0450249517261987
zrc64_T0300_v095_s17_f0075,zrc64_T0300_v095_s17,64,300,0.95,17,development,zrc64_v095_s17_heating,75,3750.0,7500,290.7230175047238,-9.645331382751465,15.264731407165527,2.2066266536712646,2.1474250066596903,3.1060176174004788,3.094577441999318,5ecd3aa67eb26510bad0b0b8558a5651306147939f70be727a1d5239cc4115dc,experiments/zrc_mace_round1/jobs/zrc64_T0300_v095_s17/production/attempt-01/sampling/frames.extxyz,29fc41d9fad7160ccd2375073663700da24320df162982d90ed67297d635bd7d,,unassigned,65,stratified_random,42,0.002110030004240089
zrc64_T3000_v095_s17_f0075,zrc64_T3000_v095_s17,64,3000,0.95,17,development,zrc64_v095_s17_heating,75,3750.0,7500,3411.2281377911754,-9.311695098876953,27.212784332812458,6.530073642730713,2.0238746446734446,2.7373265768266433,2.8009499964010365,371891d1edd2dfa9c8f1147f600d190bd3c3124a07d342765159b04a43562b6a,hpc/results/round1-8-64/production/zrc64_T3000_v095_s17/jobs/zrc64_T3000_v095_s17/production/attempt-01/sampling/frames.extxyz,38d42f886936a7c5334dbee7f9fc2d38457e89614c905ba8d473d57ee3aee2bb,,unassigned,66,stratified_random,42,0.009968094462850678
zrc64_T6000_v100_s17_f0185,zrc64_T6000_v100_s17,64,6000,1.0,17,development,zrc64_v100_s17_heating,185,9250.0,18500,6707.260927399353,-7.983367919921875,38.859129938284795,10.133377075195312,1.7708306058293621,1.304819309117101,2.225867682373504,f82253ba7f38be9841daca84e13a48414e32109f0dd85cd69f1b67d5b26758b2,hpc/results/round1-8-64/production/zrc64_T6000_v100_s17/jobs/zrc64_T6000_v100_s17/production/attempt-01/sampling/frames.extxyz,41599cc730e48121c4bdac3bc09d76b684d95a277e129cddc8adb7f46e6d0946,,unassigned,67,stratified_random,42,0.03965673015333426
zrc64_T1500_v105_s17_f0070,zrc64_T1500_v105_s17,64,1500,1.05,17,development,zrc64_v105_s17_heating,70,3500.0,7000,1463.9202041409567,-9.489943504333496,-2.087759550841186,4.069893836975098,2.055328217590106,3.011053045564162,3.0099697891805746,a1342dd424f1b780c6ae28daaa2704d92f926452d25416e05c39102d9122d5f8,hpc/results/round1-8-64/production/zrc64_T1500_v105_s17/jobs/zrc64_T1500_v105_s17/production/attempt-01/sampling/frames.extxyz,d28a4f0a705320a646044b919cebe9286d070451f48feede258cfdd61a8ba8f5,,unassigned,68,stratified_random,42,0.0063232970204125365
zrc64_T5250_v100_s17_f0015,zrc64_T5250_v100_s17,64,5250,1.0,17,development,zrc64_v100_s17_heating,15,750.0,1500,5606.495246988441,-8.650060653686523,31.971852517045832,11.760072708129883,1.7812349491186743,1.3221767835332832,2.5607579496315815,bed2992c17504789c861054c4238899de55a62fd21765e5a268f60a68932fd99,hpc/results/round1-8-64/production/zrc64_T5250_v100_s17/jobs/zrc64_T5250_v100_s17/production/attempt-01/sampling/frames.extxyz,c105336a4968370fe0edbeab8640489ed047806d76ff10421d0ca32fae09eea0,,unassigned,69,stratified_random,42,0.053674385968137686
zrc64_T4500_v100_s17_f0095,zrc64_T4500_v100_s17,64,4500,1.0,17,development,zrc64_v100_s17_heating,95,4750.0,9500,5023.569638995674,-9.044901847839355,20.66158099323617,10.200089454650879,1.8073593559165357,1.4839454859360999,2.7785631542750258,689c0ddfb6ad0d4aedd8cd6ca2565dc2b0534ccb2157138d3b02bdcc6697716b,hpc/results/round1-8-64/production/zrc64_T4500_v100_s17/jobs/zrc64_T4500_v100_s17/production/attempt-01/sampling/frames.extxyz,b5f6ee0648c369753023d9323aabfe46cfd7612607cbea2ffbfb15a993519ff2,,unassigned,70,stratified_random,42,0.019127498734382603
zrc64_T3000_v105_s17_f0165,zrc64_T3000_v105_s17,64,3000,1.05,17,development,zrc64_v105_s17_heating,165,8250.0,16500,3333.5398835830624,-9.318161964416504,4.774095131111803,6.049558639526367,1.991307615509441,2.746667846523955,2.9590902325234594,8078fa5f7eb7a4caa32bd30263ba8b8a9326951b7d1f592eef5faf1398ea790f,hpc/results/round1-8-64/production/zrc64_T3000_v105_s17/jobs/zrc64_T3000_v105_s17/production/attempt-01/sampling/frames.extxyz,b4dccb6801af5c2276e8bda38746a4f6f66326b38d4a2344115b8b88f363d665,,unassigned,71,stratified_random,42,0.013191121229034774
zrc64_T4500_v095_s17_f0045,zrc64_T4500_v095_s17,64,4500,0.95,17,development,zrc64_v095_s17_heating,45,2250.0,4500,4526.687391783738,-8.917786598205566,35.19976131333733,11.155808448791504,1.9142339687969383,1.551576453816602,2.6055139332397834,cad78504dfdeb3f1ccea06007c5c373d328a904a9e9fb4f92ba68635a5ea411a,hpc/results/round1-8-64/production/zrc64_T4500_v095_s17/jobs/zrc64_T4500_v095_s17/production/attempt-01/sampling/frames.extxyz,65116dd3c23f7ea4f37d5e963453d34409098eb6bae1ff570fe77bb92b99e81a,,unassigned,72,stratified_random,42,0.019716020284162115
zrc64_T3000_v100_s17_f0105,zrc64_T3000_v100_s17,64,3000,1.0,17,development,zrc64_v100_s17_heating,105,5250.0,10500,2824.1195762873404,-9.335779190063477,15.760839757159989,7.550662517547607,1.9748484147254322,2.76246167195679,2.8093907480927967,9ad8355facf372f43d550c1c0304b5fb3d82d366dcadb63c7fcc586e937ea823,hpc/results/round1-8-64/production/zrc64_T3000_v100_s17/jobs/zrc64_T3000_v100_s17/production/attempt-01/sampling/frames.extxyz,a4444c4024dfaef8af475d257202e4ec0c331a45e9426cd5c950944caa131eaa,,unassigned,73,stratified_random,42,0.011001027540167492
zrc64_T6000_v105_s17_f0030,zrc64_T6000_v105_s17,64,6000,1.05,17,development,zrc64_v105_s17_heating,30,1500.0,3000,5161.045589325256,-8.094968795776367,27.70954102965151,9.068254470825195,1.8537598376023867,1.3212358360295293,2.098315439959891,fa5cf097d1ca9ac426b15fdcd0847a199dc2329e33117c5818fced830ad8052d,hpc/results/round1-8-64/production/zrc64_T6000_v105_s17/jobs/zrc64_T6000_v105_s17/production/attempt-01/sampling/frames.extxyz,ef738ec6f25e619a80c636ce84ec0302c99d26bcf9231bfb5a2f7e421275dfdc,,unassigned,74,stratified_random,42,0.05041782573635584
zrc64_T0300_v105_s17_f0140,zrc64_T0300_v105_s17,64,300,1.05,17,development,zrc64_v105_s17_heating,140,7000.0,14000,283.34632967375984,-9.653153419494629,-8.65571117401123,1.755176305770874,2.251041307809557,3.2091891788314766,3.199111593524131,61af9a6ec21765db1918d5c91ac9953c5d7bc709b802224b6e369a80277b4c59,experiments/zrc_mace_round1/jobs/zrc64_T0300_v105_s17/production/attempt-01/sampling/frames.extxyz,2e6224250d01b866f883442edea3e0ecd17b582eb99446eca08ba48b95249e08,,unassigned,75,stratified_random,42,0.0023977740779192866
zrc64_T3000_v105_s17_f0095,zrc64_T3000_v105_s17,64,3000,1.05,17,development,zrc64_v105_s17_heating,95,4750.0,9500,3319.4197466809183,-9.266995429992676,6.82941246651111,7.9146952629089355,1.9570847918338097,2.780072559453513,2.8967245600327467,01184810768296ecad5e94cb551ca1ffb9c2bbeb3435d2dba7f886b39819e390,hpc/results/round1-8-64/production/zrc64_T3000_v105_s17/jobs/zrc64_T3000_v105_s17/production/attempt-01/sampling/frames.extxyz,b4dccb6801af5c2276e8bda38746a4f6f66326b38d4a2344115b8b88f363d665,,unassigned,76,stratified_random,42,0.013956407776991855
zrc64_T5250_v095_s17_f0065,zrc64_T5250_v095_s17,64,5250,0.95,17,development,zrc64_v095_s17_heating,65,3250.0,6500,4649.2287538367145,-8.861215591430664,35.24280129507228,9.144448280334473,1.825749980884629,1.3808605163878485,2.629039507725256,879ce2c1e22bca05b5e0616b901b6fd14ffa90f09fa138c0caeae8d6d75870be,hpc/results/round1-8-64/production/zrc64_T5250_v095_s17/jobs/zrc64_T5250_v095_s17/production/attempt-01/sampling/frames.extxyz,7fdbc9fc59e3288da3c2fc653d1ed8709f0feeca8bf1573cf734a243a8eea755,,unassigned,77,stratified_random,42,0.035969190243155036
zrc64_T1500_v095_s17_f0045,zrc64_T1500_v095_s17,64,1500,0.95,17,development,zrc64_v095_s17_heating,45,2250.0,4500,1345.3405249003852,-9.480238914489746,20.80240866083433,5.354281902313232,1.9870785326359381,2.8610055696801227,3.0000939374150204,b3aba4f1628b629dcb68ed54dbc074289ab0bea28b66877ff79a580be841f96f,hpc/results/round1-8-64/production/zrc64_T1500_v095_s17/jobs/zrc64_T1500_v095_s17/production/attempt-01/sampling/frames.extxyz,5b28004032b343dfef216429d4e0761a24384595070cb03a21afa3c444c24067,,unassigned,78,stratified_random,42,0.005850407324708823
zrc64_T4500_v105_s17_f0115,zrc64_T4500_v105_s17,64,4500,1.05,17,development,zrc64_v105_s17_heating,115,5750.0,11500,4887.855196682316,-9.003966331481934,14.328898662426145,8.5231294631958,1.8935132871371179,1.2776974006408168,2.5793636107202285,a94feec4e7dc80244ef80a631866cfa41f820095ee6c89c40a6695fb8203eff2,hpc/results/round1-8-64/production/zrc64_T4500_v105_s17/jobs/zrc64_T4500_v105_s17/production/attempt-01/sampling/frames.extxyz,05e37e3688bdce1195b166c3cdb4e0b2767bce96dc36f5029349686ffc9fba78,,unassigned,79,stratified_random,42,0.034415127415683
zrc64_T4500_v100_s17_f0135,zrc64_T4500_v100_s17,64,4500,1.0,17,development,zrc64_v100_s17_heating,135,6750.0,13500,4742.129561609232,-8.969484329223633,21.163026034117408,8.952391624450684,1.9060024993149607,1.6015076006183566,2.4433153017342564,a7df383f23628ccff4454ace2da972fa50b1815d3702db8b07298629893499f3,hpc/results/round1-8-64/production/zrc64_T4500_v100_s17/jobs/zrc64_T4500_v100_s17/production/attempt-01/sampling/frames.extxyz,b5f6ee0648c369753023d9323aabfe46cfd7612607cbea2ffbfb15a993519ff2,,unassigned,80,stratified_random,42,0.03085722160241303
zrc64_T6000_v095_s17_f0190,zrc64_T6000_v095_s17,64,6000,0.95,17,development,zrc64_v095_s17_heating,190,9500.0,19000,5815.542539101175,-8.084420204162598,46.309468726318215,10.74360466003418,1.8320080873952262,1.2940989000633698,2.316586616512196,fbeaddcd17e356a5b3c26381cefd4e145e356f896ebbab663afd4f747dedcdcf,hpc/results/round1-8-64/production/zrc64_T6000_v095_s17/jobs/zrc64_T6000_v095_s17/production/attempt-01/sampling/frames.extxyz,ebfa194f0d83eb7ec3df31489d43cf1768b9a48d0c55db95d8af2f4e79e8302b,,unassigned,81,stratified_random,42,0.033828963992250875
zrc64_T4500_v095_s17_f0105,zrc64_T4500_v095_s17,64,4500,0.95,17,development,zrc64_v095_s17_heating,105,5250.0,10500,4940.785867188991,-9.088603973388672,35.00255195643585,9.271944999694824,1.9230319753482088,2.5507380922496132,2.7298400591467393,6dd5ce48157b536f9fa255b23c7cb39ac4d3b484e1c10ffdba93b25b6bb8b1ae,hpc/results/round1-8-64/production/zrc64_T4500_v095_s17/jobs/zrc64_T4500_v095_s17/production/attempt-01/sampling/frames.extxyz,65116dd3c23f7ea4f37d5e963453d34409098eb6bae1ff570fe77bb92b99e81a,,unassigned,82,stratified_random,42,0.021023728874268614
zrc64_T5250_v105_s17_f0035,zrc64_T5250_v105_s17,64,5250,1.05,17,development,zrc64_v105_s17_heating,35,1750.0,3500,4798.485205303595,-8.282184600830078,24.405701225804187,7.898583889007568,1.819680715580825,1.314268678706647,2.3159361212254215,fb4ffe5257fb74ecdcef41da1804c96b3fc008d9df9b3cc60f036cd3e4cd5074,hpc/results/round1-8-64/production/zrc64_T5250_v105_s17/jobs/zrc64_T5250_v105_s17/production/attempt-01/sampling/frames.extxyz,98513e4ef98528a1f91bcd1e3ab3c9da409ecdb19122d0f4eb5d882dd43afa8e,,unassigned,83,stratified_random,42,0.047346141050720054
zrc64_T5250_v100_s17_f0175,zrc64_T5250_v100_s17,64,5250,1.0,17,development,zrc64_v100_s17_heating,175,8750.0,17500,5031.1307382983,-8.2210111618042,26.876519864973915,7.724471092224121,1.9075356890089654,1.3073959002888784,2.314332420369777,1accd35cb678773425563203f2aa83f2fa3b8a8fb7ce2f998950b6eccb90d1f9,hpc/results/round1-8-64/production/zrc64_T5250_v100_s17/jobs/zrc64_T5250_v100_s17/production/attempt-01/sampling/frames.extxyz,c105336a4968370fe0edbeab8640489ed047806d76ff10421d0ca32fae09eea0,,unassigned,84,stratified_random,42,0.04055854111066089
zrc64_T0300_v095_s17_f0120,zrc64_T0300_v095_s17,64,300,0.95,17,development,zrc64_v095_s17_heating,120,6000.0,12000,251.07262474730192,-9.650137901306152,15.125157356262207,2.2200207710266113,2.154416423119999,3.1179244517050737,3.1580110335134686,891ea4c65d3499ce244a00b074ad7afd85d07f202efa7fff03a398b94d01565b,experiments/zrc_mace_round1/jobs/zrc64_T0300_v095_s17/production/attempt-01/sampling/frames.extxyz,29fc41d9fad7160ccd2375073663700da24320df162982d90ed67297d635bd7d,,unassigned,85,stratified_random,42,0.002357704671747371
zrc64_T1500_v100_s17_f0150,zrc64_T1500_v100_s17,64,1500,1.0,17,development,zrc64_v100_s17_heating,150,7500.0,15000,1396.8765829501676,-9.487099647521973,8.413150277481604,5.6270294189453125,1.9655164997378505,2.9585522158674733,2.985642594864974,1e7cc7c084ba3ad5d3dd075d42315abb374e38acb2ff147f83d91c3d0c5eea8a,hpc/results/round1-8-64/production/zrc64_T1500_v100_s17/jobs/zrc64_T1500_v100_s17/production/attempt-01/sampling/frames.extxyz,0b57a9d22d7e8c7db61735858cc30505ba173d07c1c4a6e396f17041a99b84e2,,unassigned,86,stratified_random,42,0.008070082217193597
zrc64_T6000_v100_s17_f0020,zrc64_T6000_v100_s17,64,6000,1.0,17,development,zrc64_v100_s17_heating,20,1000.0,2000,6567.052601818462,-8.087788581848145,37.02129924614201,16.595924377441406,1.7850121400598902,1.230255031373055,2.3609394217831503,e00623d9a05baed18300d7de20005bccd363bd9c2a12d3f2614f827a6e01c279,hpc/results/round1-8-64/production/zrc64_T6000_v100_s17/jobs/zrc64_T6000_v100_s17/production/attempt-01/sampling/frames.extxyz,41599cc730e48121c4bdac3bc09d76b684d95a277e129cddc8adb7f46e6d0946,,unassigned,87,stratified_random,42,0.04687811385086927
zrc64_T3000_v095_s17_f0070,zrc64_T3000_v095_s17,64,3000,0.95,17,development,zrc64_v095_s17_heating,70,3500.0,7000,2823.854985774494,-9.280309677124023,27.35855398133522,6.961686134338379,1.9207284629252845,2.621460351785743,2.913698754521709,edd5b15f700135535802f40782636d2a415521715f87e7e081e2bf5841d7ab68,hpc/results/round1-8-64/production/zrc64_T3000_v095_s17/jobs/zrc64_T3000_v095_s17/production/attempt-01/sampling/frames.extxyz,38d42f886936a7c5334dbee7f9fc2d38457e89614c905ba8d473d57ee3aee2bb,,unassigned,88,stratified_random,42,0.01116054290270417
zrc64_T1500_v105_s17_f0150,zrc64_T1500_v105_s17,64,1500,1.05,17,development,zrc64_v105_s17_heating,150,7500.0,15000,1343.5816160772745,-9.511563301086426,-2.0330281248780184,4.999754905700684,2.0322856358480497,2.9854657216478673,3.058018509290967,89a2265c0c0fa9c9a63374677257d106fc8e9da3fc2d4b3ae00c60e533b1a3a7,hpc/results/round1-8-64/production/zrc64_T1500_v105_s17/jobs/zrc64_T1500_v105_s17/production/attempt-01/sampling/frames.extxyz,d28a4f0a705320a646044b919cebe9286d070451f48feede258cfdd61a8ba8f5,,unassigned,89,stratified_random,42,0.007331483621620325
zrc64_T0300_v100_s17_f0175,zrc64_T0300_v100_s17,64,300,1.0,17,development,zrc64_v100_s17_heating,175,8750.0,17500,304.9614898765476,-9.675354957580566,1.5718368291854858,1.7420519590377808,2.1837184321399037,3.141055546007995,3.1919415377885767,38349a6a7854e95f684a314254e3e6fe12645fa3c34cd9dae4cdac1ebeabd165,experiments/zrc_mace_round1/jobs/zrc64_T0300_v100_s17/production/attempt-01/sampling/frames.extxyz,b0e19e781d665d4f92fb7606a1fa566d8357e4b8f1c5799a79f193aea3456c2f,,unassigned,90,stratified_random,42,0.003023886583814402
zrc64_T1500_v105_s17_f0080,zrc64_T1500_v105_s17,64,1500,1.05,17,development,zrc64_v105_s17_heating,80,4000.0,8000,1301.9887195585147,-9.488436698913574,-2.518034128572346,4.430910587310791,2.017061200010688,2.920405376676788,3.019150934031836,6389f301c061c420c922bf9969ab96278ae5b4fb16eaee7faa4aceda998b892e,hpc/results/round1-8-64/production/zrc64_T1500_v105_s17/jobs/zrc64_T1500_v105_s17/production/attempt-01/sampling/frames.extxyz,d28a4f0a705320a646044b919cebe9286d070451f48feede258cfdd61a8ba8f5,,unassigned,91,stratified_random,42,0.007162174989913788
zrc64_T3000_v105_s17_f0170,zrc64_T3000_v105_s17,64,3000,1.05,17,development,zrc64_v105_s17_heating,170,8500.0,17000,3277.2209235945033,-9.337461471557617,4.270741051959754,8.082982063293457,1.8788792542543733,2.967076468667077,2.797455198175392,09152a677cfdc8d407ff161a1419ebacdaf2e6ea2fae4ddfff66ba95f9d91017,hpc/results/round1-8-64/production/zrc64_T3000_v105_s17/jobs/zrc64_T3000_v105_s17/production/attempt-01/sampling/frames.extxyz,b4dccb6801af5c2276e8bda38746a4f6f66326b38d4a2344115b8b88f363d665,,unassigned,92,stratified_random,42,0.011342877823739439
zrc64_T4500_v100_s17_f0170,zrc64_T4500_v100_s17,64,4500,1.0,17,development,zrc64_v100_s17_heating,170,8500.0,17000,5062.821034537852,-9.089513778686523,22.639003742567972,8.288975715637207,1.8678473159200542,1.427860754291484,2.821708149651688,d702906905d4b68896f1a7318740c64ee297777037b2d2c2fa100187eb8355dc,hpc/results/round1-8-64/production/zrc64_T4500_v100_s17/jobs/zrc64_T4500_v100_s17/production/attempt-01/sampling/frames.extxyz,b5f6ee0648c369753023d9323aabfe46cfd7612607cbea2ffbfb15a993519ff2,,unassigned,93,stratified_random,42,0.0171155881541
zrc64_T0300_v095_s17_f0070,zrc64_T0300_v095_s17,64,300,0.95,17,development,zrc64_v095_s17_heating,70,3500.0,7000,331.94442053026194,-9.641715049743652,15.443467140197754,2.3559370040893555,2.16886198276974,3.126499785643505,3.139754060092474,41b1d69d52b756a55ce52c6725ac19cecbaf7851c1340849186059390075076d,experiments/zrc_mace_round1/jobs/zrc64_T0300_v095_s17/production/attempt-01/sampling/frames.extxyz,29fc41d9fad7160ccd2375073663700da24320df162982d90ed67297d635bd7d,,unassigned,94,stratified_random,42,0.003209572761985512
zrc64_T4500_v105_s17_f0180,zrc64_T4500_v105_s17,64,4500,1.05,17,development,zrc64_v105_s17_heating,180,9000.0,18000,4466.121959942943,-9.030107498168945,13.775412691346002,10.126898765563965,1.85016938101049,1.2170845666624144,2.8365362530256504,160bd48995306ecd22c00a3ba76d3427a8c6343aa2a4fa74c6c1e55a8367de10,hpc/results/round1-8-64/production/zrc64_T4500_v105_s17/jobs/zrc64_T4500_v105_s17/production/attempt-01/sampling/frames.extxyz,05e37e3688bdce1195b166c3cdb4e0b2767bce96dc36f5029349686ffc9fba78,,unassigned,95,stratified_random,42,0.023173354083836643
zrc64_T0300_v100_s17_f0055,zrc64_T0300_v100_s17,64,300,1.0,17,development,zrc64_v100_s17_heating,55,2750.0,5500,332.8691644615185,-9.676434516906738,1.6130712032318115,2.2853939533233643,2.174934083396262,3.1748233000664974,3.1486365305244925,725615bec18a1ac5402a61e487dab75e9aa5bd744b2ac9f4aa714dfb71fcbedb,experiments/zrc_mace_round1/jobs/zrc64_T0300_v100_s17/production/attempt-01/sampling/frames.extxyz,b0e19e781d665d4f92fb7606a1fa566d8357e4b8f1c5799a79f193aea3456c2f,,unassigned,96,stratified_random,42,0.002927655699441604
zrc64_T1500_v095_s17_f0055,zrc64_T1500_v095_s17,64,1500,0.95,17,development,zrc64_v095_s17_heating,55,2750.0,5500,1428.855025326296,-9.4894437789917,20.642828831184485,4.502638339996338,2.0235129732581814,2.8851716397016003,2.993072178930867,5a609f47dcb659c9143215b9ab38e7049b47cd9fd0dfc2e644fc4b577514052a,hpc/results/round1-8-64/production/zrc64_T1500_v095_s17/jobs/zrc64_T1500_v095_s17/production/attempt-01/sampling/frames.extxyz,5b28004032b343dfef216429d4e0761a24384595070cb03a21afa3c444c24067,,unassigned,97,stratified_random,42,0.005645508987628293
zrc64_T6000_v105_s17_f0135,zrc64_T6000_v105_s17,64,6000,1.05,17,development,zrc64_v105_s17_heating,135,6750.0,13500,4582.71443372744,-8.178415298461914,20.892939256046063,11.2756929397583,1.7817449988110268,1.329335864104459,2.385967736220102,03b546572a6cfbad4d330b45f3fa0d57739417191b25a86e8b02cf7eb866ae2c,hpc/results/round1-8-64/production/zrc64_T6000_v105_s17/jobs/zrc64_T6000_v105_s17/production/attempt-01/sampling/frames.extxyz,ef738ec6f25e619a80c636ce84ec0302c99d26bcf9231bfb5a2f7e421275dfdc,,unassigned,98,stratified_random,42,0.04109561999116645
zrc64_T5250_v095_s17_f0125,zrc64_T5250_v095_s17,64,5250,0.95,17,development,zrc64_v095_s17_heating,125,6250.0,12500,5361.395339768824,-8.106898307800293,41.7585231997904,10.905438423156738,1.8967773557672445,1.2861073007782475,2.317579504003447,865b9c8f6f84d925ddcb4aa86caa8011f49a19f350d2321e94f70e325432ae90,hpc/results/round1-8-64/production/zrc64_T5250_v095_s17/jobs/zrc64_T5250_v095_s17/production/attempt-01/sampling/frames.extxyz,7fdbc9fc59e3288da3c2fc653d1ed8709f0feeca8bf1573cf734a243a8eea755,,unassigned,99,stratified_random,42,0.04093618594552444
zrc64_T6000_v095_s17_f0030,zrc64_T6000_v095_s17,64,6000,0.95,17,development,zrc64_v095_s17_heating,30,1500.0,3000,5955.087281794272,-7.83475399017334,45.71872090007026,11.622127532958984,1.8250771643256687,1.263953631969895,2.1234377353153353,cc1cf2e300bc9db9be3eb8032061fae2e3cf6d648f603b9a4b21599ec0cb83ba,hpc/results/round1-8-64/production/zrc64_T6000_v095_s17/jobs/zrc64_T6000_v095_s17/production/attempt-01/sampling/frames.extxyz,ebfa194f0d83eb7ec3df31489d43cf1768b9a48d0c55db95d8af2f4e79e8302b,,unassigned,100,stratified_random,42,0.03860758428280125
zrc64_T6000_v100_s17_f0170,zrc64_T6000_v100_s17,64,6000,1.0,17,development,zrc64_v100_s17_heating,170,8500.0,17000,5056.728740406358,-8.104147911071777,36.39060593480781,8.733137130737305,1.7665060017136764,1.2232322634018562,2.224513923896215,72c94457c3948a19044393dbaac63feba9aca2e1801fcd5f0fb4d573ffe0e11e,hpc/results/round1-8-64/production/zrc64_T6000_v100_s17/jobs/zrc64_T6000_v100_s17/production/attempt-01/sampling/frames.extxyz,41599cc730e48121c4bdac3bc09d76b684d95a277e129cddc8adb7f46e6d0946,,unassigned,101,stratified_random,42,0.04373037134948402
zrc64_T4500_v095_s17_f0050,zrc64_T4500_v095_s17,64,4500,0.95,17,development,zrc64_v095_s17_heating,50,2500.0,5000,4846.658460294153,-8.98528003692627,33.12723688284183,10.1403226852417,1.9311703732005352,1.449368854448153,2.5569460680032017,8b6e8fb2f3d8f657ffb6eea63533b515bd5ca416c0fbd4a7f4f65074734255e4,hpc/results/round1-8-64/production/zrc64_T4500_v095_s17/jobs/zrc64_T4500_v095_s17/production/attempt-01/sampling/frames.extxyz,65116dd3c23f7ea4f37d5e963453d34409098eb6bae1ff570fe77bb92b99e81a,,unassigned,102,stratified_random,42,0.02076395621427451
zrc64_T3000_v095_s17_f0170,zrc64_T3000_v095_s17,64,3000,0.95,17,development,zrc64_v095_s17_heating,170,8500.0,17000,2976.279246484153,-9.275788307189941,28.149153989038012,8.016008377075195,1.9818589620612952,2.766722390463777,2.810651944107403,c241f1320b687762bdabbc9e9425487507d306000e02675d5650a77a6b47e40a,hpc/results/round1-8-64/production/zrc64_T3000_v095_s17/jobs/zrc64_T3000_v095_s17/production/attempt-01/sampling/frames.extxyz,38d42f886936a7c5334dbee7f9fc2d38457e89614c905ba8d473d57ee3aee2bb,,unassigned,103,stratified_random,42,0.0075510671100658495
zrc64_T0300_v105_s17_f0005,zrc64_T0300_v105_s17,64,300,1.05,17,development,zrc64_v105_s17_heating,5,250.0,500,326.36867693262826,-9.652772903442383,-8.679855346679688,1.8685871362686157,2.218519137737368,3.1837910164131706,3.167429020851365,d577dd390b50f11b0bbd799b16f2c4b66ec950a786dd65f28de7ae48134752d4,experiments/zrc_mace_round1/jobs/zrc64_T0300_v105_s17/production/attempt-01/sampling/frames.extxyz,2e6224250d01b866f883442edea3e0ecd17b582eb99446eca08ba48b95249e08,,unassigned,104,stratified_random,42,0.003003274129405411
zrc64_T1500_v100_s17_f0170,zrc64_T1500_v100_s17,64,1500,1.0,17,development,zrc64_v100_s17_heating,170,8500.0,17000,1343.4227970878603,-9.511140823364258,8.284858283185978,5.643925189971924,2.050134011892976,2.9968828520900925,3.0025476449796704,b452e430af2c5a8ef80175bb6c3a26b396cf5ce202be831515e1c0f2b478682f,hpc/results/round1-8-64/production/zrc64_T1500_v100_s17/jobs/zrc64_T1500_v100_s17/production/attempt-01/sampling/frames.extxyz,0b57a9d22d7e8c7db61735858cc30505ba173d07c1c4a6e396f17041a99b84e2,,unassigned,105,stratified_random,42,0.006761358182385985
zrc64_T5250_v100_s17_f0150,zrc64_T5250_v100_s17,64,5250,1.0,17,development,zrc64_v100_s17_heating,150,7500.0,15000,4653.210977526448,-8.273236274719238,29.65521151130471,8.823469161987305,1.8699237234549577,1.3252251167748066,2.394143432376004,71efae5f759c5e1914e6a0afffa12a7a9ff6598fdc0d6b7a411bcdfabc663666,hpc/results/round1-8-64/production/zrc64_T5250_v100_s17/jobs/zrc64_T5250_v100_s17/production/attempt-01/sampling/frames.extxyz,c105336a4968370fe0edbeab8640489ed047806d76ff10421d0ca32fae09eea0,,unassigned,106,stratified_random,42,0.042233880173250374
zrc64_T5250_v105_s17_f0165,zrc64_T5250_v105_s17,64,5250,1.05,17,development,zrc64_v105_s17_heating,165,8250.0,16500,6147.703544947386,-8.273924827575684,28.131660058439657,9.679137229919434,1.8277085554439039,1.253120001697869,2.436431072421426,87800ca47d6e2c3dff230ed9c67e1102e7f9eac2870e07b74177353bb1180d26,hpc/results/round1-8-64/production/zrc64_T5250_v105_s17/jobs/zrc64_T5250_v105_s17/production/attempt-01/sampling/frames.extxyz,98513e4ef98528a1f91bcd1e3ab3c9da409ecdb19122d0f4eb5d882dd43afa8e,,unassigned,107,stratified_random,42,0.04557528926228693
zrc64_T3000_v100_s17_f0140,zrc64_T3000_v100_s17,64,3000,1.0,17,development,zrc64_v100_s17_heating,140,7000.0,14000,2617.6680313704396,-9.272509574890137,16.732280657012215,7.991476058959961,1.9698693814162869,2.7958105647714193,2.8339357816496116,d0befdb8016b0e9b2d38dd505baf7cda47a5103673bc07a614062f8f81dc8940,hpc/results/round1-8-64/production/zrc64_T3000_v100_s17/jobs/zrc64_T3000_v100_s17/production/attempt-01/sampling/frames.extxyz,a4444c4024dfaef8af475d257202e4ec0c331a45e9426cd5c950944caa131eaa,,unassigned,108,stratified_random,42,0.0101899171977268
zrc64_T1500_v095_s17_f0105,zrc64_T1500_v095_s17,64,1500,0.95,17,development,zrc64_v095_s17_heating,105,5250.0,10500,1644.4174092910205,-9.492170333862305,21.074714319891207,4.627991676330566,2.062790048967778,2.8708133328652377,2.9560844601303855,2d3d621c725b430ae9a511c82e57722547a06732416c999c23be4d4bdc17a61f,hpc/results/round1-8-64/production/zrc64_T1500_v095_s17/jobs/zrc64_T1500_v095_s17/production/attempt-01/sampling/frames.extxyz,5b28004032b343dfef216429d4e0761a24384595070cb03a21afa3c444c24067,,unassigned,109,stratified_random,42,0.005966966356144879
zrc64_T0300_v100_s17_f0145,zrc64_T0300_v100_s17,64,300,1.0,17,development,zrc64_v100_s17_heating,145,7250.0,14500,336.9437618900398,-9.671085357666016,1.7295031547546387,2.129056930541992,2.150076465769462,3.1113658290682356,3.181457186280402,bf2eb127e538f1dd5ea464b4f1f65d0d88cc6f533c9bf0a2fbe7e68423c1a1aa,experiments/zrc_mace_round1/jobs/zrc64_T0300_v100_s17/production/attempt-01/sampling/frames.extxyz,b0e19e781d665d4f92fb7606a1fa566d8357e4b8f1c5799a79f193aea3456c2f,,unassigned,110,stratified_random,42,0.002675153083400852
zrc64_T6000_v105_s17_f0060,zrc64_T6000_v105_s17,64,6000,1.05,17,development,zrc64_v105_s17_heating,60,3000.0,6000,6283.572028124556,-8.057425498962402,28.149772839158018,11.988231658935547,1.8236896274011638,1.2613616465980053,2.3107952847962387,cd60f81bc437b3686081b85ea22394639c83b5fc611aa6b31342028cfac42261,hpc/results/round1-8-64/production/zrc64_T6000_v105_s17/jobs/zrc64_T6000_v105_s17/production/attempt-01/sampling/frames.extxyz,ef738ec6f25e619a80c636ce84ec0302c99d26bcf9231bfb5a2f7e421275dfdc,,unassigned,111,stratified_random,42,0.051383356331411216
zrc64_T5250_v095_s17_f0155,zrc64_T5250_v095_s17,64,5250,0.95,17,development,zrc64_v095_s17_heating,155,7750.0,15500,5113.9615717484285,-8.146893501281738,44.35793929964345,9.703129768371582,1.8437836377916814,1.2467009199044463,2.4900284251788576,b11b530f0f1763343abd4adb6d0f6c860515d87597bbd5936bbf226926282440,hpc/results/round1-8-64/production/zrc64_T5250_v095_s17/jobs/zrc64_T5250_v095_s17/production/attempt-01/sampling/frames.extxyz,7fdbc9fc59e3288da3c2fc653d1ed8709f0feeca8bf1573cf734a243a8eea755,,unassigned,112,stratified_random,42,0.03748615605149494
zrc64_T3000_v105_s17_f0115,zrc64_T3000_v105_s17,64,3000,1.05,17,development,zrc64_v105_s17_heating,115,5750.0,11500,3413.7807356748613,-9.324030876159668,4.717211760507931,4.975259780883789,2.0124618988204843,2.521966695261033,2.9799520293940636,cff5ad727b1a2585c8b85d065f7100d8df44186057e90605f47dec799ddd61e9,hpc/results/round1-8-64/production/zrc64_T3000_v105_s17/jobs/zrc64_T3000_v105_s17/production/attempt-01/sampling/frames.extxyz,b4dccb6801af5c2276e8bda38746a4f6f66326b38d4a2344115b8b88f363d665,,unassigned,113,stratified_random,42,0.011123693934731742
zrc64_T3000_v100_s17_f0100,zrc64_T3000_v100_s17,64,3000,1.0,17,development,zrc64_v100_s17_heating,100,5000.0,10000,3579.2573499882014,-9.338311195373535,15.373215212681533,10.366195678710938,1.9111951484160228,2.7564066250348422,2.8230909375311883,8197314817d4efa5476ef8f86bdd4b733a05e884a229fedd3cab835ae7e00848,hpc/results/round1-8-64/production/zrc64_T3000_v100_s17/jobs/zrc64_T3000_v100_s17/production/attempt-01/sampling/frames.extxyz,a4444c4024dfaef8af475d257202e4ec0c331a45e9426cd5c950944caa131eaa,,unassigned,114,stratified_random,42,0.009076503436420783
zrc64_T0300_v105_s17_f0105,zrc64_T0300_v105_s17,64,300,1.05,17,development,zrc64_v105_s17_heating,105,5250.0,10500,319.48595996601387,-9.654743194580078,-8.724774360656738,1.6295803785324097,2.1983183017166943,3.2140096818525437,3.2019365781249562,6618c3342c58f106a1e182606ab7a1e6b98d11b7bb8e4624fceff9d7cdff99c0,experiments/zrc_mace_round1/jobs/zrc64_T0300_v105_s17/production/attempt-01/sampling/frames.extxyz,2e6224250d01b866f883442edea3e0ecd17b582eb99446eca08ba48b95249e08,,unassigned,115,stratified_random,42,0.00292681864687641
zrc64_T6000_v100_s17_f0105,zrc64_T6000_v100_s17,64,6000,1.0,17,development,zrc64_v100_s17_heating,105,5250.0,10500,5095.896744833186,-8.055619239807129,34.27253295510483,14.765061378479004,1.8161896274416873,1.255922939362959,2.228439599881846,f5e88ba9e47fb9e7167b264b4a3d833a9519fbd9313d435f9fd0b0c679855aa9,hpc/results/round1-8-64/production/zrc64_T6000_v100_s17/jobs/zrc64_T6000_v100_s17/production/attempt-01/sampling/frames.extxyz,41599cc730e48121c4bdac3bc09d76b684d95a277e129cddc8adb7f46e6d0946,,unassigned,116,stratified_random,42,0.04503211537813834
zrc64_T4500_v095_s17_f0010,zrc64_T4500_v095_s17,64,4500,0.95,17,development,zrc64_v095_s17_heating,10,500.0,1000,5178.668096093128,-8.979316711425781,36.39602157372517,9.771126747131348,1.8465252040203322,1.4920417384292743,2.780177249328921,03493940d3241303452d6608cb95e769dc67811695281e573ff847effe1f7223,hpc/results/round1-8-64/production/zrc64_T4500_v095_s17/jobs/zrc64_T4500_v095_s17/production/attempt-01/sampling/frames.extxyz,65116dd3c23f7ea4f37d5e963453d34409098eb6bae1ff570fe77bb92b99e81a,,unassigned,117,stratified_random,42,0.019737562579122486
zrc64_T0300_v095_s17_f0025,zrc64_T0300_v095_s17,64,300,0.95,17,development,zrc64_v095_s17_heating,25,1250.0,2500,259.5257450405539,-9.65139389038086,14.920705795288086,2.424879789352417,2.189650833400472,3.1135461907630875,3.1349387678627334,b8016dfa67d60ca33f170344e54dcf1248af7be2ba9f6c3d29e19bbb500e27f0,experiments/zrc_mace_round1/jobs/zrc64_T0300_v095_s17/production/attempt-01/sampling/frames.extxyz,29fc41d9fad7160ccd2375073663700da24320df162982d90ed67297d635bd7d,,unassigned,118,stratified_random,42,0.002612192566427875
zrc64_T5250_v100_s17_f0050,zrc64_T5250_v100_s17,64,5250,1.0,17,development,zrc64_v100_s17_heating,50,2500.0,5000,5893.542668359934,-8.308551788330078,30.9236204054254,9.898866653442383,1.903855922390143,1.2336541391266496,2.3609111327099965,b0da65bcbc4fce4b8b5f6ab923bcad11f7d45c21635f304ed216c9f9363e660e,hpc/results/round1-8-64/production/zrc64_T5250_v100_s17/jobs/zrc64_T5250_v100_s17/production/attempt-01/sampling/frames.extxyz,c105336a4968370fe0edbeab8640489ed047806d76ff10421d0ca32fae09eea0,,unassigned,119,stratified_random,42,0.04204813476342244
zrc64_T3000_v095_s17_f0025,zrc64_T3000_v095_s17,64,3000,0.95,17,development,zrc64_v095_s17_heating,25,1250.0,2500,2893.8405939543895,-9.29827880859375,26.818057436812133,6.427150249481201,1.9493377387189086,2.7577674868227255,2.892944217284468,96a1ac9fd0ff483181eccebcc83cc383397bae73ebdf2f41bded57093b1fd593,hpc/results/round1-8-64/production/zrc64_T3000_v095_s17/jobs/zrc64_T3000_v095_s17/production/attempt-01/sampling/frames.extxyz,38d42f886936a7c5334dbee7f9fc2d38457e89614c905ba8d473d57ee3aee2bb,,unassigned,120,stratified_random,42,0.009268495877334922
zrc64_T1500_v100_s17_f0080,zrc64_T1500_v100_s17,64,1500,1.0,17,development,zrc64_v100_s17_heating,80,4000.0,8000,1470.4902784488672,-9.562853813171387,6.438508408958973,3.8584959506988525,2.0867939551415278,3.0139313132614607,3.057929252977749,0e68f28d8f2cdf3030e9c67e59eca18d5b59fca7b37cde992aab668ff144b132,hpc/results/round1-8-64/production/zrc64_T1500_v100_s17/jobs/zrc64_T1500_v100_s17/production/attempt-01/sampling/frames.extxyz,0b57a9d22d7e8c7db61735858cc30505ba173d07c1c4a6e396f17041a99b84e2,,unassigned,121,stratified_random,42,0.007068548690703894
zrc64_T5250_v105_s17_f0140,zrc64_T5250_v105_s17,64,5250,1.05,17,development,zrc64_v105_s17_heating,140,7000.0,14000,5344.7911709269365,-8.169290542602539,24.202991802927546,10.242958068847656,1.7591774079665938,1.2773777362236036,2.273618691331339,48c8c4370f1e3a8b28e80acfe3beca27f63f8714c26324cf2b3fe50f59fbbb85,hpc/results/round1-8-64/production/zrc64_T5250_v105_s17/jobs/zrc64_T5250_v105_s17/production/attempt-01/sampling/frames.extxyz,98513e4ef98528a1f91bcd1e3ab3c9da409ecdb19122d0f4eb5d882dd43afa8e,,unassigned,122,stratified_random,42,0.045790997851170766
zrc64_T1500_v105_s17_f0125,zrc64_T1500_v105_s17,64,1500,1.05,17,development,zrc64_v105_s17_heating,125,6250.0,12500,1547.234043807724,-9.48583698272705,-1.3740223709775365,4.898880481719971,2.044431896070711,2.9632117423803797,3.012437301121691,bbd92fe9e0610a2ab74a472b5d22b7639f76e1c4d0c5499403d22574c0041cf9,hpc/results/round1-8-64/production/zrc64_T1500_v105_s17/jobs/zrc64_T1500_v105_s17/production/attempt-01/sampling/frames.extxyz,d28a4f0a705320a646044b919cebe9286d070451f48feede258cfdd61a8ba8f5,,unassigned,123,stratified_random,42,0.005362704128117826
zrc64_T4500_v105_s17_f0090,zrc64_T4500_v105_s17,64,4500,1.05,17,development,zrc64_v105_s17_heating,90,4500.0,9000,4273.741219690084,-8.901296615600586,16.135131760892943,10.277334213256836,1.784516396153819,1.4143044412771515,2.7818127761204865,9f0e5f796ae3ea299cb28e1764031f0104633ed279bb610d4a7b2bbec82687e7,hpc/results/round1-8-64/production/zrc64_T4500_v105_s17/jobs/zrc64_T4500_v105_s17/production/attempt-01/sampling/frames.extxyz,05e37e3688bdce1195b166c3cdb4e0b2767bce96dc36f5029349686ffc9fba78,,unassigned,124,stratified_random,42,0.029521706637097196
zrc64_T6000_v095_s17_f0170,zrc64_T6000_v095_s17,64,6000,0.95,17,development,zrc64_v095_s17_heating,170,8500.0,17000,6854.818107494847,-8.015305519104004,48.8099898418495,10.918021202087402,1.7622006007200892,1.3304387731139868,2.4355724699791943,e9a4036cfbeeda0547d6667ecd6352cd5b22c2b258ccfbcabb68a69368961d4a,hpc/results/round1-8-64/production/zrc64_T6000_v095_s17/jobs/zrc64_T6000_v095_s17/production/attempt-01/sampling/frames.extxyz,ebfa194f0d83eb7ec3df31489d43cf1768b9a48d0c55db95d8af2f4e79e8302b,,unassigned,125,stratified_random,42,0.05277535874346947
zrc64_T4500_v100_s17_f0110,zrc64_T4500_v100_s17,64,4500,1.0,17,development,zrc64_v100_s17_heating,110,5500.0,11000,4298.521363184437,-8.948517799377441,27.13229557929495,11.095104217529297,1.841467110394143,1.3521472990620609,2.728796303505944,df61402d2c3f3bde0f82002fc4fa5cdee00d3f58ba453a717d47da0f9d53520b,hpc/results/round1-8-64/production/zrc64_T4500_v100_s17/jobs/zrc64_T4500_v100_s17/production/attempt-01/sampling/frames.extxyz,b5f6ee0648c369753023d9323aabfe46cfd7612607cbea2ffbfb15a993519ff2,,unassigned,126,stratified_random,42,0.029108236072873345
zrc64_T5250_v095_s17_f0015,zrc64_T5250_v095_s17,64,5250,0.95,17,development,zrc64_v095_s17_heating,15,750.0,1500,5117.165966578541,-9.10398006439209,33.872803567230235,8.687719345092773,1.8487019040709047,2.564133348165229,2.7370177948064858,8c844d05c587bd0d2a3e520fe33037134dd028ae1f25a50610100f628b4d9e71,hpc/results/round1-8-64/production/zrc64_T5250_v095_s17/jobs/zrc64_T5250_v095_s17/production/attempt-01/sampling/frames.extxyz,7fdbc9fc59e3288da3c2fc653d1ed8709f0feeca8bf1573cf734a243a8eea755,,unassigned,127,stratified_random,42,0.013157862469977317
zrc64_T1500_v100_s17_f0160,zrc64_T1500_v100_s17,64,1500,1.0,17,development,zrc64_v100_s17_heating,160,8000.0,16000,1753.4983385083772,-9.537053108215332,7.273345672275465,4.467246055603027,2.0297500327137414,2.8957434729843223,3.0570708095147836,ebe7a3f67482ddf7cab5ffbd3259495fdb6e00e5842db69640ce02bba822a477,hpc/results/round1-8-64/production/zrc64_T1500_v100_s17/jobs/zrc64_T1500_v100_s17/production/attempt-01/sampling/frames.extxyz,0b57a9d22d7e8c7db61735858cc30505ba173d07c1c4a6e396f17041a99b84e2,,unassigned,128,stratified_random,42,0.00613462428603446
zrc64_T3000_v095_s17_f0130,zrc64_T3000_v095_s17,64,3000,0.95,17,development,zrc64_v095_s17_heating,130,6500.0,13000,2954.7867233237466,-9.288837432861328,29.143090040788298,6.3093791007995605,1.9905379172520667,2.754516370607385,2.8609568699109698,89c9124f15c1c98f5c8c5bda047eefd1f1114cd20b01118a0c24867eda03b35c,hpc/results/round1-8-64/production/zrc64_T3000_v095_s17/jobs/zrc64_T3000_v095_s17/production/attempt-01/sampling/frames.extxyz,38d42f886936a7c5334dbee7f9fc2d38457e89614c905ba8d473d57ee3aee2bb,,unassigned,129,stratified_random,42,0.008255186498580527
zrc64_T1500_v105_s17_f0120,zrc64_T1500_v105_s17,64,1500,1.05,17,development,zrc64_v105_s17_heating,120,6000.0,12000,1339.191602844279,-9.532276153564453,-3.11886287718536,3.889889717102051,2.062265543279595,3.004852673005807,3.054861200626542,17b0734ee1ae4c4125bda26b5db07d050684619d655139784a29d6b1a26982b9,hpc/results/round1-8-64/production/zrc64_T1500_v105_s17/jobs/zrc64_T1500_v105_s17/production/attempt-01/sampling/frames.extxyz,d28a4f0a705320a646044b919cebe9286d070451f48feede258cfdd61a8ba8f5,,unassigned,130,stratified_random,42,0.009421883333842078
zrc64_T4500_v100_s17_f0115,zrc64_T4500_v100_s17,64,4500,1.0,17,development,zrc64_v100_s17_heating,115,5750.0,11500,5362.896044025287,-9.032222747802734,23.564837620842706,9.095870971679688,1.8326477329252464,1.4015310458928127,2.808800726559156,966f9daf0577a766eb7054cb6c6500685bf45af78476cf271e128ba105ac6e1b,hpc/results/round1-8-64/production/zrc64_T4500_v100_s17/jobs/zrc64_T4500_v100_s17/production/attempt-01/sampling/frames.extxyz,b5f6ee0648c369753023d9323aabfe46cfd7612607cbea2ffbfb15a993519ff2,,unassigned,131,stratified_random,42,0.018914775500313195
zrc64_T0300_v100_s17_f0105,zrc64_T0300_v100_s17,64,300,1.0,17,development,zrc64_v100_s17_heating,105,5250.0,10500,288.2804222408413,-9.677959442138672,1.4471690654754639,1.8929733037948608,2.2172990354071556,3.1360363370263453,3.2024083375391763,4fed3803f0609f8915594e3a7d851c73fa2703df5fc0af263495abfe063eebdc,experiments/zrc_mace_round1/jobs/zrc64_T0300_v100_s17/production/attempt-01/sampling/frames.extxyz,b0e19e781d665d4f92fb7606a1fa566d8357e4b8f1c5799a79f193aea3456c2f,,unassigned,132,stratified_random,42,0.002345645602220099
zrc64_T6000_v100_s17_f0015,zrc64_T6000_v100_s17,64,6000,1.0,17,development,zrc64_v100_s17_heating,15,750.0,1500,5226.393982242207,-8.117515563964844,34.98273940536988,12.342950820922852,1.7316695077874924,1.2815850340118953,2.303605903396775,f2abece2f4564841ffb116a79739b7811945966edd4d13fa62aec9db5e8f2bc5,hpc/results/round1-8-64/production/zrc64_T6000_v100_s17/jobs/zrc64_T6000_v100_s17/production/attempt-01/sampling/frames.extxyz,41599cc730e48121c4bdac3bc09d76b684d95a277e129cddc8adb7f46e6d0946,,unassigned,133,stratified_random,42,0.03882790270650786
zrc64_T6000_v095_s17_f0105,zrc64_T6000_v095_s17,64,6000,0.95,17,development,zrc64_v095_s17_heating,105,5250.0,10500,5457.544938336666,-8.091464042663574,42.8503159240256,9.786301612854004,1.8152738465025868,1.3273855483056496,2.3476825981413447,9eae9a2677d001bfbd55f21e8c5d6a17ffd7921a4a1fb1fc6fb6cc0c9afb7cd9,hpc/results/round1-8-64/production/zrc64_T6000_v095_s17/jobs/zrc64_T6000_v095_s17/production/attempt-01/sampling/frames.extxyz,ebfa194f0d83eb7ec3df31489d43cf1768b9a48d0c55db95d8af2f4e79e8302b,,unassigned,134,stratified_random,42,0.03933599565577099
zrc64_T0300_v105_s17_f0165,zrc64_T0300_v105_s17,64,300,1.05,17,development,zrc64_v105_s17_heating,165,8250.0,16500,343.7164411458058,-9.655374526977539,-8.629159927368164,1.9480892419815063,2.217847116170049,3.2095744839826237,3.2041803701807288,c0d72e539f3e9f471ea37ef472efb0534c20ebe1db9a60bf02d97dcf15035204,experiments/zrc_mace_round1/jobs/zrc64_T0300_v105_s17/production/attempt-01/sampling/frames.extxyz,2e6224250d01b866f883442edea3e0ecd17b582eb99446eca08ba48b95249e08,,unassigned,135,stratified_random,42,0.001514659518831377
zrc64_T1500_v095_s17_f0065,zrc64_T1500_v095_s17,64,1500,0.95,17,development,zrc64_v095_s17_heating,65,3250.0,6500,1414.0438113898665,-9.49126148223877,21.252956859860642,6.558000564575195,2.078344027692151,2.9060588691126816,2.8963674208405994,80605e586222f35695a901f6b92c086db582e773269b738ecceadb7e45ae056a,hpc/results/round1-8-64/production/zrc64_T1500_v095_s17/jobs/zrc64_T1500_v095_s17/production/attempt-01/sampling/frames.extxyz,5b28004032b343dfef216429d4e0761a24384595070cb03a21afa3c444c24067,,unassigned,136,stratified_random,42,0.007763329374979677
zrc64_T3000_v100_s17_f0130,zrc64_T3000_v100_s17,64,3000,1.0,17,development,zrc64_v100_s17_heating,130,6500.0,13000,3312.189699991055,-9.334372520446777,14.266771266664014,7.828869342803955,1.9245633407794145,2.7974235683936293,2.9360461192451415,338c7af29ca89f48ae4509b8e5a88552e71e2ce059b6d48309007cdf1d8818b6,hpc/results/round1-8-64/production/zrc64_T3000_v100_s17/jobs/zrc64_T3000_v100_s17/production/attempt-01/sampling/frames.extxyz,a4444c4024dfaef8af475d257202e4ec0c331a45e9426cd5c950944caa131eaa,,unassigned,137,stratified_random,42,0.009185170019084924
zrc64_T4500_v105_s17_f0005,zrc64_T4500_v105_s17,64,4500,1.05,17,development,zrc64_v105_s17_heating,5,250.0,500,4064.9970879846674,-8.895047187805176,11.492137697122297,7.5075554847717285,1.832776275710447,1.4167115257933494,2.608480466419054,87cd06228bd1fe95a9a0c97474dd9b33520c1739c2b3f8928858f342980ad14e,hpc/results/round1-8-64/production/zrc64_T4500_v105_s17/jobs/zrc64_T4500_v105_s17/production/attempt-01/sampling/frames.extxyz,05e37e3688bdce1195b166c3cdb4e0b2767bce96dc36f5029349686ffc9fba78,,unassigned,138,stratified_random,42,0.03551887603711338
zrc64_T0300_v095_s17_f0065,zrc64_T0300_v095_s17,64,300,0.95,17,development,zrc64_v095_s17_heating,65,3250.0,6500,257.75484320247256,-9.652569770812988,15.011240005493164,1.8308136463165283,2.191900083751884,3.1033149570259715,3.1550864747090333,756fbfb3449f7857b5646e97917abfe7574cd27e9fe520b48916d84e5a2585d3,experiments/zrc_mace_round1/jobs/zrc64_T0300_v095_s17/production/attempt-01/sampling/frames.extxyz,29fc41d9fad7160ccd2375073663700da24320df162982d90ed67297d635bd7d,,unassigned,139,stratified_random,42,0.0021185447186417503
zrc64_T6000_v105_s17_f0090,zrc64_T6000_v105_s17,64,6000,1.05,17,development,zrc64_v105_s17_heating,90,4500.0,9000,6111.672238782455,-8.147331237792969,30.367534755062255,12.789743423461914,1.8076281823762177,1.1949899152245305,2.0493494828200998,27111f34953e3e7ee02cc995513fe744b4a173913914d449a8d70323d0da393a,hpc/results/round1-8-64/production/zrc64_T6000_v105_s17/jobs/zrc64_T6000_v105_s17/production/attempt-01/sampling/frames.extxyz,ef738ec6f25e619a80c636ce84ec0302c99d26bcf9231bfb5a2f7e421275dfdc,,unassigned,140,stratified_random,42,0.04228998840310353
zrc64_T4500_v095_s17_f0200,zrc64_T4500_v095_s17,64,4500,0.95,17,development,zrc64_v095_s17_heating,200,10000.0,20000,4253.075746064901,-9.051025390625,34.81126904426657,12.691132545471191,1.8586561673356823,2.6561878015979934,2.5566606192775536,8ff2a26b56ac90805cf066b3990874a943e1c3f1e592c96356ac46bab0709f73,hpc/results/round1-8-64/production/zrc64_T4500_v095_s17/jobs/zrc64_T4500_v095_s17/production/attempt-01/sampling/frames.extxyz,65116dd3c23f7ea4f37d5e963453d34409098eb6bae1ff570fe77bb92b99e81a,,unassigned,141,stratified_random,42,0.012571394362689723
zrc64_T3000_v105_s17_f0045,zrc64_T3000_v105_s17,64,3000,1.05,17,development,zrc64_v105_s17_heating,45,2250.0,4500,2617.3809033149582,-9.284310340881348,4.3095057062302145,5.892180919647217,1.9708871444702085,2.673552332676644,2.932622082931848,72a2a4b1521d4397eba0d0aee056ccb859b5e8b9a8cc4a0fecb12e6c5c69ed87,hpc/results/round1-8-64/production/zrc64_T3000_v105_s17/jobs/zrc64_T3000_v105_s17/production/attempt-01/sampling/frames.extxyz,b4dccb6801af5c2276e8bda38746a4f6f66326b38d4a2344115b8b88f363d665,,unassigned,142,stratified_random,42,0.013877211893217611
zrc64_T5250_v100_s17_f0055,zrc64_T5250_v100_s17,64,5250,1.0,17,development,zrc64_v100_s17_heating,55,2750.0,5500,5816.815068459846,-8.229276657104492,35.12257622155285,8.192689895629883,1.8160744935308653,1.3131233801134539,2.2987208415436817,b57c417bf2456b1e2d7549089edfcc3fd0f0b2921d62e2e4b9f265533f0b398a,hpc/results/round1-8-64/production/zrc64_T5250_v100_s17/jobs/zrc64_T5250_v100_s17/production/attempt-01/sampling/frames.extxyz,c105336a4968370fe0edbeab8640489ed047806d76ff10421d0ca32fae09eea0,,unassigned,143,stratified_random,42,0.04071755932113996
zrc64_T5250_v105_s17_f0090,zrc64_T5250_v105_s17,64,5250,1.05,17,development,zrc64_v105_s17_heating,90,4500.0,9000,5359.040917782394,-8.16111946105957,24.571227017089022,8.37385368347168,1.8041046505220986,1.2971111595427562,2.26523280820652,3f152fed5868db3becf822a0df0797d6c63fec88e1f6df3186c08126bd398614,hpc/results/round1-8-64/production/zrc64_T5250_v105_s17/jobs/zrc64_T5250_v105_s17/production/attempt-01/sampling/frames.extxyz,98513e4ef98528a1f91bcd1e3ab3c9da409ecdb19122d0f4eb5d882dd43afa8e,,unassigned,144,stratified_random,42,0.036124774852043365
zrc64_T3000_v095_s17_f0200,zrc64_T3000_v095_s17,64,3000,0.95,17,development,zrc64_v095_s17_heating,200,10000.0,20000,3363.0184610892725,-9.246252059936523,29.81507163214336,8.067880630493164,1.860152821399555,2.581820159464598,2.7704894762485397,05c69ba848b3138690583681ef9f4fdc6502d2db90e34d88a5f3a20455d63a8c,hpc/results/round1-8-64/production/zrc64_T3000_v095_s17/jobs/zrc64_T3000_v095_s17/production/attempt-01/sampling/frames.extxyz,38d42f886936a7c5334dbee7f9fc2d38457e89614c905ba8d473d57ee3aee2bb,,unassigned,145,stratified_random,42,0.010320988248229945
zrc64_T6000_v095_s17_f0165,zrc64_T6000_v095_s17,64,6000,0.95,17,development,zrc64_v095_s17_heating,165,8250.0,16500,5384.320299314856,-8.10009765625,39.69667986629389,8.907591819763184,1.8850740095374883,1.2623467591094837,2.356773809573881,1dc50ea41fc380e32aac4f1d7bf4fcf3fe1ab3de75830030bf09d370e0d68d0d,hpc/results/round1-8-64/production/zrc64_T6000_v095_s17/jobs/zrc64_T6000_v095_s17/production/attempt-01/sampling/frames.extxyz,ebfa194f0d83eb7ec3df31489d43cf1768b9a48d0c55db95d8af2f4e79e8302b,,unassigned,146,stratified_random,42,0.037269987533871014
zrc64_T5250_v105_s17_f0010,zrc64_T5250_v105_s17,64,5250,1.05,17,development,zrc64_v105_s17_heating,10,500.0,1000,5357.202898996042,-8.210598945617676,27.393556683049468,9.370832443237305,1.8101169298894384,1.2973686227411563,2.462638528148368,605ac1ff8cb65fe552cfcbc48cd1b0b0cfce9dd3cb508a52eb2126b87ef26c5b,hpc/results/round1-8-64/production/zrc64_T5250_v105_s17/jobs/zrc64_T5250_v105_s17/production/attempt-01/sampling/frames.extxyz,98513e4ef98528a1f91bcd1e3ab3c9da409ecdb19122d0f4eb5d882dd43afa8e,,unassigned,147,stratified_random,42,0.04187715399977102
zrc64_T3000_v100_s17_f0050,zrc64_T3000_v100_s17,64,3000,1.0,17,development,zrc64_v100_s17_heating,50,2500.0,5000,2863.87762640088,-9.373372077941895,13.597562958369283,7.272133827209473,1.954130962914879,2.8205388326000804,2.9177049337697976,96c9b0eb7fd881bda19666c0c0bfe40ca9b3df646aa7f0f9595b1c135b5a8954,hpc/results/round1-8-64/production/zrc64_T3000_v100_s17/jobs/zrc64_T3000_v100_s17/production/attempt-01/sampling/frames.extxyz,a4444c4024dfaef8af475d257202e4ec0c331a45e9426cd5c950944caa131eaa,,unassigned,148,stratified_random,42,0.009289197399313737
zrc64_T4500_v105_s17_f0165,zrc64_T4500_v105_s17,64,4500,1.05,17,development,zrc64_v105_s17_heating,165,8250.0,16500,3547.242586500413,-8.900551795959473,13.624194469458898,9.713848114013672,1.8941542451230513,1.4627852047410381,2.6344862367460182,a799b3e68994500ca912f270645f73bff9e719bf7083c57dd26c45309c8cff04,hpc/results/round1-8-64/production/zrc64_T4500_v105_s17/jobs/zrc64_T4500_v105_s17/production/attempt-01/sampling/frames.extxyz,05e37e3688bdce1195b166c3cdb4e0b2767bce96dc36f5029349686ffc9fba78,,unassigned,149,stratified_random,42,0.033233802025140306
zrc64_T6000_v100_s17_f0010,zrc64_T6000_v100_s17,64,6000,1.0,17,development,zrc64_v100_s17_heating,10,500.0,1000,4972.300252359503,-8.189346313476562,35.95797313131085,9.92133903503418,1.7957305553324325,1.194558587157808,2.214406766202268,aac1d1aec87123d7fcb8f6d7e58eb4a741c82da4da124c6f3d5db512b248322c,hpc/results/round1-8-64/production/zrc64_T6000_v100_s17/jobs/zrc64_T6000_v100_s17/production/attempt-01/sampling/frames.extxyz,41599cc730e48121c4bdac3bc09d76b684d95a277e129cddc8adb7f46e6d0946,,unassigned,150,stratified_random,42,0.039817711760618706
zrc64_T1500_v095_s17_f0175,zrc64_T1500_v095_s17,64,1500,0.95,17,development,zrc64_v095_s17_heating,175,8750.0,17500,1501.4098702865338,-9.513798713684082,20.194351260364968,4.8837385177612305,2.043307574363966,2.9169918268391553,3.0271763938408878,bc6544828b813a15b47923756ac6bd01efde52686f192890c5d53c6623a5f5b6,hpc/results/round1-8-64/production/zrc64_T1500_v095_s17/jobs/zrc64_T1500_v095_s17/production/attempt-01/sampling/frames.extxyz,5b28004032b343dfef216429d4e0761a24384595070cb03a21afa3c444c24067,,unassigned,151,stratified_random,42,0.005632320638570054
zrc64_T5250_v095_s17_f0050,zrc64_T5250_v095_s17,64,5250,0.95,17,development,zrc64_v095_s17_heating,50,2500.0,5000,5227.912542019789,-8.899479866027832,37.79075420576347,8.927136421203613,1.905004240992721,1.246389611974916,2.720528585551105,65228c29f474ee3112bf04139702a1da301261089a524a8c1a9b45725dadf9a8,hpc/results/round1-8-64/production/zrc64_T5250_v095_s17/jobs/zrc64_T5250_v095_s17/production/attempt-01/sampling/frames.extxyz,7fdbc9fc59e3288da3c2fc653d1ed8709f0feeca8bf1573cf734a243a8eea755,,unassigned,152,stratified_random,42,0.024330643494060094
zrc64_T1500_v105_s17_f0185,zrc64_T1500_v105_s17,64,1500,1.05,17,development,zrc64_v105_s17_heating,185,9250.0,18500,1504.7616315188197,-9.509425163269043,-2.674447619190616,4.594461917877197,2.0215974083116084,2.9026806605593367,2.965845001492777,262d5780172cec018579343d7a0b5cf16aab79b52bfb1bb3c2d8ab370b9b3daf,hpc/results/round1-8-64/production/zrc64_T1500_v105_s17/jobs/zrc64_T1500_v105_s17/production/attempt-01/sampling/frames.extxyz,d28a4f0a705320a646044b919cebe9286d070451f48feede258cfdd61a8ba8f5,,unassigned,153,stratified_random,42,0.010176111397066562
zrc64_T4500_v095_s17_f0075,zrc64_T4500_v095_s17,64,4500,0.95,17,development,zrc64_v095_s17_heating,75,3750.0,7500,4489.847132700898,-8.9644136428833,34.48354964948865,8.973028182983398,1.8444277951516512,1.6025523757590694,2.771730018201724,7530f37a48a39a7db8ee6cc98da11538681a8b86e2010fff68dadda6c07c5eee,hpc/results/round1-8-64/production/zrc64_T4500_v095_s17/jobs/zrc64_T4500_v095_s17/production/attempt-01/sampling/frames.extxyz,65116dd3c23f7ea4f37d5e963453d34409098eb6bae1ff570fe77bb92b99e81a,,unassigned,154,stratified_random,42,0.017347311182105453
zrc64_T3000_v105_s17_f0085,zrc64_T3000_v105_s17,64,3000,1.05,17,development,zrc64_v105_s17_heating,85,4250.0,8500,2840.0895802856508,-9.30570125579834,4.663284221672184,7.087079048156738,1.9120139962756186,2.7808683182883724,2.8535411941124846,6fd7f17ff40af9cbc1bbeff80750291dede8532c3b76871a852d6a337e38d93e,hpc/results/round1-8-64/production/zrc64_T3000_v105_s17/jobs/zrc64_T3000_v105_s17/production/attempt-01/sampling/frames.extxyz,b4dccb6801af5c2276e8bda38746a4f6f66326b38d4a2344115b8b88f363d665,,unassigned,155,stratified_random,42,0.009747997239059263
zrc64_T6000_v105_s17_f0130,zrc64_T6000_v105_s17,64,6000,1.05,17,development,zrc64_v105_s17_heating,130,6500.0,13000,5883.442117353118,-8.151001930236816,27.001763364600514,13.540291786193848,1.8069339687159818,1.2055236715415414,2.3952929624729467,7286d5bb60ea3cbf6bbf7958344a7192e1454ce1a299dcdf3db2c227a7f01bdd,hpc/results/round1-8-64/production/zrc64_T6000_v105_s17/jobs/zrc64_T6000_v105_s17/production/attempt-01/sampling/frames.extxyz,ef738ec6f25e619a80c636ce84ec0302c99d26bcf9231bfb5a2f7e421275dfdc,,unassigned,156,stratified_random,42,0.05297913031163676
zrc64_T4500_v100_s17_f0025,zrc64_T4500_v100_s17,64,4500,1.0,17,development,zrc64_v100_s17_heating,25,1250.0,2500,4511.545748386823,-8.953389167785645,22.39978652918443,8.459651947021484,1.8273120050857214,1.3611996720625998,2.7125666585450077,c5006c8db9e481e6eb853b4aa78797c152d7db308fbc8f09ffc4f88028b8b48c,hpc/results/round1-8-64/production/zrc64_T4500_v100_s17/jobs/zrc64_T4500_v100_s17/production/attempt-01/sampling/frames.extxyz,b5f6ee0648c369753023d9323aabfe46cfd7612607cbea2ffbfb15a993519ff2,,unassigned,157,stratified_random,42,0.022824302799088345
zrc64_T1500_v100_s17_f0110,zrc64_T1500_v100_s17,64,1500,1.0,17,development,zrc64_v100_s17_heating,110,5500.0,11000,1434.0014349623007,-9.492288589477539,8.353385555991716,4.935784339904785,2.0274625433305964,2.965929640735023,3.03769914743108,f9cbe0507a794134a09abec56535c07eb43d3559f8929e437f69701fc2c6c48d,hpc/results/round1-8-64/production/zrc64_T1500_v100_s17/jobs/zrc64_T1500_v100_s17/production/attempt-01/sampling/frames.extxyz,0b57a9d22d7e8c7db61735858cc30505ba173d07c1c4a6e396f17041a99b84e2,,unassigned,158,stratified_random,42,0.0050412238573099965
zrc64_T0300_v095_s17_f0100,zrc64_T0300_v095_s17,64,300,0.95,17,development,zrc64_v095_s17_heating,100,5000.0,10000,241.09752881555568,-9.641310691833496,15.377626419067383,2.7559592723846436,2.1399918940416645,3.094105567936065,3.1111278731094583,b7ed8eaa324bd7aeb7a8d229863df8cbff58e4abf485a25a143d549102e1668c,experiments/zrc_mace_round1/jobs/zrc64_T0300_v095_s17/production/attempt-01/sampling/frames.extxyz,29fc41d9fad7160ccd2375073663700da24320df162982d90ed67297d635bd7d,,unassigned,159,stratified_random,42,0.0015481035675901438
zrc64_T0300_v105_s17_f0160,zrc64_T0300_v105_s17,64,300,1.05,17,development,zrc64_v105_s17_heating,160,8000.0,16000,302.1763257427792,-9.649923324584961,-8.536523818969727,1.7338130474090576,2.2084010938567324,3.140587248909349,3.2588144115868873,3ece357f671d378b9b546c25e81ee8e6880f8e42dd0ee9ed98013e8a668d8605,experiments/zrc_mace_round1/jobs/zrc64_T0300_v105_s17/production/attempt-01/sampling/frames.extxyz,2e6224250d01b866f883442edea3e0ecd17b582eb99446eca08ba48b95249e08,,unassigned,160,stratified_random,42,0.002661864603553822
zrc64_T5250_v100_s17_f0200,zrc64_T5250_v100_s17,64,5250,1.0,17,development,zrc64_v100_s17_heating,200,10000.0,20000,4951.610351526069,-8.203686714172363,30.7722911947707,11.599700927734375,1.732409703888534,1.21213032292354,2.4089180540742574,67ec935de3bacbeb10352b878995cffefbdbc15ae9bf541675984cdd9257c3fe,hpc/results/round1-8-64/production/zrc64_T5250_v100_s17/jobs/zrc64_T5250_v100_s17/production/attempt-01/sampling/frames.extxyz,c105336a4968370fe0edbeab8640489ed047806d76ff10421d0ca32fae09eea0,,unassigned,161,stratified_random,42,0.042365251446605044
zrc64_T0300_v100_s17_f0130,zrc64_T0300_v100_s17,64,300,1.0,17,development,zrc64_v100_s17_heating,130,6500.0,13000,288.31610270710803,-9.67668628692627,1.4982224702835083,1.565165638923645,2.209740062454332,3.177471841694211,3.1593824473468555,59e21c3117dfdee9ed761294f220dc1ddd67277265bc27d3b31d208f2be41bc9,experiments/zrc_mace_round1/jobs/zrc64_T0300_v100_s17/production/attempt-01/sampling/frames.extxyz,b0e19e781d665d4f92fb7606a1fa566d8357e4b8f1c5799a79f193aea3456c2f,,unassigned,162,stratified_random,42,0.0021527667990436164
zrc64_T1500_v105_s17_f0065,zrc64_T1500_v105_s17,64,1500,1.05,17,development,zrc64_v105_s17_heating,65,3250.0,6500,1424.9023641586755,-9.490327835083008,-2.774593423627952,6.026583671569824,1.9571636097262919,2.9436919162189237,3.0271396559874817,572e23a7e0d795a9dad594dcdb870b32418ccdb23944e22b4ffee991768238c4,hpc/results/round1-8-64/production/zrc64_T1500_v105_s17/jobs/zrc64_T1500_v105_s17/production/attempt-01/sampling/frames.extxyz,d28a4f0a705320a646044b919cebe9286d070451f48feede258cfdd61a8ba8f5,,unassigned,163,stratified_random,42,0.008978451378573312
zrc64_T4500_v095_s17_f0110,zrc64_T4500_v095_s17,64,4500,0.95,17,development,zrc64_v095_s17_heating,110,5500.0,11000,5198.865894999162,-9.054802894592285,36.871277282059516,10.657134056091309,1.835413882945967,2.6378940995031757,2.7036846865982738,c5fcfe434945b650bd23982081e4fffb7099b7ce44b479c5fce9dd25bb64ed36,hpc/results/round1-8-64/production/zrc64_T4500_v095_s17/jobs/zrc64_T4500_v095_s17/production/attempt-01/sampling/frames.extxyz,65116dd3c23f7ea4f37d5e963453d34409098eb6bae1ff570fe77bb92b99e81a,,unassigned,164,stratified_random,42,0.014212169817469927
zrc64_T4500_v100_s17_f0075,zrc64_T4500_v100_s17,64,4500,1.0,17,development,zrc64_v100_s17_heating,75,3750.0,7500,3686.052379775402,-8.969005584716797,23.75843334058486,8.653008460998535,1.8947697754581878,1.4513795853340823,2.5680893876808484,591e48cbc670d6ece7ecfab7a79622bcb1e44fb05cf69492cd86be626be9fa1e,hpc/results/round1-8-64/production/zrc64_T4500_v100_s17/jobs/zrc64_T4500_v100_s17/production/attempt-01/sampling/frames.extxyz,b5f6ee0648c369753023d9323aabfe46cfd7612607cbea2ffbfb15a993519ff2,,unassigned,165,stratified_random,42,0.02006902298234235
zrc64_T3000_v100_s17_f0175,zrc64_T3000_v100_s17,64,3000,1.0,17,development,zrc64_v100_s17_heating,175,8750.0,17500,2590.1374120217165,-9.350259780883789,13.97982608957585,6.064362049102783,1.9995113220905254,2.894076335635343,2.9030307831198487,21ebab7b4bef053e6489f0b31afd7f846238274cd01efdf17772666f86ab3402,hpc/results/round1-8-64/production/zrc64_T3000_v100_s17/jobs/zrc64_T3000_v100_s17/production/attempt-01/sampling/frames.extxyz,a4444c4024dfaef8af475d257202e4ec0c331a45e9426cd5c950944caa131eaa,,unassigned,166,stratified_random,42,0.007248597662958728
zrc64_T0300_v105_s17_f0060,zrc64_T0300_v105_s17,64,300,1.05,17,development,zrc64_v105_s17_heating,60,3000.0,6000,318.07916834954995,-9.653560638427734,-8.535157203674316,1.9465327262878418,2.189960303208099,3.1557458630170157,3.2500851258770207,875a27a58dfd461086c4cfa042b36a552f62ed7d7a52344e95a69931d23a14b0,experiments/zrc_mace_round1/jobs/zrc64_T0300_v105_s17/production/attempt-01/sampling/frames.extxyz,2e6224250d01b866f883442edea3e0ecd17b582eb99446eca08ba48b95249e08,,unassigned,167,stratified_random,42,0.002447981658244512
zrc64_T5250_v100_s17_f0035,zrc64_T5250_v100_s17,64,5250,1.0,17,development,zrc64_v100_s17_heating,35,1750.0,3500,5534.727975539631,-8.55354118347168,30.806041955326805,16.640623092651367,1.7897417255447587,1.1554798942356623,2.4712023632343363,1be154e937f5860ed515c46443ea74e5d66837b1ddbde60719c3efdfd62f85e6,hpc/results/round1-8-64/production/zrc64_T5250_v100_s17/jobs/zrc64_T5250_v100_s17/production/attempt-01/sampling/frames.extxyz,c105336a4968370fe0edbeab8640489ed047806d76ff10421d0ca32fae09eea0,,unassigned,168,stratified_random,42,0.05720241308209249
zrc64_T3000_v095_s17_f0085,zrc64_T3000_v095_s17,64,3000,0.95,17,development,zrc64_v095_s17_heating,85,4250.0,8500,2398.5283516637196,-9.28828239440918,27.749417224408383,8.770339012145996,1.9541678440695178,2.801647003197526,2.8589284584458516,83db8392df5ebf183976ba70a573b7b8eaca19844f5e249d002f3353cbf43f0f,hpc/results/round1-8-64/production/zrc64_T3000_v095_s17/jobs/zrc64_T3000_v095_s17/production/attempt-01/sampling/frames.extxyz,38d42f886936a7c5334dbee7f9fc2d38457e89614c905ba8d473d57ee3aee2bb,,unassigned,169,stratified_random,42,0.0071189569710193145
zrc64_T6000_v105_s17_f0005,zrc64_T6000_v105_s17,64,6000,1.05,17,development,zrc64_v105_s17_heating,5,250.0,500,6469.028864324544,-8.036959648132324,30.47906364689821,13.323636054992676,1.7167792778820394,1.3012667398466635,2.3711829303281835,c1b1448356dafc5b72d08b1a984459c3fa91f79a5e0e8f1dd252d2c75f3383be,hpc/results/round1-8-64/production/zrc64_T6000_v105_s17/jobs/zrc64_T6000_v105_s17/production/attempt-01/sampling/frames.extxyz,ef738ec6f25e619a80c636ce84ec0302c99d26bcf9231bfb5a2f7e421275dfdc,,unassigned,170,stratified_random,42,0.03943935169335958
zrc64_T4500_v105_s17_f0030,zrc64_T4500_v105_s17,64,4500,1.05,17,development,zrc64_v105_s17_heating,30,1500.0,3000,4460.302745204003,-8.940611839294434,15.660276316896239,8.640938758850098,1.8389131966536372,1.3669187183458724,2.692793984081189,f49359c062cc14f45f714fad51143920e31b4137dbb05cd6f051d8c0626861d5,hpc/results/round1-8-64/production/zrc64_T4500_v105_s17/jobs/zrc64_T4500_v105_s17/production/attempt-01/sampling/frames.extxyz,05e37e3688bdce1195b166c3cdb4e0b2767bce96dc36f5029349686ffc9fba78,,unassigned,171,stratified_random,42,0.02408618806745013
zrc64_T1500_v095_s17_f0015,zrc64_T1500_v095_s17,64,1500,0.95,17,development,zrc64_v095_s17_heating,15,750.0,1500,1251.8097184566268,-9.530325889587402,19.576156725167372,3.9571471214294434,2.060340443485814,2.90873350932604,2.991455487158271,08dd70cc1aece032d823c4a3c3764825e6f4ce1b1521a7e2311405d385f62b62,hpc/results/round1-8-64/production/zrc64_T1500_v095_s17/jobs/zrc64_T1500_v095_s17/production/attempt-01/sampling/frames.extxyz,5b28004032b343dfef216429d4e0761a24384595070cb03a21afa3c444c24067,,unassigned,172,stratified_random,42,0.00501493700565704
zrc64_T6000_v095_s17_f0140,zrc64_T6000_v095_s17,64,6000,0.95,17,development,zrc64_v095_s17_heating,140,7000.0,14000,5881.702603063321,-7.984406471252441,45.844140326603565,10.121532440185547,1.8322745715144821,1.2908474928653488,2.260890389593653,bd9e3ade63221051675b09364919764100fe2fe3fb9e7dd124177355acef912c,hpc/results/round1-8-64/production/zrc64_T6000_v095_s17/jobs/zrc64_T6000_v095_s17/production/attempt-01/sampling/frames.extxyz,ebfa194f0d83eb7ec3df31489d43cf1768b9a48d0c55db95d8af2f4e79e8302b,,unassigned,173,stratified_random,42,0.03617247860769253
zrc64_T0300_v095_s17_f0145,zrc64_T0300_v095_s17,64,300,0.95,17,development,zrc64_v095_s17_heating,145,7250.0,14500,243.78472098563935,-9.650300979614258,15.045430183410645,2.489078998565674,2.1455708784023018,3.110608253533161,3.140078873856349,baa5c72ce65812af254687102c6a5c69fedd9f266d94c73f5baa773cc6370260,experiments/zrc_mace_round1/jobs/zrc64_T0300_v095_s17/production/attempt-01/sampling/frames.extxyz,29fc41d9fad7160ccd2375073663700da24320df162982d90ed67297d635bd7d,,unassigned,174,stratified_random,42,0.0012575006087512882
zrc64_T6000_v100_s17_f0135,zrc64_T6000_v100_s17,64,6000,1.0,17,development,zrc64_v100_s17_heating,135,6750.0,13500,5626.92634290269,-8.00406551361084,36.39239477282391,10.628082275390625,1.8499843586964593,1.2091072890759502,2.200864664572125,f3b56ad83d5425617196b3eafc2bcaa3bbc1bf9c5e268f86efb7c171016ce44f,hpc/results/round1-8-64/production/zrc64_T6000_v100_s17/jobs/zrc64_T6000_v100_s17/production/attempt-01/sampling/frames.extxyz,41599cc730e48121c4bdac3bc09d76b684d95a277e129cddc8adb7f46e6d0946,,unassigned,175,stratified_random,42,0.04210352582788669
zrc64_T1500_v100_s17_f0075,zrc64_T1500_v100_s17,64,1500,1.0,17,development,zrc64_v100_s17_heating,75,3750.0,7500,1419.473803113714,-9.506326675415039,7.612969141445263,6.126962661743164,1.9984871314746306,2.800008515308272,2.908367994832823,d273b9bbdca74a05430964a23b6d11a479c3b3223f8c8cbe4480998add526d42,hpc/results/round1-8-64/production/zrc64_T1500_v100_s17/jobs/zrc64_T1500_v100_s17/production/attempt-01/sampling/frames.extxyz,0b57a9d22d7e8c7db61735858cc30505ba173d07c1c4a6e396f17041a99b84e2,,unassigned,176,stratified_random,42,0.007695162685753707
zrc64_T5250_v095_s17_f0145,zrc64_T5250_v095_s17,64,5250,0.95,17,development,zrc64_v095_s17_heating,145,7250.0,14500,5291.771638229348,-8.077680587768555,42.74614250574693,11.508999824523926,1.7876230402183233,1.3285266546925762,2.1993310566278668,115cff63b1d6fafac0ab0500f5c9af031b3e41e790ce0fa06fdabad91c850264,hpc/results/round1-8-64/production/zrc64_T5250_v095_s17/jobs/zrc64_T5250_v095_s17/production/attempt-01/sampling/frames.extxyz,7fdbc9fc59e3288da3c2fc653d1ed8709f0feeca8bf1573cf734a243a8eea755,,unassigned,177,stratified_random,42,0.043377164845448006
zrc64_T5250_v105_s17_f0040,zrc64_T5250_v105_s17,64,5250,1.05,17,development,zrc64_v105_s17_heating,40,2000.0,4000,4081.1838645395555,-8.36227035522461,20.45589505485953,7.361691951751709,1.9081763240046703,1.3078071237492177,2.477387555107665,ac71e945326a96739f7cd92db27a37b7f34bbcc95dd8f7bd1656bfd847d9c55d,hpc/results/round1-8-64/production/zrc64_T5250_v105_s17/jobs/zrc64_T5250_v105_s17/production/attempt-01/sampling/frames.extxyz,98513e4ef98528a1f91bcd1e3ab3c9da409ecdb19122d0f4eb5d882dd43afa8e,,unassigned,178,stratified_random,42,0.04102945111160514
zrc64_T0300_v100_s17_f0190,zrc64_T0300_v100_s17,64,300,1.0,17,development,zrc64_v100_s17_heating,190,9500.0,19000,291.8211784738539,-9.669743537902832,1.6175956726074219,2.0542123317718506,2.1858041484266932,3.1759210674863616,3.1765793192450102,e1eb59144ca7351d9f65bfc9ac99db8fb4ceea34dc8da37ee1b74786e37bd2b1,experiments/zrc_mace_round1/jobs/zrc64_T0300_v100_s17/production/attempt-01/sampling/frames.extxyz,b0e19e781d665d4f92fb7606a1fa566d8357e4b8f1c5799a79f193aea3456c2f,,unassigned,179,stratified_random,42,0.0030690695471136693
zrc64_T3000_v105_s17_f0105,zrc64_T3000_v105_s17,64,3000,1.05,17,development,zrc64_v105_s17_heating,105,5250.0,10500,3497.6750257224526,-9.333433151245117,4.529021994355214,7.154327869415283,1.9446219261349025,2.862694740296187,2.935641174127279,825dd441ffe1aa8222e9a2bbd9309b3c2b2b755955198209cff51b3fccec7e0f,hpc/results/round1-8-64/production/zrc64_T3000_v105_s17/jobs/zrc64_T3000_v105_s17/production/attempt-01/sampling/frames.extxyz,b4dccb6801af5c2276e8bda38746a4f6f66326b38d4a2344115b8b88f363d665,,unassigned,180,stratified_random,42,0.008869652944558895
zrc64_T3000_v100_s17_f0195,zrc64_T3000_v100_s17,64,3000,1.0,17,development,zrc64_v100_s17_heating,195,9750.0,19500,3286.4890595141133,-9.375368118286133,12.635698257457044,6.766483783721924,1.9698700401326483,2.8246661851057007,2.807869951852451,1f60a480170fd4c069c70f77e877447a7b00d27a544686082deb0985c1293bb1,hpc/results/round1-8-64/production/zrc64_T3000_v100_s17/jobs/zrc64_T3000_v100_s17/production/attempt-01/sampling/frames.extxyz,a4444c4024dfaef8af475d257202e4ec0c331a45e9426cd5c950944caa131eaa,,unassigned,181,stratified_random,42,0.008409597710841855
zrc64_T6000_v095_s17_f0035,zrc64_T6000_v095_s17,64,6000,0.95,17,development,zrc64_v095_s17_heating,35,1750.0,3500,6974.348552882175,-7.9867143630981445,43.37166610808933,15.733821868896484,1.783528739883718,1.3283460854518838,2.1212333160816623,d8b500ad7ac941f776834079c60737d5e822b0f9f3308465ad2b6dd3ba82ac6d,hpc/results/round1-8-64/production/zrc64_T6000_v095_s17/jobs/zrc64_T6000_v095_s17/production/attempt-01/sampling/frames.extxyz,ebfa194f0d83eb7ec3df31489d43cf1768b9a48d0c55db95d8af2f4e79e8302b,,unassigned,182,stratified_random,42,0.03601266625447674
zrc64_T3000_v095_s17_f0115,zrc64_T3000_v095_s17,64,3000,0.95,17,development,zrc64_v095_s17_heating,115,5750.0,11500,2510.1967425983976,-9.220160484313965,29.966724751277443,8.176387786865234,1.877343854863728,2.631718620043943,2.816872160476254,e86797068b4acbe32cdf92246cc7254c2c4de0564c53a6f3fa4d2d6e803c0d69,hpc/results/round1-8-64/production/zrc64_T3000_v095_s17/jobs/zrc64_T3000_v095_s17/production/attempt-01/sampling/frames.extxyz,38d42f886936a7c5334dbee7f9fc2d38457e89614c905ba8d473d57ee3aee2bb,,unassigned,183,stratified_random,42,0.009060137938067958
zrc64_T1500_v105_s17_f0140,zrc64_T1500_v105_s17,64,1500,1.05,17,development,zrc64_v105_s17_heating,140,7000.0,14000,1574.915409134039,-9.466130256652832,-1.4305818287628747,4.643989086151123,2.091944308234922,2.936800681180263,2.9792554716921607,9164f01513a91e4d8aba4f2e751dfb695440e56ec52b0bfb540324b01fe64ad3,hpc/results/round1-8-64/production/zrc64_T1500_v105_s17/jobs/zrc64_T1500_v105_s17/production/attempt-01/sampling/frames.extxyz,d28a4f0a705320a646044b919cebe9286d070451f48feede258cfdd61a8ba8f5,,unassigned,184,stratified_random,42,0.006252799975044106
zrc64_T1500_v100_s17_f0100,zrc64_T1500_v100_s17,64,1500,1.0,17,development,zrc64_v100_s17_heating,100,5000.0,10000,1562.2263555682084,-9.543335914611816,6.8088946526679095,5.4438886642456055,2.0502470386448017,2.926337020993354,3.0301929691902134,00a3bf27032c35bd02b02681d2a24bfb21b1295b9b912242feaf5677ba539533,hpc/results/round1-8-64/production/zrc64_T1500_v100_s17/jobs/zrc64_T1500_v100_s17/production/attempt-01/sampling/frames.extxyz,0b57a9d22d7e8c7db61735858cc30505ba173d07c1c4a6e396f17041a99b84e2,,unassigned,185,stratified_random,42,0.006603353800914161
zrc64_T1500_v095_s17_f0100,zrc64_T1500_v095_s17,64,1500,0.95,17,development,zrc64_v095_s17_heating,100,5000.0,10000,1504.9399556773521,-9.49050235748291,20.66226018096688,4.379339218139648,2.0339571846855753,2.754324852357138,3.0109600045844878,17610a2d99591ce4af67e2294288d6282b27eec31febed7f19f115990e21b6e6,hpc/results/round1-8-64/production/zrc64_T1500_v095_s17/jobs/zrc64_T1500_v095_s17/production/attempt-01/sampling/frames.extxyz,5b28004032b343dfef216429d4e0761a24384595070cb03a21afa3c444c24067,,unassigned,186,stratified_random,42,0.005091771513985327
zrc64_T0300_v095_s17_f0030,zrc64_T0300_v095_s17,64,300,0.95,17,development,zrc64_v095_s17_heating,30,1500.0,3000,320.4454781812874,-9.646708488464355,15.405746459960938,2.3764283657073975,2.169842069165476,3.097519927134176,3.1326283024153936,53c36bab160d1573bc7e8263b7579e36066c641e5bea6a01b41c6f17837e6001,experiments/zrc_mace_round1/jobs/zrc64_T0300_v095_s17/production/attempt-01/sampling/frames.extxyz,29fc41d9fad7160ccd2375073663700da24320df162982d90ed67297d635bd7d,,unassigned,187,stratified_random,42,0.0015300678735495304
zrc64_T5250_v100_s17_f0085,zrc64_T5250_v100_s17,64,5250,1.0,17,development,zrc64_v100_s17_heating,85,4250.0,8500,5891.806818705045,-7.995190620422363,36.931866733880426,9.126907348632812,1.8180487546253992,1.3074799832226784,2.283662928342926,89a5954f9e4fc41fa21bdd15a1c0f2c3d1f8f0ccc9da214ab30f86d329ad3562,hpc/results/round1-8-64/production/zrc64_T5250_v100_s17/jobs/zrc64_T5250_v100_s17/production/attempt-01/sampling/frames.extxyz,c105336a4968370fe0edbeab8640489ed047806d76ff10421d0ca32fae09eea0,,unassigned,188,stratified_random,42,0.039290790346652386
zrc64_T3000_v105_s17_f0050,zrc64_T3000_v105_s17,64,3000,1.05,17,development,zrc64_v105_s17_heating,50,2500.0,5000,2403.219605918347,-9.27298641204834,5.470445060606984,6.612750053405762,1.9389255846045188,2.642127427504127,2.848347945860072,593f4b0d84f4cd14ce7e3ad5cb5a2b699951cda83f7d6fe54a0a442d214d5acd,hpc/results/round1-8-64/production/zrc64_T3000_v105_s17/jobs/zrc64_T3000_v105_s17/production/attempt-01/sampling/frames.extxyz,b4dccb6801af5c2276e8bda38746a4f6f66326b38d4a2344115b8b88f363d665,,unassigned,189,stratified_random,42,0.00988714555847351
zrc64_T0300_v100_s17_f0050,zrc64_T0300_v100_s17,64,300,1.0,17,development,zrc64_v100_s17_heating,50,2500.0,5000,266.1975958631651,-9.676360130310059,1.4080238342285156,1.8705689907073975,2.2101283811940005,3.1331610314379272,3.1693897226990195,28317bfd8b64151e4e0514d4282495025a40112c8e52fe3948dd907fba798dde,experiments/zrc_mace_round1/jobs/zrc64_T0300_v100_s17/production/attempt-01/sampling/frames.extxyz,b0e19e781d665d4f92fb7606a1fa566d8357e4b8f1c5799a79f193aea3456c2f,,unassigned,190,stratified_random,42,0.002045740600032044
zrc64_T0300_v105_s17_f0130,zrc64_T0300_v105_s17,64,300,1.05,17,development,zrc64_v105_s17_heating,130,6500.0,13000,326.4957759332247,-9.656423568725586,-8.75463581085205,1.635500192642212,2.2220594325525296,3.2119768121505694,3.2511810582946836,984dfe6406bbae61a0e1aa6b7a4fde994c5273b3a20cfbd0120b2dc3797483fb,experiments/zrc_mace_round1/jobs/zrc64_T0300_v105_s17/production/attempt-01/sampling/frames.extxyz,2e6224250d01b866f883442edea3e0ecd17b582eb99446eca08ba48b95249e08,,unassigned,191,stratified_random,42,0.0030256817124036635
zrc64_T4500_v100_s17_f0130,zrc64_T4500_v100_s17,64,4500,1.0,17,development,zrc64_v100_s17_heating,130,6500.0,13000,4418.614207712506,-9.06768798828125,22.960857172465623,14.329700469970703,1.8213302218329999,1.2097163573824146,2.8359888758079768,51f4a38758eb3fb0a9a4bd6f83206a716beefcd238146bb5bb8e621f7c072449,hpc/results/round1-8-64/production/zrc64_T4500_v100_s17/jobs/zrc64_T4500_v100_s17/production/attempt-01/sampling/frames.extxyz,b5f6ee0648c369753023d9323aabfe46cfd7612607cbea2ffbfb15a993519ff2,,unassigned,192,stratified_random,42,0.021348968078380177
zrc64_T6000_v105_s17_f0120,zrc64_T6000_v105_s17,64,6000,1.05,17,development,zrc64_v105_s17_heating,120,6000.0,12000,5508.344056494528,-8.108760833740234,26.480048548286327,11.9495849609375,1.7345441400277806,1.3168509012035652,2.310174337709049,1710f376ea046b3b8baa0bc4be20499e1f24d5889f3f7bde28a7b381fe174b21,hpc/results/round1-8-64/production/zrc64_T6000_v105_s17/jobs/zrc64_T6000_v105_s17/production/attempt-01/sampling/frames.extxyz,ef738ec6f25e619a80c636ce84ec0302c99d26bcf9231bfb5a2f7e421275dfdc,,unassigned,193,stratified_random,42,0.03627124246653321
zrc64_T5250_v105_s17_f0085,zrc64_T5250_v105_s17,64,5250,1.05,17,development,zrc64_v105_s17_heating,85,4250.0,8500,5826.256887291133,-8.328393936157227,24.416011186173904,11.27801513671875,1.8218288865514816,1.250521528247351,2.394285700991542,56c3ba1d73d981416990b4b20d53ee1eca27fefabf6b494126902de14f4dd7f0,hpc/results/round1-8-64/production/zrc64_T5250_v105_s17/jobs/zrc64_T5250_v105_s17/production/attempt-01/sampling/frames.extxyz,98513e4ef98528a1f91bcd1e3ab3c9da409ecdb19122d0f4eb5d882dd43afa8e,,unassigned,194,stratified_random,42,0.03610246382022848
zrc64_T5250_v095_s17_f0195,zrc64_T5250_v095_s17,64,5250,0.95,17,development,zrc64_v095_s17_heating,195,9750.0,19500,4758.430581951625,-8.200872421264648,40.521298691821066,13.79724407196045,1.785601377888928,1.1667548126530056,2.3205826048661278,d7f42b85a396ec6357d953653bbc9780337e675a442b4581c82b88bb90532de2,hpc/results/round1-8-64/production/zrc64_T5250_v095_s17/jobs/zrc64_T5250_v095_s17/production/attempt-01/sampling/frames.extxyz,7fdbc9fc59e3288da3c2fc653d1ed8709f0feeca8bf1573cf734a243a8eea755,,unassigned,195,stratified_random,42,0.044120537521467204
zrc64_T6000_v100_s17_f0030,zrc64_T6000_v100_s17,64,6000,1.0,17,development,zrc64_v100_s17_heating,30,1500.0,3000,6099.41426473883,-8.056236267089844,35.468183752512445,11.02858829498291,1.8472743385243489,1.265274819793262,2.277624220345059,06877f72b756dfdd42b7379157b7eec2950b1c417e6c8959d1a40e90f615a015,hpc/results/round1-8-64/production/zrc64_T6000_v100_s17/jobs/zrc64_T6000_v100_s17/production/attempt-01/sampling/frames.extxyz,41599cc730e48121c4bdac3bc09d76b684d95a277e129cddc8adb7f46e6d0946,,unassigned,196,stratified_random,42,0.038634365903637044
zrc64_T4500_v095_s17_f0080,zrc64_T4500_v095_s17,64,4500,0.95,17,development,zrc64_v095_s17_heating,80,4000.0,8000,4383.5312534676805,-9.000083923339844,36.953229783731544,10.636606216430664,1.8815627667578032,1.4727488613302966,2.3717271432549523,fe9f36303cd384f6fd0d0c3c6b87781e7782b665a197afe22e66d09b405d62af,hpc/results/round1-8-64/production/zrc64_T4500_v095_s17/jobs/zrc64_T4500_v095_s17/production/attempt-01/sampling/frames.extxyz,65116dd3c23f7ea4f37d5e963453d34409098eb6bae1ff570fe77bb92b99e81a,,unassigned,197,stratified_random,42,0.02106076737243854
zrc64_T4500_v105_s17_f0035,zrc64_T4500_v105_s17,64,4500,1.05,17,development,zrc64_v105_s17_heating,35,1750.0,3500,4159.48019493198,-8.8477201461792,18.920099843316457,11.448385238647461,1.8039960801124952,1.25110515923982,2.679720579329559,56cab8217f039c1b218e168e30a4d2d7df6f5811acf94e5f549b27ba4cb83c37,hpc/results/round1-8-64/production/zrc64_T4500_v105_s17/jobs/zrc64_T4500_v105_s17/production/attempt-01/sampling/frames.extxyz,05e37e3688bdce1195b166c3cdb4e0b2767bce96dc36f5029349686ffc9fba78,,unassigned,198,stratified_random,42,0.028390703968714952
zrc64_T4500_v100_s17_f0060,zrc64_T4500_v100_s17,64,4500,1.0,17,development,zrc64_v100_s17_heating,60,3000.0,6000,4680.784261297635,-9.011520385742188,21.77151905751689,10.246223449707031,1.8453002196899977,1.3584796320590573,2.5508839364372826,1f9b69358b1824bb0686e981a53105082664dc2a1d65bfa4b99d44fcdef0bc46,hpc/results/round1-8-64/production/zrc64_T4500_v100_s17/jobs/zrc64_T4500_v100_s17/production/attempt-01/sampling/frames.extxyz,b5f6ee0648c369753023d9323aabfe46cfd7612607cbea2ffbfb15a993519ff2,,unassigned,199,stratified_random,42,0.033902653005636094
zrc64_T4500_v105_s17_f0190,zrc64_T4500_v105_s17,64,4500,1.05,17,development,zrc64_v105_s17_heating,190,9500.0,19000,4613.759233418351,-8.932816505432129,17.483104025958802,13.26656723022461,1.7863958622484912,1.3358122328362567,2.7395963732322284,1c7dad2871a0acb25b799a818c4f5429b1416f620b0bdd8f4d8a222c044db86b,hpc/results/round1-8-64/production/zrc64_T4500_v105_s17/jobs/zrc64_T4500_v105_s17/production/attempt-01/sampling/frames.extxyz,05e37e3688bdce1195b166c3cdb4e0b2767bce96dc36f5029349686ffc9fba78,,unassigned,200,stratified_random,42,0.022907241270113263
