frame_id,job_id,atoms,target_temperature_K,volume_scale,md_seed,split,source_group,frame_index_zero_based,sampling_time_fs,step,temperature_K,MACE_energy_eV_atom,MACE_pressure_GPa,MACE_max_force_eV_A,min_ZrC_A,min_CC_A,min_ZrZr_A,geometry_sha256,source_path,source_sha256,duplicate_of,phase,rank,method,selection_seed,min_SOAP_distance_before_selection
zrc64_T1500_v100_s17_f0150,zrc64_T1500_v100_s17,64,1500,1.0,17,development,zrc64_v100_s17_heating,150,7500.0,15000,1396.8765829501676,-9.487099647521973,8.413150277481604,5.6270294189453125,1.9655164997378505,2.9585522158674733,2.985642594864974,1e7cc7c084ba3ad5d3dd075d42315abb374e38acb2ff147f83d91c3d0c5eea8a,hpc/results/round1-8-64/production/zrc64_T1500_v100_s17/jobs/zrc64_T1500_v100_s17/production/attempt-01/sampling/frames.extxyz,0b57a9d22d7e8c7db61735858cc30505ba173d07c1c4a6e396f17041a99b84e2,,unassigned,1,stratified_SOAP_FPS,17,
zrc64_T1500_v095_s17_f0145,zrc64_T1500_v095_s17,64,1500,0.95,17,development,zrc64_v095_s17_heating,145,7250.0,14500,1343.5410608878478,-9.455415725708008,22.539977181813835,5.922335147857666,1.9732366948512927,2.857838999605823,2.9449405098315697,846323742ce2dacc72cc42da5af61401980c8948ee3f5ce54b984dc84cf532af,hpc/results/round1-8-64/production/zrc64_T1500_v095_s17/jobs/zrc64_T1500_v095_s17/production/attempt-01/sampling/frames.extxyz,5b28004032b343dfef216429d4e0761a24384595070cb03a21afa3c444c24067,,unassigned,2,stratified_SOAP_FPS,17,0.045095256550065285
zrc64_T1500_v105_s17_f0055,zrc64_T1500_v105_s17,64,1500,1.05,17,development,zrc64_v105_s17_heating,55,2750.0,5500,1629.8028536340628,-9.539849281311035,-3.5562759886590682,3.848487377166748,2.0930960829252796,3.069283361812161,3.0130107924472336,d64549a51a24b9b0687fde5cb6dde7513a5ee960d86b3ae8193e8af093e2ce62,hpc/results/round1-8-64/production/zrc64_T1500_v105_s17/jobs/zrc64_T1500_v105_s17/production/attempt-01/sampling/frames.extxyz,d28a4f0a705320a646044b919cebe9286d070451f48feede258cfdd61a8ba8f5,,unassigned,3,stratified_SOAP_FPS,17,0.046047266603258676
zrc64_T5250_v100_s17_f0085,zrc64_T5250_v100_s17,64,5250,1.0,17,development,zrc64_v100_s17_heating,85,4250.0,8500,5891.806818705045,-7.995190620422363,36.931866733880426,9.126907348632812,1.8180487546253992,1.3074799832226784,2.283662928342926,89a5954f9e4fc41fa21bdd15a1c0f2c3d1f8f0ccc9da214ab30f86d329ad3562,hpc/results/round1-8-64/production/zrc64_T5250_v100_s17/jobs/zrc64_T5250_v100_s17/production/attempt-01/sampling/frames.extxyz,c105336a4968370fe0edbeab8640489ed047806d76ff10421d0ca32fae09eea0,,unassigned,4,stratified_SOAP_FPS,17,0.3207508730322107
zrc64_T6000_v100_s17_f0055,zrc64_T6000_v100_s17,64,6000,1.0,17,development,zrc64_v100_s17_heating,55,2750.0,5500,6755.85879963537,-8.080667495727539,36.85632919607185,12.031161308288574,1.8151427100650375,1.1703727413401646,2.049562169171244,588bf899b53286e3415ee71338d3627ed40de900ba969f17a0c8bf1ad59edb54,hpc/results/round1-8-64/production/zrc64_T6000_v100_s17/jobs/zrc64_T6000_v100_s17/production/attempt-01/sampling/frames.extxyz,41599cc730e48121c4bdac3bc09d76b684d95a277e129cddc8adb7f46e6d0946,,unassigned,5,stratified_SOAP_FPS,17,0.09654302161124809
zrc64_T3000_v100_s17_f0060,zrc64_T3000_v100_s17,64,3000,1.0,17,development,zrc64_v100_s17_heating,60,3000.0,6000,2059.759962916072,-9.319141387939453,12.361119825772773,6.9787397384643555,1.9424632612535737,2.6316313362140202,2.9072988352330555,1ede435c6a511dec84d2d82ffb83a8d877ef455e82f7e83bee7668c106793d76,hpc/results/round1-8-64/production/zrc64_T3000_v100_s17/jobs/zrc64_T3000_v100_s17/production/attempt-01/sampling/frames.extxyz,a4444c4024dfaef8af475d257202e4ec0c331a45e9426cd5c950944caa131eaa,,unassigned,6,stratified_SOAP_FPS,17,0.03333731928987767
zrc64_T4500_v100_s17_f0060,zrc64_T4500_v100_s17,64,4500,1.0,17,development,zrc64_v100_s17_heating,60,3000.0,6000,4680.784261297635,-9.011520385742188,21.77151905751689,10.246223449707031,1.8453002196899977,1.3584796320590573,2.5508839364372826,1f9b69358b1824bb0686e981a53105082664dc2a1d65bfa4b99d44fcdef0bc46,hpc/results/round1-8-64/production/zrc64_T4500_v100_s17/jobs/zrc64_T4500_v100_s17/production/attempt-01/sampling/frames.extxyz,b5f6ee0648c369753023d9323aabfe46cfd7612607cbea2ffbfb15a993519ff2,,unassigned,7,stratified_SOAP_FPS,17,0.1017947603644442
zrc64_T6000_v105_s17_f0200,zrc64_T6000_v105_s17,64,6000,1.05,17,development,zrc64_v105_s17_heating,200,10000.0,20000,5876.490867296732,-8.274063110351562,22.60068426087934,10.23852825164795,1.776132969529834,1.3672876822617852,2.4503545770041484,b46fe8cf73c44393ba0be48cf575a3cc5e32ab9249e7d6b0df889199a8f50924,hpc/results/round1-8-64/production/zrc64_T6000_v105_s17/jobs/zrc64_T6000_v105_s17/production/attempt-01/sampling/frames.extxyz,ef738ec6f25e619a80c636ce84ec0302c99d26bcf9231bfb5a2f7e421275dfdc,,unassigned,8,stratified_SOAP_FPS,17,0.09034616737969729
zrc64_T3000_v105_s17_f0110,zrc64_T3000_v105_s17,64,3000,1.05,17,development,zrc64_v105_s17_heating,110,5500.0,11000,3237.7816089391226,-9.238510131835938,6.455029223057892,7.005737781524658,1.963063949589573,2.807159814430005,2.848769835277175,9e0bf7e1fe8abd33e8f6f65da3b2fb4b2e38bba7cf88c8141fcc286bfccc998d,hpc/results/round1-8-64/production/zrc64_T3000_v105_s17/jobs/zrc64_T3000_v105_s17/production/attempt-01/sampling/frames.extxyz,b4dccb6801af5c2276e8bda38746a4f6f66326b38d4a2344115b8b88f363d665,,unassigned,9,stratified_SOAP_FPS,17,0.04331572825177505
zrc64_T6000_v095_s17_f0135,zrc64_T6000_v095_s17,64,6000,0.95,17,development,zrc64_v095_s17_heating,135,6750.0,13500,5205.71826509582,-7.872852325439453,45.86424386611071,12.791492462158203,1.7125847467121211,1.3051269833712602,2.2824824288054177,78caa79f99fee9d42ed68cec9ba56dd0062a6a126177e33b048b3ce27463d25b,hpc/results/round1-8-64/production/zrc64_T6000_v095_s17/jobs/zrc64_T6000_v095_s17/production/attempt-01/sampling/frames.extxyz,ebfa194f0d83eb7ec3df31489d43cf1768b9a48d0c55db95d8af2f4e79e8302b,,unassigned,10,stratified_SOAP_FPS,17,0.08043041783907345
zrc64_T3000_v095_s17_f0040,zrc64_T3000_v095_s17,64,3000,0.95,17,development,zrc64_v095_s17_heating,40,2000.0,4000,3537.3465700487445,-9.24586296081543,29.827536715434256,7.4294328689575195,1.9519753980615016,2.6888296887644434,2.818023396875,4bfe48a972039470bdd9c0348bb6cf5e1415cf1705b5849cbdc2fe08b02cf112,hpc/results/round1-8-64/production/zrc64_T3000_v095_s17/jobs/zrc64_T3000_v095_s17/production/attempt-01/sampling/frames.extxyz,38d42f886936a7c5334dbee7f9fc2d38457e89614c905ba8d473d57ee3aee2bb,,unassigned,11,stratified_SOAP_FPS,17,0.029237823628353473
zrc64_T0300_v095_s17_f0150,zrc64_T0300_v095_s17,64,300,0.95,17,development,zrc64_v095_s17_heating,150,7500.0,15000,240.52305557721652,-9.650367736816406,15.122061729431152,2.163243293762207,2.187306485963297,3.08995985801865,3.12025796227728,91c73a38d9a211c724feabf145527732d369d16a054d0e0b5276a50b22ad2aa0,experiments/zrc_mace_round1/jobs/zrc64_T0300_v095_s17/production/attempt-01/sampling/frames.extxyz,29fc41d9fad7160ccd2375073663700da24320df162982d90ed67297d635bd7d,,unassigned,12,stratified_SOAP_FPS,17,0.029405677779552747
zrc64_T0300_v100_s17_f0020,zrc64_T0300_v100_s17,64,300,1.0,17,development,zrc64_v100_s17_heating,20,1000.0,2000,279.2662867829599,-9.68071174621582,1.4001381397247314,1.7443382740020752,2.2121303722554955,3.174776847911745,3.214055866668665,24622ef0add572f2a1c59b038ba9e7eb8687dd260de919d6ac991e67bc1202f8,experiments/zrc_mace_round1/jobs/zrc64_T0300_v100_s17/production/attempt-01/sampling/frames.extxyz,b0e19e781d665d4f92fb7606a1fa566d8357e4b8f1c5799a79f193aea3456c2f,,unassigned,13,stratified_SOAP_FPS,17,0.033328221198818425
zrc64_T5250_v095_s17_f0100,zrc64_T5250_v095_s17,64,5250,0.95,17,development,zrc64_v095_s17_heating,100,5000.0,10000,5580.723520222994,-8.281623840332031,45.76414694980749,12.683792114257812,1.823437132371246,1.2516157179434864,2.441212820344648,d58d83e26e160f09904f0b1e499ede0ee287126d3a8a60e023fb6646cc9159b2,hpc/results/round1-8-64/production/zrc64_T5250_v095_s17/jobs/zrc64_T5250_v095_s17/production/attempt-01/sampling/frames.extxyz,7fdbc9fc59e3288da3c2fc653d1ed8709f0feeca8bf1573cf734a243a8eea755,,unassigned,14,stratified_SOAP_FPS,17,0.08278099363305766
zrc64_T0300_v105_s17_f0035,zrc64_T0300_v105_s17,64,300,1.05,17,development,zrc64_v105_s17_heating,35,1750.0,3500,310.9935030550337,-9.658937454223633,-8.819758415222168,1.7794971466064453,2.248525059365462,3.213097293583193,3.2378612063478163,66a1de4f0c84f3afbbd2b2ffc3d3abe36a42127c1da4cd3c218048a8a3188201,experiments/zrc_mace_round1/jobs/zrc64_T0300_v105_s17/production/attempt-01/sampling/frames.extxyz,2e6224250d01b866f883442edea3e0ecd17b582eb99446eca08ba48b95249e08,,unassigned,15,stratified_SOAP_FPS,17,0.02836910765995816
zrc64_T5250_v105_s17_f0130,zrc64_T5250_v105_s17,64,5250,1.05,17,development,zrc64_v105_s17_heating,130,6500.0,13000,4942.312074228499,-8.258811950683594,24.50003541808156,9.461159706115723,1.86272253651547,1.2126192065338788,2.325025561229825,5ffd67660e785fc34af593228a4560e50df1e0de2dc04d0c39377b8ea1e56faf,hpc/results/round1-8-64/production/zrc64_T5250_v105_s17/jobs/zrc64_T5250_v105_s17/production/attempt-01/sampling/frames.extxyz,98513e4ef98528a1f91bcd1e3ab3c9da409ecdb19122d0f4eb5d882dd43afa8e,,unassigned,16,stratified_SOAP_FPS,17,0.06996728070631789
zrc64_T4500_v095_s17_f0020,zrc64_T4500_v095_s17,64,4500,0.95,17,development,zrc64_v095_s17_heating,20,1000.0,2000,4602.701837833053,-9.016511917114258,36.843436249375465,7.994457244873047,1.8952346636530877,1.5210445470882965,2.7496419937762457,02d12b6451dfd8134e204f37a6db6bd144300d467bf8114b573c28d2514e5bed,hpc/results/round1-8-64/production/zrc64_T4500_v095_s17/jobs/zrc64_T4500_v095_s17/production/attempt-01/sampling/frames.extxyz,65116dd3c23f7ea4f37d5e963453d34409098eb6bae1ff570fe77bb92b99e81a,,unassigned,17,stratified_SOAP_FPS,17,0.06475890042254662
zrc64_T4500_v105_s17_f0020,zrc64_T4500_v105_s17,64,4500,1.05,17,development,zrc64_v105_s17_heating,20,1000.0,2000,4145.796620565565,-8.822909355163574,17.857363511175148,9.29629135131836,1.860529972156709,1.3164573809936027,2.6800317979094332,1ce5914d40e3c2b1295e13a102ffa9f4f947ded940484feb71b90d9742e2df0c,hpc/results/round1-8-64/production/zrc64_T4500_v105_s17/jobs/zrc64_T4500_v105_s17/production/attempt-01/sampling/frames.extxyz,05e37e3688bdce1195b166c3cdb4e0b2767bce96dc36f5029349686ffc9fba78,,unassigned,18,stratified_SOAP_FPS,17,0.07195717530233782
zrc64_T3000_v100_s17_f0020,zrc64_T3000_v100_s17,64,3000,1.0,17,development,zrc64_v100_s17_heating,20,1000.0,2000,2959.289137646129,-9.25102710723877,16.306088715395322,6.822210311889648,1.9700438285961974,2.5880480033433297,2.8825348744703128,11a38df5324bed1b7a7fc1b735cdbe33738540a5839f36a6c2cc5bdc8fe4a3de,hpc/results/round1-8-64/production/zrc64_T3000_v100_s17/jobs/zrc64_T3000_v100_s17/production/attempt-01/sampling/frames.extxyz,a4444c4024dfaef8af475d257202e4ec0c331a45e9426cd5c950944caa131eaa,,unassigned,19,stratified_SOAP_FPS,17,0.026047265120276997
zrc64_T5250_v095_s17_f0130,zrc64_T5250_v095_s17,64,5250,0.95,17,development,zrc64_v095_s17_heating,130,6500.0,13000,5505.853105230525,-8.096837997436523,43.71954202835305,9.94694995880127,1.7772229908492378,1.2783116859546075,2.363780532729245,fcd569706541d495617db330f05c5a66446aede84ad482129bec954927d637c0,hpc/results/round1-8-64/production/zrc64_T5250_v095_s17/jobs/zrc64_T5250_v095_s17/production/attempt-01/sampling/frames.extxyz,7fdbc9fc59e3288da3c2fc653d1ed8709f0feeca8bf1573cf734a243a8eea755,,unassigned,20,stratified_SOAP_FPS,17,0.07308822795222479
zrc64_T0300_v105_s17_f0030,zrc64_T0300_v105_s17,64,300,1.05,17,development,zrc64_v105_s17_heating,30,1500.0,3000,303.8238636552971,-9.64461898803711,-8.393218040466309,1.9891026020050049,2.166524464898071,3.173381683579011,3.228829415612599,58d0e30e5ed635159892a1d925f7842c1b1f162db6d82e90f9ae7c51510fcaf9,experiments/zrc_mace_round1/jobs/zrc64_T0300_v105_s17/production/attempt-01/sampling/frames.extxyz,2e6224250d01b866f883442edea3e0ecd17b582eb99446eca08ba48b95249e08,,unassigned,21,stratified_SOAP_FPS,17,0.010260653181773516
zrc64_T4500_v105_s17_f0070,zrc64_T4500_v105_s17,64,4500,1.05,17,development,zrc64_v105_s17_heating,70,3500.0,7000,4047.358958165984,-8.964923858642578,15.865388397398066,11.04238224029541,1.8717995109985823,1.3193851199904072,2.769427706291384,02b2c71bed1991369fb6c006ee6d52359c745970d33144b259ab877aeb067104,hpc/results/round1-8-64/production/zrc64_T4500_v105_s17/jobs/zrc64_T4500_v105_s17/production/attempt-01/sampling/frames.extxyz,05e37e3688bdce1195b166c3cdb4e0b2767bce96dc36f5029349686ffc9fba78,,unassigned,22,stratified_SOAP_FPS,17,0.05611623167143345
zrc64_T1500_v100_s17_f0035,zrc64_T1500_v100_s17,64,1500,1.0,17,development,zrc64_v100_s17_heating,35,1750.0,3500,1434.2261834938308,-9.58031940460205,5.6625438398081815,4.6067352294921875,2.0385007530793,2.994315177780649,3.0628887703160914,1c16b6eaf49e6114d0d282c9424ab3c4f3b8c2e17ffeba794798d00fa9d54a57,hpc/results/round1-8-64/production/zrc64_T1500_v100_s17/jobs/zrc64_T1500_v100_s17/production/attempt-01/sampling/frames.extxyz,0b57a9d22d7e8c7db61735858cc30505ba173d07c1c4a6e396f17041a99b84e2,,unassigned,23,stratified_SOAP_FPS,17,0.013260799430354782
zrc64_T0300_v095_s17_f0140,zrc64_T0300_v095_s17,64,300,0.95,17,development,zrc64_v095_s17_heating,140,7000.0,14000,281.42317541487716,-9.648665428161621,15.154378890991211,2.0095534324645996,2.1724338132285053,3.0880817992909813,3.145535070537928,63fdfd70f17df00b271e65d445a9c843d548ee3f88071c7b7da24ba32a8916de,experiments/zrc_mace_round1/jobs/zrc64_T0300_v095_s17/production/attempt-01/sampling/frames.extxyz,29fc41d9fad7160ccd2375073663700da24320df162982d90ed67297d635bd7d,,unassigned,24,stratified_SOAP_FPS,17,0.006733445749860368
zrc64_T6000_v105_s17_f0080,zrc64_T6000_v105_s17,64,6000,1.05,17,development,zrc64_v105_s17_heating,80,4000.0,8000,4924.270352643925,-7.990839958190918,25.017773723323987,8.439188003540039,1.9304881522032842,1.281478197267113,2.1271103391348047,4785fde21d26b3696de0645ad1ef88c19fdf8f7f0bf4124baefb377e28e7e726,hpc/results/round1-8-64/production/zrc64_T6000_v105_s17/jobs/zrc64_T6000_v105_s17/production/attempt-01/sampling/frames.extxyz,ef738ec6f25e619a80c636ce84ec0302c99d26bcf9231bfb5a2f7e421275dfdc,,unassigned,25,stratified_SOAP_FPS,17,0.06999254826951876
zrc64_T5250_v105_s17_f0180,zrc64_T5250_v105_s17,64,5250,1.05,17,development,zrc64_v105_s17_heating,180,9000.0,18000,4778.154482214566,-8.15783977508545,24.608806429705385,12.136740684509277,1.7715855630374422,1.2595294985195697,2.3034939002211745,afb40a020e5ddc07d795e1d2f43a12ef5566d439c4267d4986761e65157c13aa,hpc/results/round1-8-64/production/zrc64_T5250_v105_s17/jobs/zrc64_T5250_v105_s17/production/attempt-01/sampling/frames.extxyz,98513e4ef98528a1f91bcd1e3ab3c9da409ecdb19122d0f4eb5d882dd43afa8e,,unassigned,26,stratified_SOAP_FPS,17,0.06725660760198317
zrc64_T6000_v100_s17_f0155,zrc64_T6000_v100_s17,64,6000,1.0,17,development,zrc64_v100_s17_heating,155,7750.0,15500,5581.090984561991,-8.075616836547852,38.593814710835325,9.943000793457031,1.852737363512166,1.2156506851777553,2.2357535981850827,1c646314cdbaca07b370fc88355224ed9e4a772e95813aa735bb0c69625ad06e,hpc/results/round1-8-64/production/zrc64_T6000_v100_s17/jobs/zrc64_T6000_v100_s17/production/attempt-01/sampling/frames.extxyz,41599cc730e48121c4bdac3bc09d76b684d95a277e129cddc8adb7f46e6d0946,,unassigned,27,stratified_SOAP_FPS,17,0.06398478590282283
zrc64_T0300_v100_s17_f0190,zrc64_T0300_v100_s17,64,300,1.0,17,development,zrc64_v100_s17_heating,190,9500.0,19000,291.8211784738539,-9.669743537902832,1.6175956726074219,2.0542123317718506,2.1858041484266932,3.1759210674863616,3.1765793192450102,e1eb59144ca7351d9f65bfc9ac99db8fb4ceea34dc8da37ee1b74786e37bd2b1,experiments/zrc_mace_round1/jobs/zrc64_T0300_v100_s17/production/attempt-01/sampling/frames.extxyz,b0e19e781d665d4f92fb7606a1fa566d8357e4b8f1c5799a79f193aea3456c2f,,unassigned,28,stratified_SOAP_FPS,17,0.007522311567447322
zrc64_T3000_v105_s17_f0025,zrc64_T3000_v105_s17,64,3000,1.05,17,development,zrc64_v105_s17_heating,25,1250.0,2500,3333.8165054585343,-9.387523651123047,2.599141902351039,5.058358669281006,2.0644257369927566,2.8455491106609543,2.9040656757376233,ff85e228e43795da0ff88454f33710c202bd25e7004e27c68908edd922c9c43f,hpc/results/round1-8-64/production/zrc64_T3000_v105_s17/jobs/zrc64_T3000_v105_s17/production/attempt-01/sampling/frames.extxyz,b4dccb6801af5c2276e8bda38746a4f6f66326b38d4a2344115b8b88f363d665,,unassigned,29,stratified_SOAP_FPS,17,0.02196689871218718
zrc64_T1500_v105_s17_f0085,zrc64_T1500_v105_s17,64,1500,1.05,17,development,zrc64_v105_s17_heating,85,4250.0,8500,1635.3211582243182,-9.464436531066895,-1.3511211295481875,4.769027233123779,2.0130336317782658,2.8969724429681176,3.0487276291784253,d7532410bf3597ae3b8a03ea0d00ef5e9bf8d1468ca3066e81dd48d0d579abe2,hpc/results/round1-8-64/production/zrc64_T1500_v105_s17/jobs/zrc64_T1500_v105_s17/production/attempt-01/sampling/frames.extxyz,d28a4f0a705320a646044b919cebe9286d070451f48feede258cfdd61a8ba8f5,,unassigned,30,stratified_SOAP_FPS,17,0.017821749261518027
zrc64_T5250_v100_s17_f0010,zrc64_T5250_v100_s17,64,5250,1.0,17,development,zrc64_v100_s17_heating,10,500.0,1000,5135.063562972283,-8.727621078491211,30.19490617874849,10.469423294067383,1.861360007786885,1.254705854787087,2.6252054855879874,41be4fe10dfc88bc643908ada62289515e8984c1027dafe092ca2281e967ff7c,hpc/results/round1-8-64/production/zrc64_T5250_v100_s17/jobs/zrc64_T5250_v100_s17/production/attempt-01/sampling/frames.extxyz,c105336a4968370fe0edbeab8640489ed047806d76ff10421d0ca32fae09eea0,,unassigned,31,stratified_SOAP_FPS,17,0.06677738955361082
zrc64_T3000_v095_s17_f0110,zrc64_T3000_v095_s17,64,3000,0.95,17,development,zrc64_v095_s17_heating,110,5500.0,11000,3136.9397376639336,-9.27061939239502,29.4725961165869,7.185584545135498,1.9167128915092548,2.84750027383898,2.785857268467128,2644d9f86f9bcafe5e1557a5cd1e63679b02e97dc19355373958c53fa689786a,hpc/results/round1-8-64/production/zrc64_T3000_v095_s17/jobs/zrc64_T3000_v095_s17/production/attempt-01/sampling/frames.extxyz,38d42f886936a7c5334dbee7f9fc2d38457e89614c905ba8d473d57ee3aee2bb,,unassigned,32,stratified_SOAP_FPS,17,0.017052882187908736
zrc64_T6000_v095_s17_f0015,zrc64_T6000_v095_s17,64,6000,0.95,17,development,zrc64_v095_s17_heating,15,750.0,1500,6133.185170693796,-7.834315299987793,49.41064559278123,14.44262409210205,1.6548732342156052,1.2652162448767972,2.302671802608604,f693fb96b1a7e6eacf55379f9611ff4e1fa2d3051476989add65f6cdd47fb8ac,hpc/results/round1-8-64/production/zrc64_T6000_v095_s17/jobs/zrc64_T6000_v095_s17/production/attempt-01/sampling/frames.extxyz,ebfa194f0d83eb7ec3df31489d43cf1768b9a48d0c55db95d8af2f4e79e8302b,,unassigned,33,stratified_SOAP_FPS,17,0.06679243842349425
zrc64_T4500_v095_s17_f0180,zrc64_T4500_v095_s17,64,4500,0.95,17,development,zrc64_v095_s17_heating,180,9000.0,18000,4896.307383466748,-8.995349884033203,33.2223400158635,8.997953414916992,1.8308458311228717,2.1934557475798293,2.7402048425445056,03225c336885b9384a966bacf331d6a3ac606985909a1c4dbe76dd8c953611ad,hpc/results/round1-8-64/production/zrc64_T4500_v095_s17/jobs/zrc64_T4500_v095_s17/production/attempt-01/sampling/frames.extxyz,65116dd3c23f7ea4f37d5e963453d34409098eb6bae1ff570fe77bb92b99e81a,,unassigned,34,stratified_SOAP_FPS,17,0.03806329463623318
zrc64_T1500_v095_s17_f0035,zrc64_T1500_v095_s17,64,1500,0.95,17,development,zrc64_v095_s17_heating,35,1750.0,3500,1380.2168410013646,-9.537117958068848,19.881186546321565,4.444784164428711,2.0725985861731737,2.910919140616377,2.988226307167008,9503c6df6b542297dd5c1389f3d18e4fdb0e1657649cceeec368b5db5a332f0d,hpc/results/round1-8-64/production/zrc64_T1500_v095_s17/jobs/zrc64_T1500_v095_s17/production/attempt-01/sampling/frames.extxyz,5b28004032b343dfef216429d4e0761a24384595070cb03a21afa3c444c24067,,unassigned,35,stratified_SOAP_FPS,17,0.013322328864546339
zrc64_T4500_v100_s17_f0010,zrc64_T4500_v100_s17,64,4500,1.0,17,development,zrc64_v100_s17_heating,10,500.0,1000,3905.2001191426525,-8.853416442871094,28.29072044533169,8.447429656982422,1.8805222699087674,1.338896564310329,2.562572265312685,e743ba3d2a25037f4f68236e11cd846616159dae98b37eba6384a104f658a5fb,hpc/results/round1-8-64/production/zrc64_T4500_v100_s17/jobs/zrc64_T4500_v100_s17/production/attempt-01/sampling/frames.extxyz,b5f6ee0648c369753023d9323aabfe46cfd7612607cbea2ffbfb15a993519ff2,,unassigned,36,stratified_SOAP_FPS,17,0.05164536018773474
zrc64_T1500_v100_s17_f0090,zrc64_T1500_v100_s17,64,1500,1.0,17,development,zrc64_v100_s17_heating,90,4500.0,9000,1103.1825172737301,-9.516040802001953,6.479591951265143,4.991501808166504,2.0447464555731094,2.84164511075051,3.031268211575257,45e9a0086c212074a7ae298697350309dbdfd47cfb921e807d13f2af0f753913,hpc/results/round1-8-64/production/zrc64_T1500_v100_s17/jobs/zrc64_T1500_v100_s17/production/attempt-01/sampling/frames.extxyz,0b57a9d22d7e8c7db61735858cc30505ba173d07c1c4a6e396f17041a99b84e2,,unassigned,37,stratified_SOAP_FPS,17,0.012201131364604522
zrc64_T3000_v100_s17_f0195,zrc64_T3000_v100_s17,64,3000,1.0,17,development,zrc64_v100_s17_heating,195,9750.0,19500,3286.4890595141133,-9.375368118286133,12.635698257457044,6.766483783721924,1.9698700401326483,2.8246661851057007,2.807869951852451,1f60a480170fd4c069c70f77e877447a7b00d27a544686082deb0985c1293bb1,hpc/results/round1-8-64/production/zrc64_T3000_v100_s17/jobs/zrc64_T3000_v100_s17/production/attempt-01/sampling/frames.extxyz,a4444c4024dfaef8af475d257202e4ec0c331a45e9426cd5c950944caa131eaa,,unassigned,38,stratified_SOAP_FPS,17,0.018812861855712217
zrc64_T4500_v105_s17_f0120,zrc64_T4500_v105_s17,64,4500,1.05,17,development,zrc64_v105_s17_heating,120,6000.0,12000,6551.286395241184,-8.927454948425293,16.363757838619257,6.0047736167907715,1.9011645674095559,1.3131405727383392,2.6158067807989185,297dc245a0ca0d1dc79f88eaf050748282008beebad30e091403dcb2118310f0,hpc/results/round1-8-64/production/zrc64_T4500_v105_s17/jobs/zrc64_T4500_v105_s17/production/attempt-01/sampling/frames.extxyz,05e37e3688bdce1195b166c3cdb4e0b2767bce96dc36f5029349686ffc9fba78,,unassigned,39,stratified_SOAP_FPS,17,0.047866363674932834
zrc64_T5250_v100_s17_f0145,zrc64_T5250_v100_s17,64,5250,1.0,17,development,zrc64_v100_s17_heating,145,7250.0,14500,5249.380723840783,-8.292686462402344,30.820417181822368,9.324755668640137,1.862578190904081,1.263333156576313,2.407007689899622,65ccd15613966bfa5ec7774e3c944503447f738781f1b9003d80f91e745a474a,hpc/results/round1-8-64/production/zrc64_T5250_v100_s17/jobs/zrc64_T5250_v100_s17/production/attempt-01/sampling/frames.extxyz,c105336a4968370fe0edbeab8640489ed047806d76ff10421d0ca32fae09eea0,,unassigned,40,stratified_SOAP_FPS,17,0.061673841773586875
zrc64_T3000_v105_s17_f0155,zrc64_T3000_v105_s17,64,3000,1.05,17,development,zrc64_v105_s17_heating,155,7750.0,15500,3026.7089294454104,-9.34029769897461,4.074144617523558,6.81806755065918,1.960063264578049,2.7832829286612206,2.829252080328645,7bb471e4e9cc467090bdb30d53b46b22b4aeb48406e945b96db91cbff70cac9a,hpc/results/round1-8-64/production/zrc64_T3000_v105_s17/jobs/zrc64_T3000_v105_s17/production/attempt-01/sampling/frames.extxyz,b4dccb6801af5c2276e8bda38746a4f6f66326b38d4a2344115b8b88f363d665,,unassigned,41,stratified_SOAP_FPS,17,0.01767376099120376
zrc64_T3000_v095_s17_f0115,zrc64_T3000_v095_s17,64,3000,0.95,17,development,zrc64_v095_s17_heating,115,5750.0,11500,2510.1967425983976,-9.220160484313965,29.966724751277443,8.176387786865234,1.877343854863728,2.631718620043943,2.816872160476254,e86797068b4acbe32cdf92246cc7254c2c4de0564c53a6f3fa4d2d6e803c0d69,hpc/results/round1-8-64/production/zrc64_T3000_v095_s17/jobs/zrc64_T3000_v095_s17/production/attempt-01/sampling/frames.extxyz,38d42f886936a7c5334dbee7f9fc2d38457e89614c905ba8d473d57ee3aee2bb,,unassigned,42,stratified_SOAP_FPS,17,0.015679617973760742
zrc64_T6000_v100_s17_f0060,zrc64_T6000_v100_s17,64,6000,1.0,17,development,zrc64_v100_s17_heating,60,3000.0,6000,5454.345287222634,-8.197627067565918,33.9203036740906,10.863419532775879,1.854142909624498,1.217630263809758,2.355896789024353,76729989ca952ef19696c5b3a22b8ea08fbeb0971305768103cdeebddb8deedd,hpc/results/round1-8-64/production/zrc64_T6000_v100_s17/jobs/zrc64_T6000_v100_s17/production/attempt-01/sampling/frames.extxyz,41599cc730e48121c4bdac3bc09d76b684d95a277e129cddc8adb7f46e6d0946,,unassigned,43,stratified_SOAP_FPS,17,0.05934498308051703
zrc64_T4500_v095_s17_f0095,zrc64_T4500_v095_s17,64,4500,0.95,17,development,zrc64_v095_s17_heating,95,4750.0,9500,4737.274744950833,-9.091711044311523,33.66829638110724,8.169904708862305,1.8225255727664937,1.8424177789022684,2.7763613802856595,12483361d7afa703ba3848f95fc791b12a7f969e66d3b0234882dc74f7122486,hpc/results/round1-8-64/production/zrc64_T4500_v095_s17/jobs/zrc64_T4500_v095_s17/production/attempt-01/sampling/frames.extxyz,65116dd3c23f7ea4f37d5e963453d34409098eb6bae1ff570fe77bb92b99e81a,,unassigned,44,stratified_SOAP_FPS,17,0.031107450695791
zrc64_T5250_v095_s17_f0190,zrc64_T5250_v095_s17,64,5250,0.95,17,development,zrc64_v095_s17_heating,190,9500.0,19000,5107.394314933385,-8.30595588684082,41.937363139238464,10.748355865478516,1.8632558638665977,1.3247080807226095,2.317173990802886,45875f6e329fd63b2a5a0decfa74b4e8c32dfe372c4c4eecf9dd14d4fb5369b0,hpc/results/round1-8-64/production/zrc64_T5250_v095_s17/jobs/zrc64_T5250_v095_s17/production/attempt-01/sampling/frames.extxyz,7fdbc9fc59e3288da3c2fc653d1ed8709f0feeca8bf1573cf734a243a8eea755,,unassigned,45,stratified_SOAP_FPS,17,0.06527257796899096
zrc64_T1500_v105_s17_f0065,zrc64_T1500_v105_s17,64,1500,1.05,17,development,zrc64_v105_s17_heating,65,3250.0,6500,1424.9023641586755,-9.490327835083008,-2.774593423627952,6.026583671569824,1.9571636097262919,2.9436919162189237,3.0271396559874817,572e23a7e0d795a9dad594dcdb870b32418ccdb23944e22b4ffee991768238c4,hpc/results/round1-8-64/production/zrc64_T1500_v105_s17/jobs/zrc64_T1500_v105_s17/production/attempt-01/sampling/frames.extxyz,d28a4f0a705320a646044b919cebe9286d070451f48feede258cfdd61a8ba8f5,,unassigned,46,stratified_SOAP_FPS,17,0.014128859749095826
zrc64_T0300_v100_s17_f0165,zrc64_T0300_v100_s17,64,300,1.0,17,development,zrc64_v100_s17_heating,165,8250.0,16500,300.08131804581745,-9.673095703125,1.6438251733779907,1.8121635913848877,2.198719839277912,3.1503273333295327,3.190619688081193,f925c8146145b468500fa714fa79f8f00822886d0faa3c5fdeb1ef351e4dda72,experiments/zrc_mace_round1/jobs/zrc64_T0300_v100_s17/production/attempt-01/sampling/frames.extxyz,b0e19e781d665d4f92fb7606a1fa566d8357e4b8f1c5799a79f193aea3456c2f,,unassigned,47,stratified_SOAP_FPS,17,0.004768363626658254
zrc64_T6000_v105_s17_f0185,zrc64_T6000_v105_s17,64,6000,1.05,17,development,zrc64_v105_s17_heating,185,9250.0,18500,7603.9593431010935,-8.080897331237793,31.24449116898259,16.217844009399414,1.6425278190778168,1.3018278117177973,2.5253873805761162,8dbde3a6850044e1f9148eff949cc7cc6bd61135a796d5a6aa4fbf95456a6c64,hpc/results/round1-8-64/production/zrc64_T6000_v105_s17/jobs/zrc64_T6000_v105_s17/production/attempt-01/sampling/frames.extxyz,ef738ec6f25e619a80c636ce84ec0302c99d26bcf9231bfb5a2f7e421275dfdc,,unassigned,48,stratified_SOAP_FPS,17,0.05886598251948293
zrc64_T5250_v105_s17_f0185,zrc64_T5250_v105_s17,64,5250,1.05,17,development,zrc64_v105_s17_heating,185,9250.0,18500,5247.271955327082,-8.349201202392578,24.75651126206024,8.25306224822998,1.826189623241239,1.412485105910754,2.5804003353891716,27a6660d7c0afd41225a9d6171e86770ffaff66a4edf91d9d3757fc335abcc2c,hpc/results/round1-8-64/production/zrc64_T5250_v105_s17/jobs/zrc64_T5250_v105_s17/production/attempt-01/sampling/frames.extxyz,98513e4ef98528a1f91bcd1e3ab3c9da409ecdb19122d0f4eb5d882dd43afa8e,,unassigned,49,stratified_SOAP_FPS,17,0.06575489381616302
zrc64_T0300_v105_s17_f0025,zrc64_T0300_v105_s17,64,300,1.05,17,development,zrc64_v105_s17_heating,25,1250.0,2500,255.0958688828977,-9.652731895446777,-8.718592643737793,1.7538729906082153,2.23079361894169,3.1977343838189616,3.2150259224156637,4d8f845cda6ecf5fdfc53f54ac72c177c8dbcf4eac563d8149b54df59c9f8d4a,experiments/zrc_mace_round1/jobs/zrc64_T0300_v105_s17/production/attempt-01/sampling/frames.extxyz,2e6224250d01b866f883442edea3e0ecd17b582eb99446eca08ba48b95249e08,,unassigned,50,stratified_SOAP_FPS,17,0.006750000485544285
zrc64_T0300_v095_s17_f0135,zrc64_T0300_v095_s17,64,300,0.95,17,development,zrc64_v095_s17_heating,135,6750.0,13500,273.7192677734686,-9.643157005310059,15.425658226013184,2.8444936275482178,2.1502412596331126,3.1120846645946867,3.102422170490017,aca63c37d80646279d139c3825dde91823379e50940e01dddeb51d57ec1df1d6,experiments/zrc_mace_round1/jobs/zrc64_T0300_v095_s17/production/attempt-01/sampling/frames.extxyz,29fc41d9fad7160ccd2375073663700da24320df162982d90ed67297d635bd7d,,unassigned,51,stratified_SOAP_FPS,17,0.00410588660999042
zrc64_T6000_v095_s17_f0100,zrc64_T6000_v095_s17,64,6000,0.95,17,development,zrc64_v095_s17_heating,100,5000.0,10000,5303.747017433234,-8.033287048339844,43.5729713903315,9.749211311340332,1.8160891460543034,1.2538538879304983,2.331861425310152,887236e770a5d8640ab98dab8954ccd6f6abae931fb158fe638e196d321ec921,hpc/results/round1-8-64/production/zrc64_T6000_v095_s17/jobs/zrc64_T6000_v095_s17/production/attempt-01/sampling/frames.extxyz,ebfa194f0d83eb7ec3df31489d43cf1768b9a48d0c55db95d8af2f4e79e8302b,,unassigned,52,stratified_SOAP_FPS,17,0.06002251664105868
zrc64_T4500_v100_s17_f0140,zrc64_T4500_v100_s17,64,4500,1.0,17,development,zrc64_v100_s17_heating,140,7000.0,14000,3462.975757578845,-9.03268814086914,22.765471749839456,10.807920455932617,1.8598520451698692,1.2799060750762667,2.6128441995576,3af1cf52abe59970b2c314e9f44809f114383fe01ac7f6687e58c5dd51cc0409,hpc/results/round1-8-64/production/zrc64_T4500_v100_s17/jobs/zrc64_T4500_v100_s17/production/attempt-01/sampling/frames.extxyz,b5f6ee0648c369753023d9323aabfe46cfd7612607cbea2ffbfb15a993519ff2,,unassigned,53,stratified_SOAP_FPS,17,0.04462439209154817
zrc64_T1500_v095_s17_f0195,zrc64_T1500_v095_s17,64,1500,0.95,17,development,zrc64_v095_s17_heating,195,9750.0,19500,1521.5509206971253,-9.477888107299805,21.223548554032565,5.627013206481934,2.018559721943268,2.8873301797829973,2.9814786140593115,b36304fb36604c96ee127f48b5130935b0478c4da60a7aca85da11e5dce46251,hpc/results/round1-8-64/production/zrc64_T1500_v095_s17/jobs/zrc64_T1500_v095_s17/production/attempt-01/sampling/frames.extxyz,5b28004032b343dfef216429d4e0761a24384595070cb03a21afa3c444c24067,,unassigned,54,stratified_SOAP_FPS,17,0.011735518386388484
zrc64_T5250_v095_s17_f0085,zrc64_T5250_v095_s17,64,5250,0.95,17,development,zrc64_v095_s17_heating,85,4250.0,8500,5262.7030190685755,-8.496770858764648,42.85181142155808,12.178799629211426,1.7632431250538783,1.409441283812994,2.473058631216398,a5a1e667796f17795821b89a1483fed79723194a5ab1b4e6bec8afd16115a7d5,hpc/results/round1-8-64/production/zrc64_T5250_v095_s17/jobs/zrc64_T5250_v095_s17/production/attempt-01/sampling/frames.extxyz,7fdbc9fc59e3288da3c2fc653d1ed8709f0feeca8bf1573cf734a243a8eea755,,unassigned,55,stratified_SOAP_FPS,17,0.06480931390385532
zrc64_T6000_v095_s17_f0120,zrc64_T6000_v095_s17,64,6000,0.95,17,development,zrc64_v095_s17_heating,120,6000.0,12000,5807.115564748279,-7.85279655456543,45.43182992979446,9.685626983642578,1.8572892936697916,1.306394896847216,2.1063177221223772,01e23c6d3e66cfc96169ee424258958d6949860a779fd5195120bb94381daea0,hpc/results/round1-8-64/production/zrc64_T6000_v095_s17/jobs/zrc64_T6000_v095_s17/production/attempt-01/sampling/frames.extxyz,ebfa194f0d83eb7ec3df31489d43cf1768b9a48d0c55db95d8af2f4e79e8302b,,unassigned,56,stratified_SOAP_FPS,17,0.056995663143545275
zrc64_T0300_v105_s17_f0145,zrc64_T0300_v105_s17,64,300,1.05,17,development,zrc64_v105_s17_heating,145,7250.0,14500,292.53694250470784,-9.65566635131836,-8.598146438598633,2.141376495361328,2.192511965071401,3.1744947033038993,3.2252475732268238,76930d5326d19307a679594b23425aa2c9dbf3983bf812417b1b66fd882c215a,experiments/zrc_mace_round1/jobs/zrc64_T0300_v105_s17/production/attempt-01/sampling/frames.extxyz,2e6224250d01b866f883442edea3e0ecd17b582eb99446eca08ba48b95249e08,,unassigned,57,stratified_SOAP_FPS,17,0.005028685246993713
zrc64_T1500_v100_s17_f0075,zrc64_T1500_v100_s17,64,1500,1.0,17,development,zrc64_v100_s17_heating,75,3750.0,7500,1419.473803113714,-9.506326675415039,7.612969141445263,6.126962661743164,1.9984871314746306,2.800008515308272,2.908367994832823,d273b9bbdca74a05430964a23b6d11a479c3b3223f8c8cbe4480998add526d42,hpc/results/round1-8-64/production/zrc64_T1500_v100_s17/jobs/zrc64_T1500_v100_s17/production/attempt-01/sampling/frames.extxyz,0b57a9d22d7e8c7db61735858cc30505ba173d07c1c4a6e396f17041a99b84e2,,unassigned,58,stratified_SOAP_FPS,17,0.010029493451991426
zrc64_T0300_v100_s17_f0005,zrc64_T0300_v100_s17,64,300,1.0,17,development,zrc64_v100_s17_heating,5,250.0,500,299.43956967698244,-9.674966812133789,1.5111582279205322,1.980086088180542,2.192738473060321,3.177417298572453,3.20822698656089,6fe6d2458d0645d51906bf0046de8620b3434a344af1a0f015fe4bca4874ba42,experiments/zrc_mace_round1/jobs/zrc64_T0300_v100_s17/production/attempt-01/sampling/frames.extxyz,b0e19e781d665d4f92fb7606a1fa566d8357e4b8f1c5799a79f193aea3456c2f,,unassigned,59,stratified_SOAP_FPS,17,0.00453303693000412
zrc64_T4500_v105_s17_f0170,zrc64_T4500_v105_s17,64,4500,1.05,17,development,zrc64_v105_s17_heating,170,8500.0,17000,3948.507568238517,-8.957489013671875,13.027526814940753,7.887330055236816,1.9162519860455336,1.3652475980384644,2.8200615599341217,f9c3488c46d03a2cae53eb4e54276dd95acbd3bc5d659584bd0a8aea427682d4,hpc/results/round1-8-64/production/zrc64_T4500_v105_s17/jobs/zrc64_T4500_v105_s17/production/attempt-01/sampling/frames.extxyz,05e37e3688bdce1195b166c3cdb4e0b2767bce96dc36f5029349686ffc9fba78,,unassigned,60,stratified_SOAP_FPS,17,0.044984131544797065
zrc64_T1500_v095_s17_f0095,zrc64_T1500_v095_s17,64,1500,0.95,17,development,zrc64_v095_s17_heating,95,4750.0,9500,1601.6075045456264,-9.516826629638672,20.53047391394722,5.450742721557617,2.018432245973771,2.8377054262524033,2.988294702551212,d75cd51911092e3f9ca9c3f199f12a049fcc65e89dc352d72c22252e3ac07e3f,hpc/results/round1-8-64/production/zrc64_T1500_v095_s17/jobs/zrc64_T1500_v095_s17/production/attempt-01/sampling/frames.extxyz,5b28004032b343dfef216429d4e0761a24384595070cb03a21afa3c444c24067,,unassigned,61,stratified_SOAP_FPS,17,0.009432903745343744
zrc64_T5250_v105_s17_f0020,zrc64_T5250_v105_s17,64,5250,1.05,17,development,zrc64_v105_s17_heating,20,1000.0,2000,4491.058043651241,-8.219332695007324,23.175329623846977,16.566024780273438,1.6749507562549266,1.3146802165725067,2.451415004507012,361144f9e56b3bd03d9324205c6d6adb48acf4f18a720fa70219252d4fa985d1,hpc/results/round1-8-64/production/zrc64_T5250_v105_s17/jobs/zrc64_T5250_v105_s17/production/attempt-01/sampling/frames.extxyz,98513e4ef98528a1f91bcd1e3ab3c9da409ecdb19122d0f4eb5d882dd43afa8e,,unassigned,62,stratified_SOAP_FPS,17,0.057755319138934134
zrc64_T6000_v100_s17_f0025,zrc64_T6000_v100_s17,64,6000,1.0,17,development,zrc64_v100_s17_heating,25,1250.0,2500,5892.078495873979,-8.060506820678711,36.83614395869043,7.3615946769714355,1.8731704170886443,1.2497861468868587,2.173937929424152,456b633fab54255941a336bc4ac8a15538243838f226be1f2dd587984b10e4dc,hpc/results/round1-8-64/production/zrc64_T6000_v100_s17/jobs/zrc64_T6000_v100_s17/production/attempt-01/sampling/frames.extxyz,41599cc730e48121c4bdac3bc09d76b684d95a277e129cddc8adb7f46e6d0946,,unassigned,63,stratified_SOAP_FPS,17,0.053358042971762464
zrc64_T0300_v095_s17_f0190,zrc64_T0300_v095_s17,64,300,0.95,17,development,zrc64_v095_s17_heating,190,9500.0,19000,271.55831019165606,-9.641833305358887,15.299735069274902,2.874218463897705,2.161861524344937,3.064369223815839,3.083236771593335,928cf87c096dbe9b2336a59dadad235b5858d61b199b22730422a4e9bfc7271b,experiments/zrc_mace_round1/jobs/zrc64_T0300_v095_s17/production/attempt-01/sampling/frames.extxyz,29fc41d9fad7160ccd2375073663700da24320df162982d90ed67297d635bd7d,,unassigned,64,stratified_SOAP_FPS,17,0.0036391188713865872
zrc64_T3000_v100_s17_f0015,zrc64_T3000_v100_s17,64,3000,1.0,17,development,zrc64_v100_s17_heating,15,750.0,1500,3522.554082888451,-9.299651145935059,13.716859044455079,8.657119750976562,1.8636422435541133,2.6685679597852543,2.782264860098233,6cbbf938eeff7fbc9aad72398ba62295e3b04c6314102ec1f5001b93b3d7a98c,hpc/results/round1-8-64/production/zrc64_T3000_v100_s17/jobs/zrc64_T3000_v100_s17/production/attempt-01/sampling/frames.extxyz,a4444c4024dfaef8af475d257202e4ec0c331a45e9426cd5c950944caa131eaa,,unassigned,65,stratified_SOAP_FPS,17,0.015553063613797631
zrc64_T5250_v100_s17_f0105,zrc64_T5250_v100_s17,64,5250,1.0,17,development,zrc64_v100_s17_heating,105,5250.0,10500,6079.793802438926,-8.21059513092041,33.53752781282401,8.63129997253418,1.8456513688158562,1.261218009065682,2.204093720869896,8f27fb13223c2d1d87071cde3780d3fafaefc8a1779cf5dd21ce9440af610aae,hpc/results/round1-8-64/production/zrc64_T5250_v100_s17/jobs/zrc64_T5250_v100_s17/production/attempt-01/sampling/frames.extxyz,c105336a4968370fe0edbeab8640489ed047806d76ff10421d0ca32fae09eea0,,unassigned,66,stratified_SOAP_FPS,17,0.05438852864877279
zrc64_T6000_v105_s17_f0025,zrc64_T6000_v105_s17,64,6000,1.05,17,development,zrc64_v105_s17_heating,25,1250.0,2500,5846.132447138951,-8.145174026489258,22.81603154677686,10.697253227233887,1.8378299818473927,1.3057532889100358,2.1163235072923876,940054f71a3d64979351c94123aa1dd613a90cffaa3f26dc1def6db9f68a2ae9,hpc/results/round1-8-64/production/zrc64_T6000_v105_s17/jobs/zrc64_T6000_v105_s17/production/attempt-01/sampling/frames.extxyz,ef738ec6f25e619a80c636ce84ec0302c99d26bcf9231bfb5a2f7e421275dfdc,,unassigned,67,stratified_SOAP_FPS,17,0.05620874231259617
zrc64_T3000_v105_s17_f0080,zrc64_T3000_v105_s17,64,3000,1.05,17,development,zrc64_v105_s17_heating,80,4000.0,8000,3137.2741071456717,-9.27196979522705,6.281232333498976,8.196182250976562,1.8895886923747924,2.825311874820367,2.7054925951475832,f4f5e3f3b1b5787df876a4bed06fbd4b28a4fdfae32e12d2fdea9c979b925327,hpc/results/round1-8-64/production/zrc64_T3000_v105_s17/jobs/zrc64_T3000_v105_s17/production/attempt-01/sampling/frames.extxyz,b4dccb6801af5c2276e8bda38746a4f6f66326b38d4a2344115b8b88f363d665,,unassigned,68,stratified_SOAP_FPS,17,0.017534654847738054
zrc64_T4500_v095_s17_f0005,zrc64_T4500_v095_s17,64,4500,0.95,17,development,zrc64_v095_s17_heating,5,250.0,500,3819.063293007351,-9.028602600097656,35.150138494402505,12.501935005187988,1.866553405372874,1.2670097915998455,2.5826777049118546,7b1102ca9afb9f369ef1138cada763d90b333a3bb7b618505c797741447a4e69,hpc/results/round1-8-64/production/zrc64_T4500_v095_s17/jobs/zrc64_T4500_v095_s17/production/attempt-01/sampling/frames.extxyz,65116dd3c23f7ea4f37d5e963453d34409098eb6bae1ff570fe77bb92b99e81a,,unassigned,69,stratified_SOAP_FPS,17,0.03110558946708194
zrc64_T3000_v095_s17_f0065,zrc64_T3000_v095_s17,64,3000,0.95,17,development,zrc64_v095_s17_heating,65,3250.0,6500,3088.355541246279,-9.3287935256958,26.954106577589677,8.077588081359863,1.9091634605672343,2.591242912717698,2.8666964584276795,e9a56c9221cb8074cc3817eee9a8b10c5e8b2f696b09afd8b433114456d14b6f,hpc/results/round1-8-64/production/zrc64_T3000_v095_s17/jobs/zrc64_T3000_v095_s17/production/attempt-01/sampling/frames.extxyz,38d42f886936a7c5334dbee7f9fc2d38457e89614c905ba8d473d57ee3aee2bb,,unassigned,70,stratified_SOAP_FPS,17,0.013596982820921998
zrc64_T1500_v105_s17_f0200,zrc64_T1500_v105_s17,64,1500,1.05,17,development,zrc64_v105_s17_heating,200,10000.0,20000,1615.2971928924048,-9.509925842285156,-2.541447778963849,5.422949314117432,1.9666648962178868,2.947972425226959,3.0129109646599677,5e1371931ec6ce509287adede6d9062d548e746e0a1e0327917ef9464909cf79,hpc/results/round1-8-64/production/zrc64_T1500_v105_s17/jobs/zrc64_T1500_v105_s17/production/attempt-01/sampling/frames.extxyz,d28a4f0a705320a646044b919cebe9286d070451f48feede258cfdd61a8ba8f5,,unassigned,71,stratified_SOAP_FPS,17,0.012831106398429989
zrc64_T4500_v100_s17_f0090,zrc64_T4500_v100_s17,64,4500,1.0,17,development,zrc64_v100_s17_heating,90,4500.0,9000,4140.219100817035,-9.022489547729492,23.13554388983897,8.054366111755371,1.9164642633030555,1.5534556599801774,2.6699285423668586,eac33d0e492a4c7ff3133cbe82c32215e3a64e1dd1b0ecb5d118896521ea49ef,hpc/results/round1-8-64/production/zrc64_T4500_v100_s17/jobs/zrc64_T4500_v100_s17/production/attempt-01/sampling/frames.extxyz,b5f6ee0648c369753023d9323aabfe46cfd7612607cbea2ffbfb15a993519ff2,,unassigned,72,stratified_SOAP_FPS,17,0.040636317115283156
zrc64_T4500_v100_s17_f0070,zrc64_T4500_v100_s17,64,4500,1.0,17,development,zrc64_v100_s17_heating,70,3500.0,7000,4813.684210692699,-9.019351959228516,24.541854714384137,8.821576118469238,1.8360312481572534,1.235729030143459,2.531700325251999,72926b3d6f7707f3e43dcece77391e9c194580000b3eb0d18f134724abafd47d,hpc/results/round1-8-64/production/zrc64_T4500_v100_s17/jobs/zrc64_T4500_v100_s17/production/attempt-01/sampling/frames.extxyz,b5f6ee0648c369753023d9323aabfe46cfd7612607cbea2ffbfb15a993519ff2,,unassigned,73,stratified_SOAP_FPS,17,0.03622758026937578
zrc64_T3000_v095_s17_f0075,zrc64_T3000_v095_s17,64,3000,0.95,17,development,zrc64_v095_s17_heating,75,3750.0,7500,3411.2281377911754,-9.311695098876953,27.212784332812458,6.530073642730713,2.0238746446734446,2.7373265768266433,2.8009499964010365,371891d1edd2dfa9c8f1147f600d190bd3c3124a07d342765159b04a43562b6a,hpc/results/round1-8-64/production/zrc64_T3000_v095_s17/jobs/zrc64_T3000_v095_s17/production/attempt-01/sampling/frames.extxyz,38d42f886936a7c5334dbee7f9fc2d38457e89614c905ba8d473d57ee3aee2bb,,unassigned,74,stratified_SOAP_FPS,17,0.01295361851054504
zrc64_T4500_v105_s17_f0115,zrc64_T4500_v105_s17,64,4500,1.05,17,development,zrc64_v105_s17_heating,115,5750.0,11500,4887.855196682316,-9.003966331481934,14.328898662426145,8.5231294631958,1.8935132871371179,1.2776974006408168,2.5793636107202285,a94feec4e7dc80244ef80a631866cfa41f820095ee6c89c40a6695fb8203eff2,hpc/results/round1-8-64/production/zrc64_T4500_v105_s17/jobs/zrc64_T4500_v105_s17/production/attempt-01/sampling/frames.extxyz,05e37e3688bdce1195b166c3cdb4e0b2767bce96dc36f5029349686ffc9fba78,,unassigned,75,stratified_SOAP_FPS,17,0.040590488082926084
zrc64_T0300_v100_s17_f0155,zrc64_T0300_v100_s17,64,300,1.0,17,development,zrc64_v100_s17_heating,155,7750.0,15500,314.589464314084,-9.667302131652832,1.6260910034179688,2.5195140838623047,2.167546605638403,3.1485087797819578,3.1792875459567167,659b6379e1e0eb741d1eba6469a1fded2feb3ed15c22b3df608a921443e6588f,experiments/zrc_mace_round1/jobs/zrc64_T0300_v100_s17/production/attempt-01/sampling/frames.extxyz,b0e19e781d665d4f92fb7606a1fa566d8357e4b8f1c5799a79f193aea3456c2f,,unassigned,76,stratified_SOAP_FPS,17,0.004165787674754136
zrc64_T6000_v095_s17_f0170,zrc64_T6000_v095_s17,64,6000,0.95,17,development,zrc64_v095_s17_heating,170,8500.0,17000,6854.818107494847,-8.015305519104004,48.8099898418495,10.918021202087402,1.7622006007200892,1.3304387731139868,2.4355724699791943,e9a4036cfbeeda0547d6667ecd6352cd5b22c2b258ccfbcabb68a69368961d4a,hpc/results/round1-8-64/production/zrc64_T6000_v095_s17/jobs/zrc64_T6000_v095_s17/production/attempt-01/sampling/frames.extxyz,ebfa194f0d83eb7ec3df31489d43cf1768b9a48d0c55db95d8af2f4e79e8302b,,unassigned,77,stratified_SOAP_FPS,17,0.05600561086657474
zrc64_T5250_v105_s17_f0015,zrc64_T5250_v105_s17,64,5250,1.05,17,development,zrc64_v105_s17_heating,15,750.0,1500,4903.630394294471,-8.256073951721191,21.53048511797722,10.219534873962402,1.7375242891512943,1.3458296001017147,2.312878488493981,e6216eac592e0235c6fa21f2dce6a562e47b4d829419c8f57cc7fe86c56d638a,hpc/results/round1-8-64/production/zrc64_T5250_v105_s17/jobs/zrc64_T5250_v105_s17/production/attempt-01/sampling/frames.extxyz,98513e4ef98528a1f91bcd1e3ab3c9da409ecdb19122d0f4eb5d882dd43afa8e,,unassigned,78,stratified_SOAP_FPS,17,0.05769783202828715
zrc64_T0300_v105_s17_f0075,zrc64_T0300_v105_s17,64,300,1.05,17,development,zrc64_v105_s17_heating,75,3750.0,7500,302.07100348683895,-9.651474952697754,-8.69398307800293,1.9660779237747192,2.203356852817843,3.1686127785291367,3.2257498967718083,5aa0030574d9b0c82dae02528ec59fba31bba7a8a7a3244cb3294333f9e76188,experiments/zrc_mace_round1/jobs/zrc64_T0300_v105_s17/production/attempt-01/sampling/frames.extxyz,2e6224250d01b866f883442edea3e0ecd17b582eb99446eca08ba48b95249e08,,unassigned,79,stratified_SOAP_FPS,17,0.004263574904975405
zrc64_T4500_v095_s17_f0170,zrc64_T4500_v095_s17,64,4500,0.95,17,development,zrc64_v095_s17_heating,170,8500.0,17000,4375.507200190584,-8.953890800476074,36.270625745094925,9.896153450012207,1.9082961946469208,1.8519187368764638,2.6618133640113335,c605f951ea8d075f2ca0b952883852cfec1c62f9454705683f380842b93b59dc,hpc/results/round1-8-64/production/zrc64_T4500_v095_s17/jobs/zrc64_T4500_v095_s17/production/attempt-01/sampling/frames.extxyz,65116dd3c23f7ea4f37d5e963453d34409098eb6bae1ff570fe77bb92b99e81a,,unassigned,80,stratified_SOAP_FPS,17,0.02758390188266284
zrc64_T1500_v095_s17_f0080,zrc64_T1500_v095_s17,64,1500,0.95,17,development,zrc64_v095_s17_heating,80,4000.0,8000,1370.8891758670597,-9.50547981262207,20.78191979610958,5.0489277839660645,2.04519434430712,2.926110843594389,2.977316466489957,41842614d1975c9a262568b69dd7135586619cd009a2c58ce5dc6aa22011bd73,hpc/results/round1-8-64/production/zrc64_T1500_v095_s17/jobs/zrc64_T1500_v095_s17/production/attempt-01/sampling/frames.extxyz,5b28004032b343dfef216429d4e0761a24384595070cb03a21afa3c444c24067,,unassigned,81,stratified_SOAP_FPS,17,0.008501918560406944
zrc64_T6000_v100_s17_f0100,zrc64_T6000_v100_s17,64,6000,1.0,17,development,zrc64_v100_s17_heating,100,5000.0,10000,5772.417350985736,-8.069075584411621,35.64935528979342,11.616339683532715,1.7840543207711017,1.3036972620184932,2.255679755278592,1b3acc161476087f8aad80f39462a046d54ac826930058c0b478c2e8183502de,hpc/results/round1-8-64/production/zrc64_T6000_v100_s17/jobs/zrc64_T6000_v100_s17/production/attempt-01/sampling/frames.extxyz,41599cc730e48121c4bdac3bc09d76b684d95a277e129cddc8adb7f46e6d0946,,unassigned,82,stratified_SOAP_FPS,17,0.05088050601213683
zrc64_T6000_v105_s17_f0035,zrc64_T6000_v105_s17,64,6000,1.05,17,development,zrc64_v105_s17_heating,35,1750.0,3500,6202.690764392465,-8.04699993133545,31.848297518296253,11.4102783203125,1.8028134849535848,1.3275600539453574,2.3402741982192388,70091f5e5608e7b7c0e906d7ea79b8bd249db48d0f1fe809409805c3a402730a,hpc/results/round1-8-64/production/zrc64_T6000_v105_s17/jobs/zrc64_T6000_v105_s17/production/attempt-01/sampling/frames.extxyz,ef738ec6f25e619a80c636ce84ec0302c99d26bcf9231bfb5a2f7e421275dfdc,,unassigned,83,stratified_SOAP_FPS,17,0.05591101193384707
zrc64_T1500_v100_s17_f0140,zrc64_T1500_v100_s17,64,1500,1.0,17,development,zrc64_v100_s17_heating,140,7000.0,14000,1329.2259901336079,-9.523834228515625,8.59882796697335,5.564723968505859,1.9844616198223268,2.9088510818511017,3.0029639547771496,40af84179c694107b3460af58bf57c944f2c85c10d6748445e0a31cb0cf902b6,hpc/results/round1-8-64/production/zrc64_T1500_v100_s17/jobs/zrc64_T1500_v100_s17/production/attempt-01/sampling/frames.extxyz,0b57a9d22d7e8c7db61735858cc30505ba173d07c1c4a6e396f17041a99b84e2,,unassigned,84,stratified_SOAP_FPS,17,0.009354285013538292
zrc64_T5250_v095_s17_f0180,zrc64_T5250_v095_s17,64,5250,0.95,17,development,zrc64_v095_s17_heating,180,9000.0,18000,5216.328906908993,-8.142739295959473,42.044477048306334,8.662954330444336,1.8445515352248176,1.31001318441765,2.27524695797645,519ebdfb4f453f4ec21408bb3ce87d8a7cd7c2aef31acee548a42e45adee3af2,hpc/results/round1-8-64/production/zrc64_T5250_v095_s17/jobs/zrc64_T5250_v095_s17/production/attempt-01/sampling/frames.extxyz,7fdbc9fc59e3288da3c2fc653d1ed8709f0feeca8bf1573cf734a243a8eea755,,unassigned,85,stratified_SOAP_FPS,17,0.06008363981004434
zrc64_T0300_v095_s17_f0120,zrc64_T0300_v095_s17,64,300,0.95,17,development,zrc64_v095_s17_heating,120,6000.0,12000,251.07262474730192,-9.650137901306152,15.125157356262207,2.2200207710266113,2.154416423119999,3.1179244517050737,3.1580110335134686,891ea4c65d3499ce244a00b074ad7afd85d07f202efa7fff03a398b94d01565b,experiments/zrc_mace_round1/jobs/zrc64_T0300_v095_s17/production/attempt-01/sampling/frames.extxyz,29fc41d9fad7160ccd2375073663700da24320df162982d90ed67297d635bd7d,,unassigned,86,stratified_SOAP_FPS,17,0.0033864233154346645
zrc64_T3000_v105_s17_f0180,zrc64_T3000_v105_s17,64,3000,1.05,17,development,zrc64_v105_s17_heating,180,9000.0,18000,2854.1436013727625,-9.307456016540527,3.689661778819274,5.676684856414795,1.9979331534474147,2.6087511088438218,2.8859025472287496,0ff97b9ab0c06aff3fc324653397e77e8d0a92e01af4db2399e8b05b84b9eab7,hpc/results/round1-8-64/production/zrc64_T3000_v105_s17/jobs/zrc64_T3000_v105_s17/production/attempt-01/sampling/frames.extxyz,b4dccb6801af5c2276e8bda38746a4f6f66326b38d4a2344115b8b88f363d665,,unassigned,87,stratified_SOAP_FPS,17,0.01634189984184493
zrc64_T3000_v100_s17_f0110,zrc64_T3000_v100_s17,64,3000,1.0,17,development,zrc64_v100_s17_heating,110,5500.0,11000,2682.5115478675434,-9.324919700622559,15.385702463764504,7.089675426483154,1.8984175819523708,2.688309267527787,2.8428300025415667,3101ca970a7cf076e0a1034f5c79c56e251cc05cadae14051f437cb6edee4440,hpc/results/round1-8-64/production/zrc64_T3000_v100_s17/jobs/zrc64_T3000_v100_s17/production/attempt-01/sampling/frames.extxyz,a4444c4024dfaef8af475d257202e4ec0c331a45e9426cd5c950944caa131eaa,,unassigned,88,stratified_SOAP_FPS,17,0.014352675390981827
zrc64_T5250_v100_s17_f0135,zrc64_T5250_v100_s17,64,5250,1.0,17,development,zrc64_v100_s17_heating,135,6750.0,13500,4519.6412628584485,-8.202421188354492,31.415034428444667,17.209890365600586,1.7210856711124387,1.2723417019836187,2.390045223737392,7a82b317d368a555fd032a1d64e47a391a82e4dbf73aabe593e7ea71dadd19a4,hpc/results/round1-8-64/production/zrc64_T5250_v100_s17/jobs/zrc64_T5250_v100_s17/production/attempt-01/sampling/frames.extxyz,c105336a4968370fe0edbeab8640489ed047806d76ff10421d0ca32fae09eea0,,unassigned,89,stratified_SOAP_FPS,17,0.053947794872771716
zrc64_T1500_v105_s17_f0145,zrc64_T1500_v105_s17,64,1500,1.05,17,development,zrc64_v105_s17_heating,145,7250.0,14500,1546.570537028523,-9.520565032958984,-2.8811681697324225,4.2141852378845215,2.1111340667945298,2.9372784085402466,3.100013496657833,c7e989bb3a82209546aa9f3d251c06141e9ebf616db8694f51246b37782cbbe8,hpc/results/round1-8-64/production/zrc64_T1500_v105_s17/jobs/zrc64_T1500_v105_s17/production/attempt-01/sampling/frames.extxyz,d28a4f0a705320a646044b919cebe9286d070451f48feede258cfdd61a8ba8f5,,unassigned,90,stratified_SOAP_FPS,17,0.011663874476029373
zrc64_T4500_v100_s17_f0045,zrc64_T4500_v100_s17,64,4500,1.0,17,development,zrc64_v100_s17_heating,45,2250.0,4500,4202.599893071851,-8.896921157836914,22.16963570656102,7.805783748626709,1.8668329114293836,1.3085159913993896,2.5750949656167132,416e9d358a2a3c403832155fa626ddd4041a35e24b6b9bc21f6cceef3c226b6b,hpc/results/round1-8-64/production/zrc64_T4500_v100_s17/jobs/zrc64_T4500_v100_s17/production/attempt-01/sampling/frames.extxyz,b5f6ee0648c369753023d9323aabfe46cfd7612607cbea2ffbfb15a993519ff2,,unassigned,91,stratified_SOAP_FPS,17,0.03619011317531254
zrc64_T5250_v095_s17_f0170,zrc64_T5250_v095_s17,64,5250,0.95,17,development,zrc64_v095_s17_heating,170,8500.0,17000,6003.731198531082,-8.349084854125977,40.77761682927668,10.924280166625977,1.9402487391163403,1.2334892760173088,2.533971142461676,260cf502d33232b636e55ae290fa0939bd62024f234bfbe514b8345b39253bf2,hpc/results/round1-8-64/production/zrc64_T5250_v095_s17/jobs/zrc64_T5250_v095_s17/production/attempt-01/sampling/frames.extxyz,7fdbc9fc59e3288da3c2fc653d1ed8709f0feeca8bf1573cf734a243a8eea755,,unassigned,92,stratified_SOAP_FPS,17,0.0557178840545747
zrc64_T3000_v105_s17_f0090,zrc64_T3000_v105_s17,64,3000,1.05,17,development,zrc64_v105_s17_heating,90,4500.0,9000,2803.1792320793757,-9.364121437072754,3.8236329895063217,6.373288631439209,1.931171994651836,2.8508107581160025,2.9698284045066754,99562eb1e92dd2993f6e70a68e4914d1a7108ca5c1c391367825dfe99a580d5a,hpc/results/round1-8-64/production/zrc64_T3000_v105_s17/jobs/zrc64_T3000_v105_s17/production/attempt-01/sampling/frames.extxyz,b4dccb6801af5c2276e8bda38746a4f6f66326b38d4a2344115b8b88f363d665,,unassigned,93,stratified_SOAP_FPS,17,0.01612233498390593
zrc64_T3000_v100_s17_f0150,zrc64_T3000_v100_s17,64,3000,1.0,17,development,zrc64_v100_s17_heating,150,7500.0,15000,3099.6071896582184,-9.29687786102295,16.011654169447343,6.559052467346191,1.9652707588290461,2.808989213610668,2.888886029394997,b851244234e27d1fe27a8ce5bcf6f90836c4ea186467a37437ab349826280356,hpc/results/round1-8-64/production/zrc64_T3000_v100_s17/jobs/zrc64_T3000_v100_s17/production/attempt-01/sampling/frames.extxyz,a4444c4024dfaef8af475d257202e4ec0c331a45e9426cd5c950944caa131eaa,,unassigned,94,stratified_SOAP_FPS,17,0.013661665469061774
zrc64_T6000_v095_s17_f0090,zrc64_T6000_v095_s17,64,6000,0.95,17,development,zrc64_v095_s17_heating,90,4500.0,9000,6989.280806688274,-8.10788631439209,47.15654907886913,11.614205360412598,1.7980509521443537,1.298743181023029,2.34672416434335,86104513513754ee0e92f019b305dcb4e5a9ae2f38d570d0f56b7444df0809bc,hpc/results/round1-8-64/production/zrc64_T6000_v095_s17/jobs/zrc64_T6000_v095_s17/production/attempt-01/sampling/frames.extxyz,ebfa194f0d83eb7ec3df31489d43cf1768b9a48d0c55db95d8af2f4e79e8302b,,unassigned,95,stratified_SOAP_FPS,17,0.05159960878895496
zrc64_T4500_v105_s17_f0110,zrc64_T4500_v105_s17,64,4500,1.05,17,development,zrc64_v105_s17_heating,110,5500.0,11000,4690.404989128814,-8.843259811401367,21.479972197953845,10.945120811462402,1.871682118046362,1.2504880280179909,2.726273711693606,9ce4acb9cbf97f5d5544cb4de3065422b24c0b2f94a73e9c1f5bace946e59934,hpc/results/round1-8-64/production/zrc64_T4500_v105_s17/jobs/zrc64_T4500_v105_s17/production/attempt-01/sampling/frames.extxyz,05e37e3688bdce1195b166c3cdb4e0b2767bce96dc36f5029349686ffc9fba78,,unassigned,96,stratified_SOAP_FPS,17,0.038809495267470524
zrc64_T0300_v105_s17_f0150,zrc64_T0300_v105_s17,64,300,1.05,17,development,zrc64_v105_s17_heating,150,7500.0,15000,286.21028101031885,-9.658475875854492,-8.884370803833008,1.994466781616211,2.2326771153531575,3.191550177765928,3.2451231761811807,437a47ad31bae94ea4e1c8b2b30b8f4bcb2202f2f7857979cf50488835bcd32e,experiments/zrc_mace_round1/jobs/zrc64_T0300_v105_s17/production/attempt-01/sampling/frames.extxyz,2e6224250d01b866f883442edea3e0ecd17b582eb99446eca08ba48b95249e08,,unassigned,97,stratified_SOAP_FPS,17,0.004192147170899657
zrc64_T1500_v100_s17_f0070,zrc64_T1500_v100_s17,64,1500,1.0,17,development,zrc64_v100_s17_heating,70,3500.0,7000,1367.1660248745325,-9.505810737609863,7.7264155429519565,6.5195112228393555,2.0683069863631665,3.0219314704532065,2.9780973279101457,3c3957ecf142800c5ba545a911f5fa837e93c860eec83b850211b313dfb58bcb,hpc/results/round1-8-64/production/zrc64_T1500_v100_s17/jobs/zrc64_T1500_v100_s17/production/attempt-01/sampling/frames.extxyz,0b57a9d22d7e8c7db61735858cc30505ba173d07c1c4a6e396f17041a99b84e2,,unassigned,98,stratified_SOAP_FPS,17,0.008995171463407954
zrc64_T6000_v100_s17_f0105,zrc64_T6000_v100_s17,64,6000,1.0,17,development,zrc64_v100_s17_heating,105,5250.0,10500,5095.896744833186,-8.055619239807129,34.27253295510483,14.765061378479004,1.8161896274416873,1.255922939362959,2.228439599881846,f5e88ba9e47fb9e7167b264b4a3d833a9519fbd9313d435f9fd0b0c679855aa9,hpc/results/round1-8-64/production/zrc64_T6000_v100_s17/jobs/zrc64_T6000_v100_s17/production/attempt-01/sampling/frames.extxyz,41599cc730e48121c4bdac3bc09d76b684d95a277e129cddc8adb7f46e6d0946,,unassigned,99,stratified_SOAP_FPS,17,0.05039923845869723
zrc64_T5250_v100_s17_f0030,zrc64_T5250_v100_s17,64,5250,1.0,17,development,zrc64_v100_s17_heating,30,1500.0,3000,5417.947705781779,-8.432490348815918,32.88193713217189,11.269301414489746,1.8168433575581489,1.3095924767853868,2.5186130207647546,d836a14a00ec840ed6a48b4c6fd74b8d5f1209b66ac9170eab29242d26726c36,hpc/results/round1-8-64/production/zrc64_T5250_v100_s17/jobs/zrc64_T5250_v100_s17/production/attempt-01/sampling/frames.extxyz,c105336a4968370fe0edbeab8640489ed047806d76ff10421d0ca32fae09eea0,,unassigned,100,stratified_SOAP_FPS,17,0.051759543023183856
zrc64_T5250_v105_s17_f0010,zrc64_T5250_v105_s17,64,5250,1.05,17,development,zrc64_v105_s17_heating,10,500.0,1000,5357.202898996042,-8.210598945617676,27.393556683049468,9.370832443237305,1.8101169298894384,1.2973686227411563,2.462638528148368,605ac1ff8cb65fe552cfcbc48cd1b0b0cfce9dd3cb508a52eb2126b87ef26c5b,hpc/results/round1-8-64/production/zrc64_T5250_v105_s17/jobs/zrc64_T5250_v105_s17/production/attempt-01/sampling/frames.extxyz,98513e4ef98528a1f91bcd1e3ab3c9da409ecdb19122d0f4eb5d882dd43afa8e,,unassigned,101,stratified_SOAP_FPS,17,0.05213956151249844
zrc64_T1500_v105_s17_f0185,zrc64_T1500_v105_s17,64,1500,1.05,17,development,zrc64_v105_s17_heating,185,9250.0,18500,1504.7616315188197,-9.509425163269043,-2.674447619190616,4.594461917877197,2.0215974083116084,2.9026806605593367,2.965845001492777,262d5780172cec018579343d7a0b5cf16aab79b52bfb1bb3c2d8ab370b9b3daf,hpc/results/round1-8-64/production/zrc64_T1500_v105_s17/jobs/zrc64_T1500_v105_s17/production/attempt-01/sampling/frames.extxyz,d28a4f0a705320a646044b919cebe9286d070451f48feede258cfdd61a8ba8f5,,unassigned,102,stratified_SOAP_FPS,17,0.01092686066413583
zrc64_T3000_v095_s17_f0145,zrc64_T3000_v095_s17,64,3000,0.95,17,development,zrc64_v095_s17_heating,145,7250.0,14500,3375.0232813948614,-9.360300064086914,26.16204381956282,5.975992679595947,1.9806109628377566,2.8096799144132456,2.9193199650737522,cf50798b93fc57b5e3d55114673406b2b54d12d4d766711c67c778a76866434e,hpc/results/round1-8-64/production/zrc64_T3000_v095_s17/jobs/zrc64_T3000_v095_s17/production/attempt-01/sampling/frames.extxyz,38d42f886936a7c5334dbee7f9fc2d38457e89614c905ba8d473d57ee3aee2bb,,unassigned,103,stratified_SOAP_FPS,17,0.012933583569211558
zrc64_T6000_v105_s17_f0075,zrc64_T6000_v105_s17,64,6000,1.05,17,development,zrc64_v105_s17_heating,75,3750.0,7500,5180.76233570019,-7.958351135253906,31.485974349265135,13.407532691955566,1.7774287494420535,1.1597866320159056,2.3573104987190963,5ca9ce02c83d8952e30ae475af9d187123ac5924360a5b6310ca161fbd3b5c46,hpc/results/round1-8-64/production/zrc64_T6000_v105_s17/jobs/zrc64_T6000_v105_s17/production/attempt-01/sampling/frames.extxyz,ef738ec6f25e619a80c636ce84ec0302c99d26bcf9231bfb5a2f7e421275dfdc,,unassigned,104,stratified_SOAP_FPS,17,0.0525292472487151
zrc64_T1500_v095_s17_f0115,zrc64_T1500_v095_s17,64,1500,0.95,17,development,zrc64_v095_s17_heating,115,5750.0,11500,1339.0340068133357,-9.491873741149902,21.110119490314673,5.509581565856934,2.0614437707529647,2.940699071653118,2.9738174236022163,0873573cee39879943cf2756918af2ce3fa923038f03793f93939d394d3d956b,hpc/results/round1-8-64/production/zrc64_T1500_v095_s17/jobs/zrc64_T1500_v095_s17/production/attempt-01/sampling/frames.extxyz,5b28004032b343dfef216429d4e0761a24384595070cb03a21afa3c444c24067,,unassigned,105,stratified_SOAP_FPS,17,0.008184489394135602
zrc64_T0300_v100_s17_f0125,zrc64_T0300_v100_s17,64,300,1.0,17,development,zrc64_v100_s17_heating,125,6250.0,12500,278.72427793359964,-9.676141738891602,1.4823142290115356,2.019472122192383,2.1745308944403274,3.1233004668347633,3.18756800860998,9d6e7927ebd7b21420a7876c61d4132264ac9db66031f6bd321f6fcf48432d79,experiments/zrc_mace_round1/jobs/zrc64_T0300_v100_s17/production/attempt-01/sampling/frames.extxyz,b0e19e781d665d4f92fb7606a1fa566d8357e4b8f1c5799a79f193aea3456c2f,,unassigned,106,stratified_SOAP_FPS,17,0.003721361368620032
zrc64_T4500_v095_s17_f0040,zrc64_T4500_v095_s17,64,4500,0.95,17,development,zrc64_v095_s17_heating,40,2000.0,4000,4421.525502858468,-8.984598159790039,33.42119618695399,8.342878341674805,1.8662912131909382,1.2913131221565546,2.718406311888671,a2019a29cf22256f70a7a8b84b3fc849aa51417e84c3e5405c3776f55e14f552,hpc/results/round1-8-64/production/zrc64_T4500_v095_s17/jobs/zrc64_T4500_v095_s17/production/attempt-01/sampling/frames.extxyz,65116dd3c23f7ea4f37d5e963453d34409098eb6bae1ff570fe77bb92b99e81a,,unassigned,107,stratified_SOAP_FPS,17,0.02697243025340721
zrc64_T0300_v095_s17_f0070,zrc64_T0300_v095_s17,64,300,0.95,17,development,zrc64_v095_s17_heating,70,3500.0,7000,331.94442053026194,-9.641715049743652,15.443467140197754,2.3559370040893555,2.16886198276974,3.126499785643505,3.139754060092474,41b1d69d52b756a55ce52c6725ac19cecbaf7851c1340849186059390075076d,experiments/zrc_mace_round1/jobs/zrc64_T0300_v095_s17/production/attempt-01/sampling/frames.extxyz,29fc41d9fad7160ccd2375073663700da24320df162982d90ed67297d635bd7d,,unassigned,108,stratified_SOAP_FPS,17,0.00304556366385902
zrc64_T1500_v100_s17_f0115,zrc64_T1500_v100_s17,64,1500,1.0,17,development,zrc64_v100_s17_heating,115,5750.0,11500,1402.199366743533,-9.538213729858398,7.01780872543294,5.034921646118164,2.0367922602043786,2.893412067749397,3.0684616604430865,76829db0e09f703a8e1a9918fe31ce4ce30ac998a1fc80a9ccd0ce4cb1e58549,hpc/results/round1-8-64/production/zrc64_T1500_v100_s17/jobs/zrc64_T1500_v100_s17/production/attempt-01/sampling/frames.extxyz,0b57a9d22d7e8c7db61735858cc30505ba173d07c1c4a6e396f17041a99b84e2,,unassigned,109,stratified_SOAP_FPS,17,0.008944723403049191
zrc64_T6000_v105_s17_f0125,zrc64_T6000_v105_s17,64,6000,1.05,17,development,zrc64_v105_s17_heating,125,6250.0,12500,5988.085625074151,-8.09820556640625,27.5839540060451,16.279502868652344,1.8381319805548642,1.1760564131226359,2.4242443437476826,381fad88391a8043616a351c29dafc8c392b23d978cdfa7c3eb92b400e112e37,hpc/results/round1-8-64/production/zrc64_T6000_v105_s17/jobs/zrc64_T6000_v105_s17/production/attempt-01/sampling/frames.extxyz,ef738ec6f25e619a80c636ce84ec0302c99d26bcf9231bfb5a2f7e421275dfdc,,unassigned,110,stratified_SOAP_FPS,17,0.05237153282764373
zrc64_T0300_v095_s17_f0125,zrc64_T0300_v095_s17,64,300,0.95,17,development,zrc64_v095_s17_heating,125,6250.0,12500,315.2600515775154,-9.647187232971191,15.183324813842773,2.095839262008667,2.1723458445284187,3.108318346746551,3.131953842446705,f1d01826dfda0055a739003beae1aa7fa388e3ccd05e1b37505a37f44d2c6b51,experiments/zrc_mace_round1/jobs/zrc64_T0300_v095_s17/production/attempt-01/sampling/frames.extxyz,29fc41d9fad7160ccd2375073663700da24320df162982d90ed67297d635bd7d,,unassigned,111,stratified_SOAP_FPS,17,0.0029062202764950245
zrc64_T3000_v105_s17_f0065,zrc64_T3000_v105_s17,64,3000,1.05,17,development,zrc64_v105_s17_heating,65,3250.0,6500,2484.0324084601807,-9.307489395141602,3.2304876882440285,8.142827033996582,1.957719437186418,2.6175125559022696,2.8563792447193426,c0908f475d3d08375007155cab359109e020ad4202311cac4ff7654f081dd93a,hpc/results/round1-8-64/production/zrc64_T3000_v105_s17/jobs/zrc64_T3000_v105_s17/production/attempt-01/sampling/frames.extxyz,b4dccb6801af5c2276e8bda38746a4f6f66326b38d4a2344115b8b88f363d665,,unassigned,112,stratified_SOAP_FPS,17,0.014339763038189112
zrc64_T6000_v095_s17_f0050,zrc64_T6000_v095_s17,64,6000,0.95,17,development,zrc64_v095_s17_heating,50,2500.0,5000,5648.153475582448,-7.91762638092041,46.6142116931474,11.725245475769043,1.7938689669540653,1.320157994044215,2.2248520362255557,5c3c45a0cb3b33668746edad0220f704be1c49a86defeb85e7b517d391bdc073,hpc/results/round1-8-64/production/zrc64_T6000_v095_s17/jobs/zrc64_T6000_v095_s17/production/attempt-01/sampling/frames.extxyz,ebfa194f0d83eb7ec3df31489d43cf1768b9a48d0c55db95d8af2f4e79e8302b,,unassigned,113,stratified_SOAP_FPS,17,0.04853941292177026
zrc64_T3000_v095_s17_f0005,zrc64_T3000_v095_s17,64,3000,0.95,17,development,zrc64_v095_s17_heating,5,250.0,500,2906.166797547461,-9.37210750579834,25.863188454268872,5.427310943603516,1.983026361162348,2.80166398269328,2.8813243909078183,21e656a054c64da7fcd634f702ce3fd6c5d7b0b1f1ba4dd70ffde18c9c6c8f97,hpc/results/round1-8-64/production/zrc64_T3000_v095_s17/jobs/zrc64_T3000_v095_s17/production/attempt-01/sampling/frames.extxyz,38d42f886936a7c5334dbee7f9fc2d38457e89614c905ba8d473d57ee3aee2bb,,unassigned,114,stratified_SOAP_FPS,17,0.01229739042304915
zrc64_T4500_v100_s17_f0135,zrc64_T4500_v100_s17,64,4500,1.0,17,development,zrc64_v100_s17_heating,135,6750.0,13500,4742.129561609232,-8.969484329223633,21.163026034117408,8.952391624450684,1.9060024993149607,1.6015076006183566,2.4433153017342564,a7df383f23628ccff4454ace2da972fa50b1815d3702db8b07298629893499f3,hpc/results/round1-8-64/production/zrc64_T4500_v100_s17/jobs/zrc64_T4500_v100_s17/production/attempt-01/sampling/frames.extxyz,b5f6ee0648c369753023d9323aabfe46cfd7612607cbea2ffbfb15a993519ff2,,unassigned,115,stratified_SOAP_FPS,17,0.03576488866904498
zrc64_T3000_v100_s17_f0120,zrc64_T3000_v100_s17,64,3000,1.0,17,development,zrc64_v100_s17_heating,120,6000.0,12000,2921.138340761629,-9.263582229614258,15.78421872896698,8.606374740600586,1.848677489034674,2.8574481105940146,2.811220640736785,41b446322579e76c243a3d7925abaae6ebd136d6c03d4fc6166631532c411bc4,hpc/results/round1-8-64/production/zrc64_T3000_v100_s17/jobs/zrc64_T3000_v100_s17/production/attempt-01/sampling/frames.extxyz,a4444c4024dfaef8af475d257202e4ec0c331a45e9426cd5c950944caa131eaa,,unassigned,116,stratified_SOAP_FPS,17,0.012988851577769127
zrc64_T0300_v100_s17_f0065,zrc64_T0300_v100_s17,64,300,1.0,17,development,zrc64_v100_s17_heating,65,3250.0,6500,279.3969881057842,-9.672749519348145,1.6781408786773682,2.131786584854126,2.1773180497157387,3.134566619625735,3.1785205640697236,fcf9687ee3a42f63794152311c9066e0f6d4cab8a80db3b34a9fc7f4c692e695,experiments/zrc_mace_round1/jobs/zrc64_T0300_v100_s17/production/attempt-01/sampling/frames.extxyz,b0e19e781d665d4f92fb7606a1fa566d8357e4b8f1c5799a79f193aea3456c2f,,unassigned,117,stratified_SOAP_FPS,17,0.0034132943169365697
zrc64_T4500_v095_s17_f0075,zrc64_T4500_v095_s17,64,4500,0.95,17,development,zrc64_v095_s17_heating,75,3750.0,7500,4489.847132700898,-8.9644136428833,34.48354964948865,8.973028182983398,1.8444277951516512,1.6025523757590694,2.771730018201724,7530f37a48a39a7db8ee6cc98da11538681a8b86e2010fff68dadda6c07c5eee,hpc/results/round1-8-64/production/zrc64_T4500_v095_s17/jobs/zrc64_T4500_v095_s17/production/attempt-01/sampling/frames.extxyz,65116dd3c23f7ea4f37d5e963453d34409098eb6bae1ff570fe77bb92b99e81a,,unassigned,118,stratified_SOAP_FPS,17,0.024756242618019918
zrc64_T6000_v100_s17_f0030,zrc64_T6000_v100_s17,64,6000,1.0,17,development,zrc64_v100_s17_heating,30,1500.0,3000,6099.41426473883,-8.056236267089844,35.468183752512445,11.02858829498291,1.8472743385243489,1.265274819793262,2.277624220345059,06877f72b756dfdd42b7379157b7eec2950b1c417e6c8959d1a40e90f615a015,hpc/results/round1-8-64/production/zrc64_T6000_v100_s17/jobs/zrc64_T6000_v100_s17/production/attempt-01/sampling/frames.extxyz,41599cc730e48121c4bdac3bc09d76b684d95a277e129cddc8adb7f46e6d0946,,unassigned,119,stratified_SOAP_FPS,17,0.049666969519822565
zrc64_T5250_v100_s17_f0200,zrc64_T5250_v100_s17,64,5250,1.0,17,development,zrc64_v100_s17_heating,200,10000.0,20000,4951.610351526069,-8.203686714172363,30.7722911947707,11.599700927734375,1.732409703888534,1.21213032292354,2.4089180540742574,67ec935de3bacbeb10352b878995cffefbdbc15ae9bf541675984cdd9257c3fe,hpc/results/round1-8-64/production/zrc64_T5250_v100_s17/jobs/zrc64_T5250_v100_s17/production/attempt-01/sampling/frames.extxyz,c105336a4968370fe0edbeab8640489ed047806d76ff10421d0ca32fae09eea0,,unassigned,120,stratified_SOAP_FPS,17,0.050498612416069295
zrc64_T1500_v105_s17_f0030,zrc64_T1500_v105_s17,64,1500,1.05,17,development,zrc64_v105_s17_heating,30,1500.0,3000,1726.3794996837375,-9.475702285766602,-0.006316471557706628,5.3813371658325195,1.9731671083441502,3.0062603941408135,3.074504498572957,510732b9a03aa50783df921a281d602161f70be4c44c8d9860447d58691944bf,hpc/results/round1-8-64/production/zrc64_T1500_v105_s17/jobs/zrc64_T1500_v105_s17/production/attempt-01/sampling/frames.extxyz,d28a4f0a705320a646044b919cebe9286d070451f48feede258cfdd61a8ba8f5,,unassigned,121,stratified_SOAP_FPS,17,0.010312367217037292
zrc64_T5250_v105_s17_f0070,zrc64_T5250_v105_s17,64,5250,1.05,17,development,zrc64_v105_s17_heating,70,3500.0,7000,4503.22551494625,-8.252907752990723,22.106453707856836,9.872153282165527,1.8378092286983116,1.2537502195391914,2.4189621935722174,7f273e1ee83fecb479ea39fd8447b9e00eea77ef0805f6daeb76c786f2e1a0f3,hpc/results/round1-8-64/production/zrc64_T5250_v105_s17/jobs/zrc64_T5250_v105_s17/production/attempt-01/sampling/frames.extxyz,98513e4ef98528a1f91bcd1e3ab3c9da409ecdb19122d0f4eb5d882dd43afa8e,,unassigned,122,stratified_SOAP_FPS,17,0.05099381422307755
zrc64_T5250_v095_s17_f0105,zrc64_T5250_v095_s17,64,5250,0.95,17,development,zrc64_v095_s17_heating,105,5250.0,10500,5672.14836626221,-8.295884132385254,41.9620626194553,10.441761016845703,1.771022907152551,1.2821886079527491,2.324459083526526,21dff48e71e6ad5145ceb05b5fe9bc026db053d5c331f92d1d38b29e8b0e4ee4,hpc/results/round1-8-64/production/zrc64_T5250_v095_s17/jobs/zrc64_T5250_v095_s17/production/attempt-01/sampling/frames.extxyz,7fdbc9fc59e3288da3c2fc653d1ed8709f0feeca8bf1573cf734a243a8eea755,,unassigned,123,stratified_SOAP_FPS,17,0.04876286731662491
zrc64_T0300_v105_s17_f0170,zrc64_T0300_v105_s17,64,300,1.05,17,development,zrc64_v105_s17_heating,170,8500.0,17000,306.98107056420463,-9.645529747009277,-8.663477897644043,2.37011981010437,2.1836152754584894,3.1126434455924303,3.200581123922785,c49455436abc2d0747e027460b71933cb016471c01bbc1d2a1e48ff1508efb7a,experiments/zrc_mace_round1/jobs/zrc64_T0300_v105_s17/production/attempt-01/sampling/frames.extxyz,2e6224250d01b866f883442edea3e0ecd17b582eb99446eca08ba48b95249e08,,unassigned,124,stratified_SOAP_FPS,17,0.0037855166355910894
zrc64_T1500_v095_s17_f0070,zrc64_T1500_v095_s17,64,1500,0.95,17,development,zrc64_v095_s17_heating,70,3500.0,7000,1745.1624934679908,-9.474870681762695,21.95403427234165,5.854183673858643,2.0070339413310037,2.8996806742845394,2.922835585267994,3301a1689c5d6bb940b886c835efcd53bb6d2ee238d442b3f48d0ec64f941512,hpc/results/round1-8-64/production/zrc64_T1500_v095_s17/jobs/zrc64_T1500_v095_s17/production/attempt-01/sampling/frames.extxyz,5b28004032b343dfef216429d4e0761a24384595070cb03a21afa3c444c24067,,unassigned,125,stratified_SOAP_FPS,17,0.0078061722877810335
zrc64_T4500_v105_s17_f0055,zrc64_T4500_v105_s17,64,4500,1.05,17,development,zrc64_v105_s17_heating,55,2750.0,5500,4198.970847170935,-9.04671573638916,12.411801973325073,9.35821533203125,1.897424219063624,1.3472885970032857,2.8006798216693203,1a44a38f4b65987dee54c2d798c1056b2f3f1d0ce13652e99141d63aab974671,hpc/results/round1-8-64/production/zrc64_T4500_v105_s17/jobs/zrc64_T4500_v105_s17/production/attempt-01/sampling/frames.extxyz,05e37e3688bdce1195b166c3cdb4e0b2767bce96dc36f5029349686ffc9fba78,,unassigned,126,stratified_SOAP_FPS,17,0.03834543734268543
zrc64_T5250_v095_s17_f0110,zrc64_T5250_v095_s17,64,5250,0.95,17,development,zrc64_v095_s17_heating,110,5500.0,11000,5471.540855491274,-8.167085647583008,42.89808910795221,10.393170356750488,1.7344586368863546,1.3403512140360598,2.2958823731951354,7d7b11f26b25c76f976897a461cca7dfbb10266014bf2154935a1bea5d984d9f,hpc/results/round1-8-64/production/zrc64_T5250_v095_s17/jobs/zrc64_T5250_v095_s17/production/attempt-01/sampling/frames.extxyz,7fdbc9fc59e3288da3c2fc653d1ed8709f0feeca8bf1573cf734a243a8eea755,,unassigned,127,stratified_SOAP_FPS,17,0.04650610997332619
zrc64_T1500_v105_s17_f0105,zrc64_T1500_v105_s17,64,1500,1.05,17,development,zrc64_v105_s17_heating,105,5250.0,10500,1477.4417950800687,-9.469194412231445,-0.7099802050471979,5.912729740142822,1.9437606055025818,2.912732113461041,3.006191241054906,8536dbdc45b307e90320c94d9f8869d42dc6ae6c4fe9b4a81f9390e1f554896d,hpc/results/round1-8-64/production/zrc64_T1500_v105_s17/jobs/zrc64_T1500_v105_s17/production/attempt-01/sampling/frames.extxyz,d28a4f0a705320a646044b919cebe9286d070451f48feede258cfdd61a8ba8f5,,unassigned,128,stratified_SOAP_FPS,17,0.010196156411365247
zrc64_T3000_v100_s17_f0100,zrc64_T3000_v100_s17,64,3000,1.0,17,development,zrc64_v100_s17_heating,100,5000.0,10000,3579.2573499882014,-9.338311195373535,15.373215212681533,10.366195678710938,1.9111951484160228,2.7564066250348422,2.8230909375311883,8197314817d4efa5476ef8f86bdd4b733a05e884a229fedd3cab835ae7e00848,hpc/results/round1-8-64/production/zrc64_T3000_v100_s17/jobs/zrc64_T3000_v100_s17/production/attempt-01/sampling/frames.extxyz,a4444c4024dfaef8af475d257202e4ec0c331a45e9426cd5c950944caa131eaa,,unassigned,129,stratified_SOAP_FPS,17,0.012956428653126989
zrc64_T4500_v105_s17_f0095,zrc64_T4500_v105_s17,64,4500,1.05,17,development,zrc64_v105_s17_heating,95,4750.0,9500,4502.11700009075,-8.943781852722168,14.539726216026995,9.161726951599121,1.820891433569796,1.2299700667445999,2.501967818803388,e0d5f7272aec73b983c738153a0b22bbfb5a8e294209589a731b2b545c727fa2,hpc/results/round1-8-64/production/zrc64_T4500_v105_s17/jobs/zrc64_T4500_v105_s17/production/attempt-01/sampling/frames.extxyz,05e37e3688bdce1195b166c3cdb4e0b2767bce96dc36f5029349686ffc9fba78,,unassigned,130,stratified_SOAP_FPS,17,0.03736885263377935
zrc64_T0300_v100_s17_f0090,zrc64_T0300_v100_s17,64,300,1.0,17,development,zrc64_v100_s17_heating,90,4500.0,9000,337.3846008350399,-9.673014640808105,1.6488441228866577,2.0189805030822754,2.223334648504927,3.1797624754064158,3.1793197815459138,a7019a2e8ac567f9820064ee7b2e6cd7c0ee83529ee579ec351ae9c50085fa1f,experiments/zrc_mace_round1/jobs/zrc64_T0300_v100_s17/production/attempt-01/sampling/frames.extxyz,b0e19e781d665d4f92fb7606a1fa566d8357e4b8f1c5799a79f193aea3456c2f,,unassigned,131,stratified_SOAP_FPS,17,0.003394248844547032
zrc64_T3000_v105_s17_f0095,zrc64_T3000_v105_s17,64,3000,1.05,17,development,zrc64_v105_s17_heating,95,4750.0,9500,3319.4197466809183,-9.266995429992676,6.82941246651111,7.9146952629089355,1.9570847918338097,2.780072559453513,2.8967245600327467,01184810768296ecad5e94cb551ca1ffb9c2bbeb3435d2dba7f886b39819e390,hpc/results/round1-8-64/production/zrc64_T3000_v105_s17/jobs/zrc64_T3000_v105_s17/production/attempt-01/sampling/frames.extxyz,b4dccb6801af5c2276e8bda38746a4f6f66326b38d4a2344115b8b88f363d665,,unassigned,132,stratified_SOAP_FPS,17,0.013956407776991855
zrc64_T5250_v100_s17_f0055,zrc64_T5250_v100_s17,64,5250,1.0,17,development,zrc64_v100_s17_heating,55,2750.0,5500,5816.815068459846,-8.229276657104492,35.12257622155285,8.192689895629883,1.8160744935308653,1.3131233801134539,2.2987208415436817,b57c417bf2456b1e2d7549089edfcc3fd0f0b2921d62e2e4b9f265533f0b398a,hpc/results/round1-8-64/production/zrc64_T5250_v100_s17/jobs/zrc64_T5250_v100_s17/production/attempt-01/sampling/frames.extxyz,c105336a4968370fe0edbeab8640489ed047806d76ff10421d0ca32fae09eea0,,unassigned,133,stratified_SOAP_FPS,17,0.04945813287278376
zrc64_T6000_v100_s17_f0065,zrc64_T6000_v100_s17,64,6000,1.0,17,development,zrc64_v100_s17_heating,65,3250.0,6500,6058.020970009022,-8.039253234863281,35.69149477818152,13.053337097167969,1.753774362258673,1.2214356150125751,2.4403132517227735,ff5f5e668c0f390faab079b37c093e958b0fdcbcde8ecd40675504a78e5ce111,hpc/results/round1-8-64/production/zrc64_T6000_v100_s17/jobs/zrc64_T6000_v100_s17/production/attempt-01/sampling/frames.extxyz,41599cc730e48121c4bdac3bc09d76b684d95a277e129cddc8adb7f46e6d0946,,unassigned,134,stratified_SOAP_FPS,17,0.048230461528083426
zrc64_T6000_v105_s17_f0115,zrc64_T6000_v105_s17,64,6000,1.05,17,development,zrc64_v105_s17_heating,115,5750.0,11500,6408.0976324420735,-8.158702850341797,25.467152413392807,10.566728591918945,1.8339165927781538,1.3158504591609252,2.1729732478727404,47dbb192b3f671257707227b023f55956f4aa458f2d4948067acc956e787f2a2,hpc/results/round1-8-64/production/zrc64_T6000_v105_s17/jobs/zrc64_T6000_v105_s17/production/attempt-01/sampling/frames.extxyz,ef738ec6f25e619a80c636ce84ec0302c99d26bcf9231bfb5a2f7e421275dfdc,,unassigned,135,stratified_SOAP_FPS,17,0.052108439860784124
zrc64_T4500_v095_s17_f0090,zrc64_T4500_v095_s17,64,4500,0.95,17,development,zrc64_v095_s17_heating,90,4500.0,9000,4335.08456597259,-9.002656936645508,34.9866482036573,10.262499809265137,1.8178739362812404,1.547562160474628,2.7612598533391886,54983c362a6f8380d51a500215385c006cc85356e1ca2b368f6a2c9349d7ac69,hpc/results/round1-8-64/production/zrc64_T4500_v095_s17/jobs/zrc64_T4500_v095_s17/production/attempt-01/sampling/frames.extxyz,65116dd3c23f7ea4f37d5e963453d34409098eb6bae1ff570fe77bb92b99e81a,,unassigned,136,stratified_SOAP_FPS,17,0.024243314537159194
zrc64_T0300_v105_s17_f0115,zrc64_T0300_v105_s17,64,300,1.05,17,development,zrc64_v105_s17_heating,115,5750.0,11500,258.1828292292046,-9.6519775390625,-8.5728120803833,1.7324048280715942,2.2460124502255754,3.1366917275124155,3.237954581688053,5d7b104656e632dfbe2a8415235823b893b14cce0db4ea9c485e866ef536f1f5,experiments/zrc_mace_round1/jobs/zrc64_T0300_v105_s17/production/attempt-01/sampling/frames.extxyz,2e6224250d01b866f883442edea3e0ecd17b582eb99446eca08ba48b95249e08,,unassigned,137,stratified_SOAP_FPS,17,0.0035678897161580416
zrc64_T3000_v095_s17_f0125,zrc64_T3000_v095_s17,64,3000,0.95,17,development,zrc64_v095_s17_heating,125,6250.0,12500,2884.969360476627,-9.278083801269531,28.746002589033136,6.946847438812256,1.922445409536271,2.6218062425038666,2.917763999779607,e5719acaf8e690ef5a7827996a8b1e50745e7b41628b49e9c2740cf3f3d6782d,hpc/results/round1-8-64/production/zrc64_T3000_v095_s17/jobs/zrc64_T3000_v095_s17/production/attempt-01/sampling/frames.extxyz,38d42f886936a7c5334dbee7f9fc2d38457e89614c905ba8d473d57ee3aee2bb,,unassigned,138,stratified_SOAP_FPS,17,0.011739910821638264
zrc64_T1500_v100_s17_f0060,zrc64_T1500_v100_s17,64,1500,1.0,17,development,zrc64_v100_s17_heating,60,3000.0,6000,1646.463006028126,-9.54569149017334,7.126421481223583,4.84951639175415,2.027522344804732,2.9446425069468156,3.073604101493883,f26fda6ef73a6fe932da629d94fcf083aa80544bdd4fac3507c2b7fe495f49f4,hpc/results/round1-8-64/production/zrc64_T1500_v100_s17/jobs/zrc64_T1500_v100_s17/production/attempt-01/sampling/frames.extxyz,0b57a9d22d7e8c7db61735858cc30505ba173d07c1c4a6e396f17041a99b84e2,,unassigned,139,stratified_SOAP_FPS,17,0.008605179238626885
zrc64_T6000_v095_s17_f0125,zrc64_T6000_v095_s17,64,6000,0.95,17,development,zrc64_v095_s17_heating,125,6250.0,12500,5875.621961181929,-7.9407758712768555,48.849235826531384,11.750118255615234,1.8146866827154515,1.2538444189314766,2.2715446203153027,a30258d0c8e4c93996bc08917468175535c77acd7039312c409c40b56d6f73db,hpc/results/round1-8-64/production/zrc64_T6000_v095_s17/jobs/zrc64_T6000_v095_s17/production/attempt-01/sampling/frames.extxyz,ebfa194f0d83eb7ec3df31489d43cf1768b9a48d0c55db95d8af2f4e79e8302b,,unassigned,140,stratified_SOAP_FPS,17,0.048193259449313415
zrc64_T0300_v095_s17_f0095,zrc64_T0300_v095_s17,64,300,0.95,17,development,zrc64_v095_s17_heating,95,4750.0,9500,277.03190611967636,-9.651240348815918,15.110326766967773,1.985311508178711,2.1631451799817776,3.1268230411527074,3.132095927514826,b3daf44e5b6c308c25df00a5d58591bcdac5438ca961695e16c1f537e61fd714,experiments/zrc_mace_round1/jobs/zrc64_T0300_v095_s17/production/attempt-01/sampling/frames.extxyz,29fc41d9fad7160ccd2375073663700da24320df162982d90ed67297d635bd7d,,unassigned,141,stratified_SOAP_FPS,17,0.0026975781085806258
zrc64_T1500_v095_s17_f0120,zrc64_T1500_v095_s17,64,1500,0.95,17,development,zrc64_v095_s17_heating,120,6000.0,12000,1255.633661312837,-9.489603042602539,20.664953255737117,7.088176727294922,2.0088605682043577,2.9249309475477894,2.923113764409596,c6c96711f5638b931f09ad16d2a3dfed65a48568e6c9d2af5f834424462582ce,hpc/results/round1-8-64/production/zrc64_T1500_v095_s17/jobs/zrc64_T1500_v095_s17/production/attempt-01/sampling/frames.extxyz,5b28004032b343dfef216429d4e0761a24384595070cb03a21afa3c444c24067,,unassigned,142,stratified_SOAP_FPS,17,0.007633936346103709
zrc64_T4500_v100_s17_f0055,zrc64_T4500_v100_s17,64,4500,1.0,17,development,zrc64_v100_s17_heating,55,2750.0,5500,4448.643299405117,-9.036357879638672,22.076652876381623,9.82822322845459,1.81314637628384,1.46118520677653,2.638111517159,e31f3c4b0af5bc7a59168dc4ce02fd45e5efe3a2efa6a4308e41f8391cc84eed,hpc/results/round1-8-64/production/zrc64_T4500_v100_s17/jobs/zrc64_T4500_v100_s17/production/attempt-01/sampling/frames.extxyz,b5f6ee0648c369753023d9323aabfe46cfd7612607cbea2ffbfb15a993519ff2,,unassigned,143,stratified_SOAP_FPS,17,0.031874334798810695
zrc64_T5250_v105_s17_f0065,zrc64_T5250_v105_s17,64,5250,1.05,17,development,zrc64_v105_s17_heating,65,3250.0,6500,4549.4350734658265,-8.264068603515625,23.893951515940607,12.581387519836426,1.9558012570994143,1.1846709494846897,2.3039191531508574,d2a09005ae6d2263aa13730bfe556a7cbe29400d72660be2f46c301eb26c34e8,hpc/results/round1-8-64/production/zrc64_T5250_v105_s17/jobs/zrc64_T5250_v105_s17/production/attempt-01/sampling/frames.extxyz,98513e4ef98528a1f91bcd1e3ab3c9da409ecdb19122d0f4eb5d882dd43afa8e,,unassigned,144,stratified_SOAP_FPS,17,0.04920791725810075
zrc64_T6000_v100_s17_f0140,zrc64_T6000_v100_s17,64,6000,1.0,17,development,zrc64_v100_s17_heating,140,7000.0,14000,6602.20550811848,-8.145064353942871,33.106849274205494,9.640575408935547,1.8320673801244383,1.2584683781193766,2.394769006949196,6333bdc96757401fe3f3534fcd5bd7bb4e2e37371a0e9199dad1a9fe0aa21ba9,hpc/results/round1-8-64/production/zrc64_T6000_v100_s17/jobs/zrc64_T6000_v100_s17/production/attempt-01/sampling/frames.extxyz,41599cc730e48121c4bdac3bc09d76b684d95a277e129cddc8adb7f46e6d0946,,unassigned,145,stratified_SOAP_FPS,17,0.04795819272439009
zrc64_T4500_v095_s17_f0050,zrc64_T4500_v095_s17,64,4500,0.95,17,development,zrc64_v095_s17_heating,50,2500.0,5000,4846.658460294153,-8.98528003692627,33.12723688284183,10.1403226852417,1.9311703732005352,1.449368854448153,2.5569460680032017,8b6e8fb2f3d8f657ffb6eea63533b515bd5ca416c0fbd4a7f4f65074734255e4,hpc/results/round1-8-64/production/zrc64_T4500_v095_s17/jobs/zrc64_T4500_v095_s17/production/attempt-01/sampling/frames.extxyz,65116dd3c23f7ea4f37d5e963453d34409098eb6bae1ff570fe77bb92b99e81a,,unassigned,146,stratified_SOAP_FPS,17,0.023947102975371688
zrc64_T1500_v105_s17_f0075,zrc64_T1500_v105_s17,64,1500,1.05,17,development,zrc64_v105_s17_heating,75,3750.0,7500,1457.166255464069,-9.484368324279785,-2.5176388297426797,4.670950889587402,2.0097709846027074,2.845713709255846,3.100221620475694,deb7fd75e96500a6c352ab70a08e223a6802b0a17dd975855e3d4c06278c370b,hpc/results/round1-8-64/production/zrc64_T1500_v105_s17/jobs/zrc64_T1500_v105_s17/production/attempt-01/sampling/frames.extxyz,d28a4f0a705320a646044b919cebe9286d070451f48feede258cfdd61a8ba8f5,,unassigned,147,stratified_SOAP_FPS,17,0.009609236260168576
zrc64_T1500_v100_s17_f0050,zrc64_T1500_v100_s17,64,1500,1.0,17,development,zrc64_v100_s17_heating,50,2500.0,5000,1373.0074688914297,-9.473387718200684,8.683931348624224,4.448522090911865,2.044078802785356,2.8662971212128334,3.000537423609963,f33a053023bd2a88cbd989d726495b2dba1bd70eb23334cc6ddbcf83a86d3352,hpc/results/round1-8-64/production/zrc64_T1500_v100_s17/jobs/zrc64_T1500_v100_s17/production/attempt-01/sampling/frames.extxyz,0b57a9d22d7e8c7db61735858cc30505ba173d07c1c4a6e396f17041a99b84e2,,unassigned,148,stratified_SOAP_FPS,17,0.008385622653856728
zrc64_T3000_v095_s17_f0035,zrc64_T3000_v095_s17,64,3000,0.95,17,development,zrc64_v095_s17_heating,35,1750.0,3500,2927.640043499821,-9.277636528015137,29.0353938021203,10.06848430633545,1.9490811274870619,2.685449027232116,2.7596071846530097,83f6a326c4450d68d1fd1611842f3853ebfc361607bc6826c23e938bc7af8697,hpc/results/round1-8-64/production/zrc64_T3000_v095_s17/jobs/zrc64_T3000_v095_s17/production/attempt-01/sampling/frames.extxyz,38d42f886936a7c5334dbee7f9fc2d38457e89614c905ba8d473d57ee3aee2bb,,unassigned,149,stratified_SOAP_FPS,17,0.011308781416835958
zrc64_T5250_v095_s17_f0175,zrc64_T5250_v095_s17,64,5250,0.95,17,development,zrc64_v095_s17_heating,175,8750.0,17500,4569.422750419992,-8.12565803527832,41.60879219072116,12.13234806060791,1.761354310486902,1.2772249049070965,2.1999361245862494,04bc9b9dc5ad8c1d87e02441516f020f9c6aeefafef380c5871137dbc3a68fc9,hpc/results/round1-8-64/production/zrc64_T5250_v095_s17/jobs/zrc64_T5250_v095_s17/production/attempt-01/sampling/frames.extxyz,7fdbc9fc59e3288da3c2fc653d1ed8709f0feeca8bf1573cf734a243a8eea755,,unassigned,150,stratified_SOAP_FPS,17,0.04620228443497742
zrc64_T3000_v100_s17_f0025,zrc64_T3000_v100_s17,64,3000,1.0,17,development,zrc64_v100_s17_heating,25,1250.0,2500,3440.0565561032545,-9.337640762329102,13.674001314692132,7.858386039733887,1.8660584042482502,2.792157735962901,2.8910358922319617,227253c13c2fb0d8fa1d585e67605e8881fb0d5678ec3f7e550ecbf1e3ae0907,hpc/results/round1-8-64/production/zrc64_T3000_v100_s17/jobs/zrc64_T3000_v100_s17/production/attempt-01/sampling/frames.extxyz,a4444c4024dfaef8af475d257202e4ec0c331a45e9426cd5c950944caa131eaa,,unassigned,151,stratified_SOAP_FPS,17,0.012780815462737252
zrc64_T0300_v105_s17_f0065,zrc64_T0300_v105_s17,64,300,1.05,17,development,zrc64_v105_s17_heating,65,3250.0,6500,276.9563943943895,-9.656769752502441,-8.717376708984375,1.75728178024292,2.214193125944649,3.134929147594778,3.2571244020717405,055b78c37ed36ed3ce34cf95b89415ac189e3c41eaae1444e3649db3db6ff197,experiments/zrc_mace_round1/jobs/zrc64_T0300_v105_s17/production/attempt-01/sampling/frames.extxyz,2e6224250d01b866f883442edea3e0ecd17b582eb99446eca08ba48b95249e08,,unassigned,152,stratified_SOAP_FPS,17,0.0033110154772350658
zrc64_T4500_v105_s17_f0005,zrc64_T4500_v105_s17,64,4500,1.05,17,development,zrc64_v105_s17_heating,5,250.0,500,4064.9970879846674,-8.895047187805176,11.492137697122297,7.5075554847717285,1.832776275710447,1.4167115257933494,2.608480466419054,87cd06228bd1fe95a9a0c97474dd9b33520c1739c2b3f8928858f342980ad14e,hpc/results/round1-8-64/production/zrc64_T4500_v105_s17/jobs/zrc64_T4500_v105_s17/production/attempt-01/sampling/frames.extxyz,05e37e3688bdce1195b166c3cdb4e0b2767bce96dc36f5029349686ffc9fba78,,unassigned,153,stratified_SOAP_FPS,17,0.03551887603711338
zrc64_T3000_v105_s17_f0135,zrc64_T3000_v105_s17,64,3000,1.05,17,development,zrc64_v105_s17_heating,135,6750.0,13500,2849.711935297536,-9.271407127380371,5.50493355258654,8.06369686126709,1.8657083310902989,2.847422137134897,2.9493106832568787,46e223d7729e302d13860d4689c12dad15857648d87c8b19acd83c590a825f52,hpc/results/round1-8-64/production/zrc64_T3000_v105_s17/jobs/zrc64_T3000_v105_s17/production/attempt-01/sampling/frames.extxyz,b4dccb6801af5c2276e8bda38746a4f6f66326b38d4a2344115b8b88f363d665,,unassigned,154,stratified_SOAP_FPS,17,0.013277810994051622
zrc64_T5250_v105_s17_f0115,zrc64_T5250_v105_s17,64,5250,1.05,17,development,zrc64_v105_s17_heating,115,5750.0,11500,4549.82258193962,-8.235977172851562,22.609878007597896,12.20804214477539,1.7267213406144004,1.325304752792063,2.3748474491407077,92e9a870c911cfd3b517a944c9485a0260c9309b01b8abe50d5e62a48c4aaf0d,hpc/results/round1-8-64/production/zrc64_T5250_v105_s17/jobs/zrc64_T5250_v105_s17/production/attempt-01/sampling/frames.extxyz,98513e4ef98528a1f91bcd1e3ab3c9da409ecdb19122d0f4eb5d882dd43afa8e,,unassigned,155,stratified_SOAP_FPS,17,0.04882260769754585
zrc64_T5250_v100_s17_f0040,zrc64_T5250_v100_s17,64,5250,1.0,17,development,zrc64_v100_s17_heating,40,2000.0,4000,5499.333482321342,-8.307047843933105,36.9931049620777,10.022783279418945,1.762346432145496,1.2533430339913674,2.3349568519727457,f88f5d0dee4dd5251c3357c8928f8fda699d4d9c2d7808dd1dc38b9702472d12,hpc/results/round1-8-64/production/zrc64_T5250_v100_s17/jobs/zrc64_T5250_v100_s17/production/attempt-01/sampling/frames.extxyz,c105336a4968370fe0edbeab8640489ed047806d76ff10421d0ca32fae09eea0,,unassigned,156,stratified_SOAP_FPS,17,0.04754368926716609
zrc64_T6000_v095_s17_f0035,zrc64_T6000_v095_s17,64,6000,0.95,17,development,zrc64_v095_s17_heating,35,1750.0,3500,6974.348552882175,-7.9867143630981445,43.37166610808933,15.733821868896484,1.783528739883718,1.3283460854518838,2.1212333160816623,d8b500ad7ac941f776834079c60737d5e822b0f9f3308465ad2b6dd3ba82ac6d,hpc/results/round1-8-64/production/zrc64_T6000_v095_s17/jobs/zrc64_T6000_v095_s17/production/attempt-01/sampling/frames.extxyz,ebfa194f0d83eb7ec3df31489d43cf1768b9a48d0c55db95d8af2f4e79e8302b,,unassigned,157,stratified_SOAP_FPS,17,0.047781649960350565
zrc64_T1500_v095_s17_f0010,zrc64_T1500_v095_s17,64,1500,0.95,17,development,zrc64_v095_s17_heating,10,500.0,1000,1599.3677149574148,-9.515883445739746,20.642698987614004,5.390825271606445,2.0723447431202513,2.9712586402667123,2.9719260869547557,068329cd4e895933a26fd94836d8833f4c88188a6a2e816adf9fc247e7900d3f,hpc/results/round1-8-64/production/zrc64_T1500_v095_s17/jobs/zrc64_T1500_v095_s17/production/attempt-01/sampling/frames.extxyz,5b28004032b343dfef216429d4e0761a24384595070cb03a21afa3c444c24067,,unassigned,158,stratified_SOAP_FPS,17,0.007321097741823342
zrc64_T0300_v095_s17_f0080,zrc64_T0300_v095_s17,64,300,0.95,17,development,zrc64_v095_s17_heating,80,4000.0,8000,303.48510019144925,-9.638790130615234,15.433926582336426,2.313049554824829,2.179999247079152,3.0473914803280424,3.1213234678455093,6ec8bc811e763cd03a599d2e3f420c79c724344085f50259fdc72a7a36704435,experiments/zrc_mace_round1/jobs/zrc64_T0300_v095_s17/production/attempt-01/sampling/frames.extxyz,29fc41d9fad7160ccd2375073663700da24320df162982d90ed67297d635bd7d,,unassigned,159,stratified_SOAP_FPS,17,0.0025867008151496994
zrc64_T6000_v105_s17_f0165,zrc64_T6000_v105_s17,64,6000,1.05,17,development,zrc64_v105_s17_heating,165,8250.0,16500,6928.263971100636,-8.038975715637207,26.33471494800063,11.649574279785156,1.787289760251692,1.2125721318841698,2.3226477323414434,60670dfa64a3916a4c4a4cd5e61797b162545bfd8f2d95d45e56f75d0b8466c5,hpc/results/round1-8-64/production/zrc64_T6000_v105_s17/jobs/zrc64_T6000_v105_s17/production/attempt-01/sampling/frames.extxyz,ef738ec6f25e619a80c636ce84ec0302c99d26bcf9231bfb5a2f7e421275dfdc,,unassigned,160,stratified_SOAP_FPS,17,0.050859974286159675
zrc64_T4500_v100_s17_f0185,zrc64_T4500_v100_s17,64,4500,1.0,17,development,zrc64_v100_s17_heating,185,9250.0,18500,4179.953928337429,-9.011493682861328,20.563725979755098,8.090126991271973,1.881719133047362,1.509824001396284,2.8107074462422403,215f8877766c632bc1250c1786fbd98fef76064a87ab59d31f5daf0f60a9d71a,hpc/results/round1-8-64/production/zrc64_T4500_v100_s17/jobs/zrc64_T4500_v100_s17/production/attempt-01/sampling/frames.extxyz,b5f6ee0648c369753023d9323aabfe46cfd7612607cbea2ffbfb15a993519ff2,,unassigned,161,stratified_SOAP_FPS,17,0.030694196443871738
zrc64_T0300_v100_s17_f0150,zrc64_T0300_v100_s17,64,300,1.0,17,development,zrc64_v100_s17_heating,150,7500.0,15000,326.9108187734181,-9.67320442199707,1.5632879734039307,1.8549492359161377,2.2172335304010184,3.1641220109483363,3.173395766034313,b64fe3a7293504b6e47feaeaa06f6e007cf182192590fcc1e115c1795d915a49,experiments/zrc_mace_round1/jobs/zrc64_T0300_v100_s17/production/attempt-01/sampling/frames.extxyz,b0e19e781d665d4f92fb7606a1fa566d8357e4b8f1c5799a79f193aea3456c2f,,unassigned,162,stratified_SOAP_FPS,17,0.0032090897752126454
zrc64_T4500_v100_s17_f0110,zrc64_T4500_v100_s17,64,4500,1.0,17,development,zrc64_v100_s17_heating,110,5500.0,11000,4298.521363184437,-8.948517799377441,27.13229557929495,11.095104217529297,1.841467110394143,1.3521472990620609,2.728796303505944,df61402d2c3f3bde0f82002fc4fa5cdee00d3f58ba453a717d47da0f9d53520b,hpc/results/round1-8-64/production/zrc64_T4500_v100_s17/jobs/zrc64_T4500_v100_s17/production/attempt-01/sampling/frames.extxyz,b5f6ee0648c369753023d9323aabfe46cfd7612607cbea2ffbfb15a993519ff2,,unassigned,163,stratified_SOAP_FPS,17,0.029108236072873345
zrc64_T1500_v095_s17_f0175,zrc64_T1500_v095_s17,64,1500,0.95,17,development,zrc64_v095_s17_heating,175,8750.0,17500,1501.4098702865338,-9.513798713684082,20.194351260364968,4.8837385177612305,2.043307574363966,2.9169918268391553,3.0271763938408878,bc6544828b813a15b47923756ac6bd01efde52686f192890c5d53c6623a5f5b6,hpc/results/round1-8-64/production/zrc64_T1500_v095_s17/jobs/zrc64_T1500_v095_s17/production/attempt-01/sampling/frames.extxyz,5b28004032b343dfef216429d4e0761a24384595070cb03a21afa3c444c24067,,unassigned,164,stratified_SOAP_FPS,17,0.007163643333790837
zrc64_T1500_v100_s17_f0165,zrc64_T1500_v100_s17,64,1500,1.0,17,development,zrc64_v100_s17_heating,165,8250.0,16500,1464.5859263163688,-9.507481575012207,8.969762576618352,4.491263389587402,1.9841933552222606,2.921065232507617,3.0376373576941655,1cb245728b992a8d417a08149b492465ac42deb7b02cf4f9fe3466441f29c0f2,hpc/results/round1-8-64/production/zrc64_T1500_v100_s17/jobs/zrc64_T1500_v100_s17/production/attempt-01/sampling/frames.extxyz,0b57a9d22d7e8c7db61735858cc30505ba173d07c1c4a6e396f17041a99b84e2,,unassigned,165,stratified_SOAP_FPS,17,0.007896917547286691
zrc64_T6000_v100_s17_f0135,zrc64_T6000_v100_s17,64,6000,1.0,17,development,zrc64_v100_s17_heating,135,6750.0,13500,5626.92634290269,-8.00406551361084,36.39239477282391,10.628082275390625,1.8499843586964593,1.2091072890759502,2.200864664572125,f3b56ad83d5425617196b3eafc2bcaa3bbc1bf9c5e268f86efb7c171016ce44f,hpc/results/round1-8-64/production/zrc64_T6000_v100_s17/jobs/zrc64_T6000_v100_s17/production/attempt-01/sampling/frames.extxyz,41599cc730e48121c4bdac3bc09d76b684d95a277e129cddc8adb7f46e6d0946,,unassigned,166,stratified_SOAP_FPS,17,0.04650269340641786
zrc64_T6000_v095_s17_f0110,zrc64_T6000_v095_s17,64,6000,0.95,17,development,zrc64_v095_s17_heating,110,5500.0,11000,6234.0805788758535,-8.014593124389648,41.269723390511146,14.014522552490234,1.6932823152166034,1.3797039812733312,2.3133462212143487,8dd9d551b9b2585f6abfcbc38154a3117e49a77b14a3cb12c9434f47be11fa0a,hpc/results/round1-8-64/production/zrc64_T6000_v095_s17/jobs/zrc64_T6000_v095_s17/production/attempt-01/sampling/frames.extxyz,ebfa194f0d83eb7ec3df31489d43cf1768b9a48d0c55db95d8af2f4e79e8302b,,unassigned,167,stratified_SOAP_FPS,17,0.04752517553660043
zrc64_T6000_v105_s17_f0160,zrc64_T6000_v105_s17,64,6000,1.05,17,development,zrc64_v105_s17_heating,160,8000.0,16000,5584.4762901583435,-8.177301406860352,27.743260476691596,17.666656494140625,1.8629535306281755,1.1285281276046655,2.35002234907369,8552d2b791963f60be8edbce7675dc27dbf20efe136fd9a3e89fa577bfca3f6b,hpc/results/round1-8-64/production/zrc64_T6000_v105_s17/jobs/zrc64_T6000_v105_s17/production/attempt-01/sampling/frames.extxyz,ef738ec6f25e619a80c636ce84ec0302c99d26bcf9231bfb5a2f7e421275dfdc,,unassigned,168,stratified_SOAP_FPS,17,0.048780723443066505
zrc64_T5250_v105_s17_f0160,zrc64_T5250_v105_s17,64,5250,1.05,17,development,zrc64_v105_s17_heating,160,8000.0,16000,5633.156361164098,-8.26070499420166,23.77887326973764,7.889825344085693,1.8949015190943685,1.339024240470215,2.3456436918727372,b53560a1026ff355333225f149f566fb5827ab7588a51897544b32e36fc3c09d,hpc/results/round1-8-64/production/zrc64_T5250_v105_s17/jobs/zrc64_T5250_v105_s17/production/attempt-01/sampling/frames.extxyz,98513e4ef98528a1f91bcd1e3ab3c9da409ecdb19122d0f4eb5d882dd43afa8e,,unassigned,169,stratified_SOAP_FPS,17,0.04808768475146088
zrc64_T0300_v095_s17_f0185,zrc64_T0300_v095_s17,64,300,0.95,17,development,zrc64_v095_s17_heating,185,9250.0,18500,345.43836686694215,-9.647197723388672,15.206144332885742,2.0442991256713867,2.168180776516896,3.1021704521022957,3.158130474949243,aae56ac5fc96dae7e0ecf6300fb5d230942538518f6dbd52ef900c71c1094584,experiments/zrc_mace_round1/jobs/zrc64_T0300_v095_s17/production/attempt-01/sampling/frames.extxyz,29fc41d9fad7160ccd2375073663700da24320df162982d90ed67297d635bd7d,,unassigned,170,stratified_SOAP_FPS,17,0.0025263671015277036
zrc64_T0300_v100_s17_f0140,zrc64_T0300_v100_s17,64,300,1.0,17,development,zrc64_v100_s17_heating,140,7000.0,14000,311.4534462674589,-9.666609764099121,1.932242512702942,2.590907573699951,2.1360076522932636,3.1317189364181734,3.169307332921068,8cbe106fc5dfb17530b24e6a133cfc845b01da06ce658a29bff61f734163a362,experiments/zrc_mace_round1/jobs/zrc64_T0300_v100_s17/production/attempt-01/sampling/frames.extxyz,b0e19e781d665d4f92fb7606a1fa566d8357e4b8f1c5799a79f193aea3456c2f,,unassigned,171,stratified_SOAP_FPS,17,0.0030448732990041266
zrc64_T5250_v100_s17_f0140,zrc64_T5250_v100_s17,64,5250,1.0,17,development,zrc64_v100_s17_heating,140,7000.0,14000,6009.110977123895,-8.163853645324707,34.64603806096682,7.805075168609619,1.7880310063712979,1.2742537949347705,2.176820638884028,15d597d2cefa7e070f0b1b0421c151dd218a4128f6d46f864c1e9c93da199012,hpc/results/round1-8-64/production/zrc64_T5250_v100_s17/jobs/zrc64_T5250_v100_s17/production/attempt-01/sampling/frames.extxyz,c105336a4968370fe0edbeab8640489ed047806d76ff10421d0ca32fae09eea0,,unassigned,172,stratified_SOAP_FPS,17,0.047060156471818756
zrc64_T4500_v105_s17_f0125,zrc64_T4500_v105_s17,64,4500,1.05,17,development,zrc64_v105_s17_heating,125,6250.0,12500,4561.676028529415,-8.85657024383545,18.2461030387696,13.013835906982422,1.7371775018662232,1.3743243725577157,2.765080331632071,3f91db89e4eb3662d14a646be6f2cf6a7050a294f7137428ee295326b24f3dfa,hpc/results/round1-8-64/production/zrc64_T4500_v105_s17/jobs/zrc64_T4500_v105_s17/production/attempt-01/sampling/frames.extxyz,05e37e3688bdce1195b166c3cdb4e0b2767bce96dc36f5029349686ffc9fba78,,unassigned,173,stratified_SOAP_FPS,17,0.03358754922113407
zrc64_T3000_v095_s17_f0105,zrc64_T3000_v095_s17,64,3000,0.95,17,development,zrc64_v095_s17_heating,105,5250.0,10500,3361.6691451776464,-9.278481483459473,27.132448699118328,7.965038776397705,1.8908416916903277,2.764641244778144,2.815863944177917,4aaf37eb504ce2c412ca254e657732fd3d78940d189df3365f06f2d1814cc0a2,hpc/results/round1-8-64/production/zrc64_T3000_v095_s17/jobs/zrc64_T3000_v095_s17/production/attempt-01/sampling/frames.extxyz,38d42f886936a7c5334dbee7f9fc2d38457e89614c905ba8d473d57ee3aee2bb,,unassigned,174,stratified_SOAP_FPS,17,0.010888993820240136
zrc64_T1500_v105_s17_f0130,zrc64_T1500_v105_s17,64,1500,1.05,17,development,zrc64_v105_s17_heating,130,6500.0,13000,1509.3992606056797,-9.505938529968262,-2.616882295914908,4.58038854598999,2.006404441285399,2.9943950644455586,2.9957268818104046,c2898d8b6f0262effec138cc545ce89a1df989712f1145acbd49a1976a1ed02f,hpc/results/round1-8-64/production/zrc64_T1500_v105_s17/jobs/zrc64_T1500_v105_s17/production/attempt-01/sampling/frames.extxyz,d28a4f0a705320a646044b919cebe9286d070451f48feede258cfdd61a8ba8f5,,unassigned,175,stratified_SOAP_FPS,17,0.00904307580772523
zrc64_T4500_v095_s17_f0130,zrc64_T4500_v095_s17,64,4500,0.95,17,development,zrc64_v095_s17_heating,130,6500.0,13000,4271.987152104372,-9.014095306396484,36.417857510914295,10.42613410949707,1.8422635290222933,2.369312743191524,2.7504681944160794,8c30fa5ab1d04f62775195dc9f023ea5ff6429e7dc6c48cde3148aaf5e45ff95,hpc/results/round1-8-64/production/zrc64_T4500_v095_s17/jobs/zrc64_T4500_v095_s17/production/attempt-01/sampling/frames.extxyz,65116dd3c23f7ea4f37d5e963453d34409098eb6bae1ff570fe77bb92b99e81a,,unassigned,176,stratified_SOAP_FPS,17,0.023353085222880272
zrc64_T0300_v105_s17_f0160,zrc64_T0300_v105_s17,64,300,1.05,17,development,zrc64_v105_s17_heating,160,8000.0,16000,302.1763257427792,-9.649923324584961,-8.536523818969727,1.7338130474090576,2.2084010938567324,3.140587248909349,3.2588144115868873,3ece357f671d378b9b546c25e81ee8e6880f8e42dd0ee9ed98013e8a668d8605,experiments/zrc_mace_round1/jobs/zrc64_T0300_v105_s17/production/attempt-01/sampling/frames.extxyz,2e6224250d01b866f883442edea3e0ecd17b582eb99446eca08ba48b95249e08,,unassigned,177,stratified_SOAP_FPS,17,0.0033080091819065334
zrc64_T5250_v095_s17_f0155,zrc64_T5250_v095_s17,64,5250,0.95,17,development,zrc64_v095_s17_heating,155,7750.0,15500,5113.9615717484285,-8.146893501281738,44.35793929964345,9.703129768371582,1.8437836377916814,1.2467009199044463,2.4900284251788576,b11b530f0f1763343abd4adb6d0f6c860515d87597bbd5936bbf226926282440,hpc/results/round1-8-64/production/zrc64_T5250_v095_s17/jobs/zrc64_T5250_v095_s17/production/attempt-01/sampling/frames.extxyz,7fdbc9fc59e3288da3c2fc653d1ed8709f0feeca8bf1573cf734a243a8eea755,,unassigned,178,stratified_SOAP_FPS,17,0.04606023673577584
zrc64_T3000_v100_s17_f0065,zrc64_T3000_v100_s17,64,3000,1.0,17,development,zrc64_v100_s17_heating,65,3250.0,6500,3591.602279302092,-9.32541561126709,16.143748035161348,7.41408634185791,1.8963326523989452,2.777967640101969,2.881913507721314,ab4575334e28b44bd9a892694c4b54e463977b693dd2c5ef56461e50ecc03b2f,hpc/results/round1-8-64/production/zrc64_T3000_v100_s17/jobs/zrc64_T3000_v100_s17/production/attempt-01/sampling/frames.extxyz,a4444c4024dfaef8af475d257202e4ec0c331a45e9426cd5c950944caa131eaa,,unassigned,179,stratified_SOAP_FPS,17,0.012390889863626513
zrc64_T3000_v105_s17_f0045,zrc64_T3000_v105_s17,64,3000,1.05,17,development,zrc64_v105_s17_heating,45,2250.0,4500,2617.3809033149582,-9.284310340881348,4.3095057062302145,5.892180919647217,1.9708871444702085,2.673552332676644,2.932622082931848,72a2a4b1521d4397eba0d0aee056ccb859b5e8b9a8cc4a0fecb12e6c5c69ed87,hpc/results/round1-8-64/production/zrc64_T3000_v105_s17/jobs/zrc64_T3000_v105_s17/production/attempt-01/sampling/frames.extxyz,b4dccb6801af5c2276e8bda38746a4f6f66326b38d4a2344115b8b88f363d665,,unassigned,180,stratified_SOAP_FPS,17,0.013015131800224716
zrc64_T5250_v100_s17_f0020,zrc64_T5250_v100_s17,64,5250,1.0,17,development,zrc64_v100_s17_heating,20,1000.0,2000,5739.4523172734725,-8.658960342407227,29.747566234636576,10.089430809020996,1.8342382249060454,1.2846512092955202,2.7059383690615473,1d98d681700ee31996e13b99c2eeba917db09ebff3400f01538e0457fedb2d0c,hpc/results/round1-8-64/production/zrc64_T5250_v100_s17/jobs/zrc64_T5250_v100_s17/production/attempt-01/sampling/frames.extxyz,c105336a4968370fe0edbeab8640489ed047806d76ff10421d0ca32fae09eea0,,unassigned,181,stratified_SOAP_FPS,17,0.045837655608175036
zrc64_T5250_v095_s17_f0185,zrc64_T5250_v095_s17,64,5250,0.95,17,development,zrc64_v095_s17_heating,185,9250.0,18500,5019.18630582616,-8.17716121673584,41.65261504104554,8.966958999633789,1.900170868030664,1.3262945863068336,2.3538219420216833,593fb8768e726b03e8f1a68f54b45d0cdc74aeaade6487cc2b69e1ee17dffa03,hpc/results/round1-8-64/production/zrc64_T5250_v095_s17/jobs/zrc64_T5250_v095_s17/production/attempt-01/sampling/frames.extxyz,7fdbc9fc59e3288da3c2fc653d1ed8709f0feeca8bf1573cf734a243a8eea755,,unassigned,182,stratified_SOAP_FPS,17,0.04579684264538289
zrc64_T3000_v100_s17_f0145,zrc64_T3000_v100_s17,64,3000,1.0,17,development,zrc64_v100_s17_heating,145,7250.0,14500,3590.0907024911053,-9.373064994812012,14.654409117305734,6.599186897277832,1.9833654188325478,2.7940640501073712,2.966365409697474,a44e2aa5a5e462220042593d1553f822972190da4b5696774ea07e8265055fee,hpc/results/round1-8-64/production/zrc64_T3000_v100_s17/jobs/zrc64_T3000_v100_s17/production/attempt-01/sampling/frames.extxyz,a4444c4024dfaef8af475d257202e4ec0c331a45e9426cd5c950944caa131eaa,,unassigned,183,stratified_SOAP_FPS,17,0.012078383660424874
zrc64_T6000_v100_s17_f0185,zrc64_T6000_v100_s17,64,6000,1.0,17,development,zrc64_v100_s17_heating,185,9250.0,18500,6707.260927399353,-7.983367919921875,38.859129938284795,10.133377075195312,1.7708306058293621,1.304819309117101,2.225867682373504,f82253ba7f38be9841daca84e13a48414e32109f0dd85cd69f1b67d5b26758b2,hpc/results/round1-8-64/production/zrc64_T6000_v100_s17/jobs/zrc64_T6000_v100_s17/production/attempt-01/sampling/frames.extxyz,41599cc730e48121c4bdac3bc09d76b684d95a277e129cddc8adb7f46e6d0946,,unassigned,184,stratified_SOAP_FPS,17,0.044686250504686505
zrc64_T3000_v105_s17_f0010,zrc64_T3000_v105_s17,64,3000,1.05,17,development,zrc64_v105_s17_heating,10,500.0,1000,2509.7966669875555,-9.354493141174316,2.9597897697713718,5.7450175285339355,1.9848747062428032,2.7077907458709114,2.981513976402841,49049dad94b45b37b4c9563152603ecf4840e70dd809378766b9035ab12bafda,hpc/results/round1-8-64/production/zrc64_T3000_v105_s17/jobs/zrc64_T3000_v105_s17/production/attempt-01/sampling/frames.extxyz,b4dccb6801af5c2276e8bda38746a4f6f66326b38d4a2344115b8b88f363d665,,unassigned,185,stratified_SOAP_FPS,17,0.012906908460700499
zrc64_T4500_v105_s17_f0025,zrc64_T4500_v105_s17,64,4500,1.05,17,development,zrc64_v105_s17_heating,25,1250.0,2500,4966.93418119172,-8.791918754577637,18.934928326891402,9.981549263000488,1.796076175808484,1.3453138879812838,2.5669167183247863,beae6303a40ad6ca5dc88f9dadb166d7560a8b2b3e71571b9fda3e88f557e299,hpc/results/round1-8-64/production/zrc64_T4500_v105_s17/jobs/zrc64_T4500_v105_s17/production/attempt-01/sampling/frames.extxyz,05e37e3688bdce1195b166c3cdb4e0b2767bce96dc36f5029349686ffc9fba78,,unassigned,186,stratified_SOAP_FPS,17,0.03122328277367493
zrc64_T3000_v095_s17_f0155,zrc64_T3000_v095_s17,64,3000,0.95,17,development,zrc64_v095_s17_heating,155,7750.0,15500,3013.7497546923764,-9.274711608886719,28.820303730819404,7.092589378356934,1.8994581213855755,2.474211191216259,2.860081040626865,949023b955b41644e813ba686ed466991b614de086bcb24b96b050d9f5733714,hpc/results/round1-8-64/production/zrc64_T3000_v095_s17/jobs/zrc64_T3000_v095_s17/production/attempt-01/sampling/frames.extxyz,38d42f886936a7c5334dbee7f9fc2d38457e89614c905ba8d473d57ee3aee2bb,,unassigned,187,stratified_SOAP_FPS,17,0.010682804292619804
zrc64_T1500_v095_s17_f0160,zrc64_T1500_v095_s17,64,1500,0.95,17,development,zrc64_v095_s17_heating,160,8000.0,16000,1326.9374809031426,-9.48001766204834,21.925041069738178,5.226712703704834,2.0646624538991207,2.852980645235679,2.9874720390165366,329877aec076e67b6a4a0214f8f04677bc871ec87c80df9da9434ebfce3dc1c8,hpc/results/round1-8-64/production/zrc64_T1500_v095_s17/jobs/zrc64_T1500_v095_s17/production/attempt-01/sampling/frames.extxyz,5b28004032b343dfef216429d4e0761a24384595070cb03a21afa3c444c24067,,unassigned,188,stratified_SOAP_FPS,17,0.00679855302109531
zrc64_T6000_v095_s17_f0045,zrc64_T6000_v095_s17,64,6000,0.95,17,development,zrc64_v095_s17_heating,45,2250.0,4500,5830.685739983404,-7.951936721801758,41.78478034917038,7.563214302062988,1.8688120185103532,1.286011397906962,2.2910197911501085,e4ab3601de98f17f817f32801de91e9645d9af1aa86e2dbb923e9dc9aa923bc0,hpc/results/round1-8-64/production/zrc64_T6000_v095_s17/jobs/zrc64_T6000_v095_s17/production/attempt-01/sampling/frames.extxyz,ebfa194f0d83eb7ec3df31489d43cf1768b9a48d0c55db95d8af2f4e79e8302b,,unassigned,189,stratified_SOAP_FPS,17,0.04476461113955315
zrc64_T4500_v095_s17_f0025,zrc64_T4500_v095_s17,64,4500,0.95,17,development,zrc64_v095_s17_heating,25,1250.0,2500,4183.688356988208,-8.95463752746582,33.67360391091269,9.867046356201172,1.862920755096602,1.2900358927595483,2.6886821645052392,da616acf32faec1107db9f14bde8115c20c725285e99d5247f32176722a5c17f,hpc/results/round1-8-64/production/zrc64_T4500_v095_s17/jobs/zrc64_T4500_v095_s17/production/attempt-01/sampling/frames.extxyz,65116dd3c23f7ea4f37d5e963453d34409098eb6bae1ff570fe77bb92b99e81a,,unassigned,190,stratified_SOAP_FPS,17,0.022339553276688413
zrc64_T1500_v105_s17_f0125,zrc64_T1500_v105_s17,64,1500,1.05,17,development,zrc64_v105_s17_heating,125,6250.0,12500,1547.234043807724,-9.48583698272705,-1.3740223709775365,4.898880481719971,2.044431896070711,2.9632117423803797,3.012437301121691,bbd92fe9e0610a2ab74a472b5d22b7639f76e1c4d0c5499403d22574c0041cf9,hpc/results/round1-8-64/production/zrc64_T1500_v105_s17/jobs/zrc64_T1500_v105_s17/production/attempt-01/sampling/frames.extxyz,d28a4f0a705320a646044b919cebe9286d070451f48feede258cfdd61a8ba8f5,,unassigned,191,stratified_SOAP_FPS,17,0.008809817132158657
zrc64_T4500_v100_s17_f0180,zrc64_T4500_v100_s17,64,4500,1.0,17,development,zrc64_v100_s17_heating,180,9000.0,18000,4981.919720237783,-9.06391429901123,23.706357292046548,9.5918550491333,1.8436945467832953,1.4461166809343278,2.8365009494965174,855392044b5a42d0eaf2489077895b09ec85f502e077c30a40ee57e3e3104b3e,hpc/results/round1-8-64/production/zrc64_T4500_v100_s17/jobs/zrc64_T4500_v100_s17/production/attempt-01/sampling/frames.extxyz,b5f6ee0648c369753023d9323aabfe46cfd7612607cbea2ffbfb15a993519ff2,,unassigned,192,stratified_SOAP_FPS,17,0.027740548533168135
zrc64_T0300_v100_s17_f0070,zrc64_T0300_v100_s17,64,300,1.0,17,development,zrc64_v100_s17_heating,70,3500.0,7000,318.84754062622335,-9.672722816467285,1.6363332271575928,2.110194683074951,2.220404992760805,3.15106745911655,3.1616895552088393,d54eac34b0e1eeade389d8f86ffd07413df2e44a6b386e8a6226377fd0f4e1b4,experiments/zrc_mace_round1/jobs/zrc64_T0300_v100_s17/production/attempt-01/sampling/frames.extxyz,b0e19e781d665d4f92fb7606a1fa566d8357e4b8f1c5799a79f193aea3456c2f,,unassigned,193,stratified_SOAP_FPS,17,0.0029605654484053446
zrc64_T5250_v105_s17_f0040,zrc64_T5250_v105_s17,64,5250,1.05,17,development,zrc64_v105_s17_heating,40,2000.0,4000,4081.1838645395555,-8.36227035522461,20.45589505485953,7.361691951751709,1.9081763240046703,1.3078071237492177,2.477387555107665,ac71e945326a96739f7cd92db27a37b7f34bbcc95dd8f7bd1656bfd847d9c55d,hpc/results/round1-8-64/production/zrc64_T5250_v105_s17/jobs/zrc64_T5250_v105_s17/production/attempt-01/sampling/frames.extxyz,98513e4ef98528a1f91bcd1e3ab3c9da409ecdb19122d0f4eb5d882dd43afa8e,,unassigned,194,stratified_SOAP_FPS,17,0.04795049006387023
zrc64_T1500_v100_s17_f0120,zrc64_T1500_v100_s17,64,1500,1.0,17,development,zrc64_v100_s17_heating,120,6000.0,12000,1691.298326711417,-9.529374122619629,6.882063233970891,5.358059883117676,2.022868764884126,2.9680955009282086,2.9881828578528946,12d81e4fb30d9efaf75c8d4010d8eea1756011dd5b77a769871e8663835ef66f,hpc/results/round1-8-64/production/zrc64_T1500_v100_s17/jobs/zrc64_T1500_v100_s17/production/attempt-01/sampling/frames.extxyz,0b57a9d22d7e8c7db61735858cc30505ba173d07c1c4a6e396f17041a99b84e2,,unassigned,195,stratified_SOAP_FPS,17,0.007759059678263046
zrc64_T0300_v105_s17_f0105,zrc64_T0300_v105_s17,64,300,1.05,17,development,zrc64_v105_s17_heating,105,5250.0,10500,319.48595996601387,-9.654743194580078,-8.724774360656738,1.6295803785324097,2.1983183017166943,3.2140096818525437,3.2019365781249562,6618c3342c58f106a1e182606ab7a1e6b98d11b7bb8e4624fceff9d7cdff99c0,experiments/zrc_mace_round1/jobs/zrc64_T0300_v105_s17/production/attempt-01/sampling/frames.extxyz,2e6224250d01b866f883442edea3e0ecd17b582eb99446eca08ba48b95249e08,,unassigned,196,stratified_SOAP_FPS,17,0.0032338396736500004
zrc64_T0300_v095_s17_f0060,zrc64_T0300_v095_s17,64,300,0.95,17,development,zrc64_v095_s17_heating,60,3000.0,6000,261.75448346004265,-9.650477409362793,14.97961139678955,1.9399874210357666,2.163149086737417,3.0707207714052402,3.1091197580584247,977b60856b179beb0cc3853bef60c548befd21033c75e12b82bd621cbf4cedbc,experiments/zrc_mace_round1/jobs/zrc64_T0300_v095_s17/production/attempt-01/sampling/frames.extxyz,29fc41d9fad7160ccd2375073663700da24320df162982d90ed67297d635bd7d,,unassigned,197,stratified_SOAP_FPS,17,0.0025137947827728654
zrc64_T6000_v105_s17_f0060,zrc64_T6000_v105_s17,64,6000,1.05,17,development,zrc64_v105_s17_heating,60,3000.0,6000,6283.572028124556,-8.057425498962402,28.149772839158018,11.988231658935547,1.8236896274011638,1.2613616465980053,2.3107952847962387,cd60f81bc437b3686081b85ea22394639c83b5fc611aa6b31342028cfac42261,hpc/results/round1-8-64/production/zrc64_T6000_v105_s17/jobs/zrc64_T6000_v105_s17/production/attempt-01/sampling/frames.extxyz,ef738ec6f25e619a80c636ce84ec0302c99d26bcf9231bfb5a2f7e421275dfdc,,unassigned,198,stratified_SOAP_FPS,17,0.04809642872151226
zrc64_T3000_v100_s17_f0090,zrc64_T3000_v100_s17,64,3000,1.0,17,development,zrc64_v100_s17_heating,90,4500.0,9000,3323.5943546279523,-9.340521812438965,12.832471371024884,7.208562850952148,1.9461500478505291,2.6899419249543506,2.8659463742559304,33501a06b4f9d6f46d1889281e51034b42a4e443a72dd1e93bf0421971f8c6bc,hpc/results/round1-8-64/production/zrc64_T3000_v100_s17/jobs/zrc64_T3000_v100_s17/production/attempt-01/sampling/frames.extxyz,a4444c4024dfaef8af475d257202e4ec0c331a45e9426cd5c950944caa131eaa,,unassigned,199,stratified_SOAP_FPS,17,0.011802070824250941
zrc64_T5250_v100_s17_f0065,zrc64_T5250_v100_s17,64,5250,1.0,17,development,zrc64_v100_s17_heating,65,3250.0,6500,4409.094828763322,-8.23137092590332,26.139075925967745,13.079007148742676,1.7467706079416343,1.2232273878921025,2.4099696718175445,93c574f1b10770abe8b57c65172e9d413c922185ccee2f2953090eb29e1224ba,hpc/results/round1-8-64/production/zrc64_T5250_v100_s17/jobs/zrc64_T5250_v100_s17/production/attempt-01/sampling/frames.extxyz,c105336a4968370fe0edbeab8640489ed047806d76ff10421d0ca32fae09eea0,,unassigned,200,stratified_SOAP_FPS,17,0.04581836256023779
