frame_id,job_id,atoms,target_temperature_K,volume_scale,md_seed,split,source_group,frame_index_zero_based,sampling_time_fs,step,temperature_K,MACE_energy_eV_atom,MACE_pressure_GPa,MACE_max_force_eV_A,min_ZrC_A,min_CC_A,min_ZrZr_A,geometry_sha256,source_path,source_sha256,duplicate_of,phase,rank,method,selection_seed,min_SOAP_distance_before_selection
zrc64_T5250_v100_s17_f0175,zrc64_T5250_v100_s17,64,5250,1.0,17,development,zrc64_v100_s17_heating,175,8750.0,17500,5031.1307382983,-8.2210111618042,26.876519864973915,7.724471092224121,1.9075356890089654,1.3073959002888784,2.314332420369777,1accd35cb678773425563203f2aa83f2fa3b8a8fb7ce2f998950b6eccb90d1f9,hpc/results/round1-8-64/production/zrc64_T5250_v100_s17/jobs/zrc64_T5250_v100_s17/production/attempt-01/sampling/frames.extxyz,c105336a4968370fe0edbeab8640489ed047806d76ff10421d0ca32fae09eea0,,unassigned,1,stratified_SOAP_FPS,2026,
zrc64_T4500_v105_s17_f0070,zrc64_T4500_v105_s17,64,4500,1.05,17,development,zrc64_v105_s17_heating,70,3500.0,7000,4047.358958165984,-8.964923858642578,15.865388397398066,11.04238224029541,1.8717995109985823,1.3193851199904072,2.769427706291384,02b2c71bed1991369fb6c006ee6d52359c745970d33144b259ab877aeb067104,hpc/results/round1-8-64/production/zrc64_T4500_v105_s17/jobs/zrc64_T4500_v105_s17/production/attempt-01/sampling/frames.extxyz,05e37e3688bdce1195b166c3cdb4e0b2767bce96dc36f5029349686ffc9fba78,,unassigned,2,stratified_SOAP_FPS,2026,0.2206624311780699
zrc64_T3000_v100_s17_f0145,zrc64_T3000_v100_s17,64,3000,1.0,17,development,zrc64_v100_s17_heating,145,7250.0,14500,3590.0907024911053,-9.373064994812012,14.654409117305734,6.599186897277832,1.9833654188325478,2.7940640501073712,2.966365409697474,a44e2aa5a5e462220042593d1553f822972190da4b5696774ea07e8265055fee,hpc/results/round1-8-64/production/zrc64_T3000_v100_s17/jobs/zrc64_T3000_v100_s17/production/attempt-01/sampling/frames.extxyz,a4444c4024dfaef8af475d257202e4ec0c331a45e9426cd5c950944caa131eaa,,unassigned,3,stratified_SOAP_FPS,2026,0.08841095932377445
zrc64_T0300_v095_s17_f0150,zrc64_T0300_v095_s17,64,300,0.95,17,development,zrc64_v095_s17_heating,150,7500.0,15000,240.52305557721652,-9.650367736816406,15.122061729431152,2.163243293762207,2.187306485963297,3.08995985801865,3.12025796227728,91c73a38d9a211c724feabf145527732d369d16a054d0e0b5276a50b22ad2aa0,experiments/zrc_mace_round1/jobs/zrc64_T0300_v095_s17/production/attempt-01/sampling/frames.extxyz,29fc41d9fad7160ccd2375073663700da24320df162982d90ed67297d635bd7d,,unassigned,4,stratified_SOAP_FPS,2026,0.05831865032149506
zrc64_T0300_v105_s17_f0035,zrc64_T0300_v105_s17,64,300,1.05,17,development,zrc64_v105_s17_heating,35,1750.0,3500,310.9935030550337,-9.658937454223633,-8.819758415222168,1.7794971466064453,2.248525059365462,3.213097293583193,3.2378612063478163,66a1de4f0c84f3afbbd2b2ffc3d3abe36a42127c1da4cd3c218048a8a3188201,experiments/zrc_mace_round1/jobs/zrc64_T0300_v105_s17/production/attempt-01/sampling/frames.extxyz,2e6224250d01b866f883442edea3e0ecd17b582eb99446eca08ba48b95249e08,,unassigned,5,stratified_SOAP_FPS,2026,0.07079759699024259
zrc64_T0300_v100_s17_f0035,zrc64_T0300_v100_s17,64,300,1.0,17,development,zrc64_v100_s17_heating,35,1750.0,3500,331.76828469006017,-9.675004005432129,1.4470722675323486,2.0895187854766846,2.180291314804583,3.147761974461389,3.1870211398480777,4d071bf64d1cbb6bc4965502cb2050e339de828e5f43f65e7b5edaf3f9696cd8,experiments/zrc_mace_round1/jobs/zrc64_T0300_v100_s17/production/attempt-01/sampling/frames.extxyz,b0e19e781d665d4f92fb7606a1fa566d8357e4b8f1c5799a79f193aea3456c2f,,unassigned,6,stratified_SOAP_FPS,2026,0.044934539445133995
zrc64_T4500_v100_s17_f0060,zrc64_T4500_v100_s17,64,4500,1.0,17,development,zrc64_v100_s17_heating,60,3000.0,6000,4680.784261297635,-9.011520385742188,21.77151905751689,10.246223449707031,1.8453002196899977,1.3584796320590573,2.5508839364372826,1f9b69358b1824bb0686e981a53105082664dc2a1d65bfa4b99d44fcdef0bc46,hpc/results/round1-8-64/production/zrc64_T4500_v100_s17/jobs/zrc64_T4500_v100_s17/production/attempt-01/sampling/frames.extxyz,b5f6ee0648c369753023d9323aabfe46cfd7612607cbea2ffbfb15a993519ff2,,unassigned,7,stratified_SOAP_FPS,2026,0.05611623167143345
zrc64_T6000_v095_s17_f0015,zrc64_T6000_v095_s17,64,6000,0.95,17,development,zrc64_v095_s17_heating,15,750.0,1500,6133.185170693796,-7.834315299987793,49.41064559278123,14.44262409210205,1.6548732342156052,1.2652162448767972,2.302671802608604,f693fb96b1a7e6eacf55379f9611ff4e1fa2d3051476989add65f6cdd47fb8ac,hpc/results/round1-8-64/production/zrc64_T6000_v095_s17/jobs/zrc64_T6000_v095_s17/production/attempt-01/sampling/frames.extxyz,ebfa194f0d83eb7ec3df31489d43cf1768b9a48d0c55db95d8af2f4e79e8302b,,unassigned,8,stratified_SOAP_FPS,2026,0.08887832912011717
zrc64_T3000_v105_s17_f0035,zrc64_T3000_v105_s17,64,3000,1.05,17,development,zrc64_v105_s17_heating,35,1750.0,3500,3030.108130304613,-9.296937942504883,3.7445145114218565,8.240120887756348,1.8801396777093011,2.7907145791842183,2.8788895496632114,e281f351792d23dd5d0ef9379e5347425f8df44010e5cb91e69500e6cebb5ec9,hpc/results/round1-8-64/production/zrc64_T3000_v105_s17/jobs/zrc64_T3000_v105_s17/production/attempt-01/sampling/frames.extxyz,b4dccb6801af5c2276e8bda38746a4f6f66326b38d4a2344115b8b88f363d665,,unassigned,9,stratified_SOAP_FPS,2026,0.04650772861167975
zrc64_T5250_v105_s17_f0010,zrc64_T5250_v105_s17,64,5250,1.05,17,development,zrc64_v105_s17_heating,10,500.0,1000,5357.202898996042,-8.210598945617676,27.393556683049468,9.370832443237305,1.8101169298894384,1.2973686227411563,2.462638528148368,605ac1ff8cb65fe552cfcbc48cd1b0b0cfce9dd3cb508a52eb2126b87ef26c5b,hpc/results/round1-8-64/production/zrc64_T5250_v105_s17/jobs/zrc64_T5250_v105_s17/production/attempt-01/sampling/frames.extxyz,98513e4ef98528a1f91bcd1e3ab3c9da409ecdb19122d0f4eb5d882dd43afa8e,,unassigned,10,stratified_SOAP_FPS,2026,0.0855207460209577
zrc64_T5250_v095_s17_f0095,zrc64_T5250_v095_s17,64,5250,0.95,17,development,zrc64_v095_s17_heating,95,4750.0,9500,4992.58772121069,-8.355366706848145,42.26002405065823,7.489541530609131,1.8152238588460448,1.297855401351728,2.416678797342985,fb8b975dd9b9e1af945f7aeb40821d0a488b4fb68c3186393f2d8b56cea5430a,hpc/results/round1-8-64/production/zrc64_T5250_v095_s17/jobs/zrc64_T5250_v095_s17/production/attempt-01/sampling/frames.extxyz,7fdbc9fc59e3288da3c2fc653d1ed8709f0feeca8bf1573cf734a243a8eea755,,unassigned,11,stratified_SOAP_FPS,2026,0.10077826419627607
zrc64_T1500_v100_s17_f0060,zrc64_T1500_v100_s17,64,1500,1.0,17,development,zrc64_v100_s17_heating,60,3000.0,6000,1646.463006028126,-9.54569149017334,7.126421481223583,4.84951639175415,2.027522344804732,2.9446425069468156,3.073604101493883,f26fda6ef73a6fe932da629d94fcf083aa80544bdd4fac3507c2b7fe495f49f4,hpc/results/round1-8-64/production/zrc64_T1500_v100_s17/jobs/zrc64_T1500_v100_s17/production/attempt-01/sampling/frames.extxyz,0b57a9d22d7e8c7db61735858cc30505ba173d07c1c4a6e396f17041a99b84e2,,unassigned,12,stratified_SOAP_FPS,2026,0.024329340945583908
zrc64_T1500_v105_s17_f0185,zrc64_T1500_v105_s17,64,1500,1.05,17,development,zrc64_v105_s17_heating,185,9250.0,18500,1504.7616315188197,-9.509425163269043,-2.674447619190616,4.594461917877197,2.0215974083116084,2.9026806605593367,2.965845001492777,262d5780172cec018579343d7a0b5cf16aab79b52bfb1bb3c2d8ab370b9b3daf,hpc/results/round1-8-64/production/zrc64_T1500_v105_s17/jobs/zrc64_T1500_v105_s17/production/attempt-01/sampling/frames.extxyz,d28a4f0a705320a646044b919cebe9286d070451f48feede258cfdd61a8ba8f5,,unassigned,13,stratified_SOAP_FPS,2026,0.033529641778241165
zrc64_T6000_v105_s17_f0130,zrc64_T6000_v105_s17,64,6000,1.05,17,development,zrc64_v105_s17_heating,130,6500.0,13000,5883.442117353118,-8.151001930236816,27.001763364600514,13.540291786193848,1.8069339687159818,1.2055236715415414,2.3952929624729467,7286d5bb60ea3cbf6bbf7958344a7192e1454ce1a299dcdf3db2c227a7f01bdd,hpc/results/round1-8-64/production/zrc64_T6000_v105_s17/jobs/zrc64_T6000_v105_s17/production/attempt-01/sampling/frames.extxyz,ef738ec6f25e619a80c636ce84ec0302c99d26bcf9231bfb5a2f7e421275dfdc,,unassigned,14,stratified_SOAP_FPS,2026,0.07552711704579372
zrc64_T3000_v095_s17_f0115,zrc64_T3000_v095_s17,64,3000,0.95,17,development,zrc64_v095_s17_heating,115,5750.0,11500,2510.1967425983976,-9.220160484313965,29.966724751277443,8.176387786865234,1.877343854863728,2.631718620043943,2.816872160476254,e86797068b4acbe32cdf92246cc7254c2c4de0564c53a6f3fa4d2d6e803c0d69,hpc/results/round1-8-64/production/zrc64_T3000_v095_s17/jobs/zrc64_T3000_v095_s17/production/attempt-01/sampling/frames.extxyz,38d42f886936a7c5334dbee7f9fc2d38457e89614c905ba8d473d57ee3aee2bb,,unassigned,15,stratified_SOAP_FPS,2026,0.046463991687150465
zrc64_T6000_v100_s17_f0060,zrc64_T6000_v100_s17,64,6000,1.0,17,development,zrc64_v100_s17_heating,60,3000.0,6000,5454.345287222634,-8.197627067565918,33.9203036740906,10.863419532775879,1.854142909624498,1.217630263809758,2.355896789024353,76729989ca952ef19696c5b3a22b8ea08fbeb0971305768103cdeebddb8deedd,hpc/results/round1-8-64/production/zrc64_T6000_v100_s17/jobs/zrc64_T6000_v100_s17/production/attempt-01/sampling/frames.extxyz,41599cc730e48121c4bdac3bc09d76b684d95a277e129cddc8adb7f46e6d0946,,unassigned,16,stratified_SOAP_FPS,2026,0.06569117924733887
zrc64_T1500_v095_s17_f0070,zrc64_T1500_v095_s17,64,1500,0.95,17,development,zrc64_v095_s17_heating,70,3500.0,7000,1745.1624934679908,-9.474870681762695,21.95403427234165,5.854183673858643,2.0070339413310037,2.8996806742845394,2.922835585267994,3301a1689c5d6bb940b886c835efcd53bb6d2ee238d442b3f48d0ec64f941512,hpc/results/round1-8-64/production/zrc64_T1500_v095_s17/jobs/zrc64_T1500_v095_s17/production/attempt-01/sampling/frames.extxyz,5b28004032b343dfef216429d4e0761a24384595070cb03a21afa3c444c24067,,unassigned,17,stratified_SOAP_FPS,2026,0.03121156253374536
zrc64_T4500_v095_s17_f0020,zrc64_T4500_v095_s17,64,4500,0.95,17,development,zrc64_v095_s17_heating,20,1000.0,2000,4602.701837833053,-9.016511917114258,36.843436249375465,7.994457244873047,1.8952346636530877,1.5210445470882965,2.7496419937762457,02d12b6451dfd8134e204f37a6db6bd144300d467bf8114b573c28d2514e5bed,hpc/results/round1-8-64/production/zrc64_T4500_v095_s17/jobs/zrc64_T4500_v095_s17/production/attempt-01/sampling/frames.extxyz,65116dd3c23f7ea4f37d5e963453d34409098eb6bae1ff570fe77bb92b99e81a,,unassigned,18,stratified_SOAP_FPS,2026,0.06372903994423039
zrc64_T1500_v100_s17_f0090,zrc64_T1500_v100_s17,64,1500,1.0,17,development,zrc64_v100_s17_heating,90,4500.0,9000,1103.1825172737301,-9.516040802001953,6.479591951265143,4.991501808166504,2.0447464555731094,2.84164511075051,3.031268211575257,45e9a0086c212074a7ae298697350309dbdfd47cfb921e807d13f2af0f753913,hpc/results/round1-8-64/production/zrc64_T1500_v100_s17/jobs/zrc64_T1500_v100_s17/production/attempt-01/sampling/frames.extxyz,0b57a9d22d7e8c7db61735858cc30505ba173d07c1c4a6e396f17041a99b84e2,,unassigned,19,stratified_SOAP_FPS,2026,0.013900965224500407
zrc64_T6000_v095_s17_f0170,zrc64_T6000_v095_s17,64,6000,0.95,17,development,zrc64_v095_s17_heating,170,8500.0,17000,6854.818107494847,-8.015305519104004,48.8099898418495,10.918021202087402,1.7622006007200892,1.3304387731139868,2.4355724699791943,e9a4036cfbeeda0547d6667ecd6352cd5b22c2b258ccfbcabb68a69368961d4a,hpc/results/round1-8-64/production/zrc64_T6000_v095_s17/jobs/zrc64_T6000_v095_s17/production/attempt-01/sampling/frames.extxyz,ebfa194f0d83eb7ec3df31489d43cf1768b9a48d0c55db95d8af2f4e79e8302b,,unassigned,20,stratified_SOAP_FPS,2026,0.0727111761050172
zrc64_T4500_v095_s17_f0180,zrc64_T4500_v095_s17,64,4500,0.95,17,development,zrc64_v095_s17_heating,180,9000.0,18000,4896.307383466748,-8.995349884033203,33.2223400158635,8.997953414916992,1.8308458311228717,2.1934557475798293,2.7402048425445056,03225c336885b9384a966bacf331d6a3ac606985909a1c4dbe76dd8c953611ad,hpc/results/round1-8-64/production/zrc64_T4500_v095_s17/jobs/zrc64_T4500_v095_s17/production/attempt-01/sampling/frames.extxyz,65116dd3c23f7ea4f37d5e963453d34409098eb6bae1ff570fe77bb92b99e81a,,unassigned,21,stratified_SOAP_FPS,2026,0.035927970526362936
zrc64_T5250_v105_s17_f0135,zrc64_T5250_v105_s17,64,5250,1.05,17,development,zrc64_v105_s17_heating,135,6750.0,13500,5223.5906992098335,-8.24553394317627,23.653665955265335,12.678422927856445,1.7185614799121691,1.2606824933194583,2.3666683290960737,0a1071359494d67cfec538770ae46865490c4e1688af6de8c1568fc8ab268ce7,hpc/results/round1-8-64/production/zrc64_T5250_v105_s17/jobs/zrc64_T5250_v105_s17/production/attempt-01/sampling/frames.extxyz,98513e4ef98528a1f91bcd1e3ab3c9da409ecdb19122d0f4eb5d882dd43afa8e,,unassigned,22,stratified_SOAP_FPS,2026,0.06061665414588169
zrc64_T3000_v105_s17_f0170,zrc64_T3000_v105_s17,64,3000,1.05,17,development,zrc64_v105_s17_heating,170,8500.0,17000,3277.2209235945033,-9.337461471557617,4.270741051959754,8.082982063293457,1.8788792542543733,2.967076468667077,2.797455198175392,09152a677cfdc8d407ff161a1419ebacdaf2e6ea2fae4ddfff66ba95f9d91017,hpc/results/round1-8-64/production/zrc64_T3000_v105_s17/jobs/zrc64_T3000_v105_s17/production/attempt-01/sampling/frames.extxyz,b4dccb6801af5c2276e8bda38746a4f6f66326b38d4a2344115b8b88f363d665,,unassigned,23,stratified_SOAP_FPS,2026,0.021737718837794462
zrc64_T3000_v095_s17_f0075,zrc64_T3000_v095_s17,64,3000,0.95,17,development,zrc64_v095_s17_heating,75,3750.0,7500,3411.2281377911754,-9.311695098876953,27.212784332812458,6.530073642730713,2.0238746446734446,2.7373265768266433,2.8009499964010365,371891d1edd2dfa9c8f1147f600d190bd3c3124a07d342765159b04a43562b6a,hpc/results/round1-8-64/production/zrc64_T3000_v095_s17/jobs/zrc64_T3000_v095_s17/production/attempt-01/sampling/frames.extxyz,38d42f886936a7c5334dbee7f9fc2d38457e89614c905ba8d473d57ee3aee2bb,,unassigned,24,stratified_SOAP_FPS,2026,0.020059124956051253
zrc64_T4500_v100_s17_f0010,zrc64_T4500_v100_s17,64,4500,1.0,17,development,zrc64_v100_s17_heating,10,500.0,1000,3905.2001191426525,-8.853416442871094,28.29072044533169,8.447429656982422,1.8805222699087674,1.338896564310329,2.562572265312685,e743ba3d2a25037f4f68236e11cd846616159dae98b37eba6384a104f658a5fb,hpc/results/round1-8-64/production/zrc64_T4500_v100_s17/jobs/zrc64_T4500_v100_s17/production/attempt-01/sampling/frames.extxyz,b5f6ee0648c369753023d9323aabfe46cfd7612607cbea2ffbfb15a993519ff2,,unassigned,25,stratified_SOAP_FPS,2026,0.05164536018773474
zrc64_T5250_v100_s17_f0010,zrc64_T5250_v100_s17,64,5250,1.0,17,development,zrc64_v100_s17_heating,10,500.0,1000,5135.063562972283,-8.727621078491211,30.19490617874849,10.469423294067383,1.861360007786885,1.254705854787087,2.6252054855879874,41be4fe10dfc88bc643908ada62289515e8984c1027dafe092ca2281e967ff7c,hpc/results/round1-8-64/production/zrc64_T5250_v100_s17/jobs/zrc64_T5250_v100_s17/production/attempt-01/sampling/frames.extxyz,c105336a4968370fe0edbeab8640489ed047806d76ff10421d0ca32fae09eea0,,unassigned,26,stratified_SOAP_FPS,2026,0.0645541915301848
zrc64_T5250_v095_s17_f0190,zrc64_T5250_v095_s17,64,5250,0.95,17,development,zrc64_v095_s17_heating,190,9500.0,19000,5107.394314933385,-8.30595588684082,41.937363139238464,10.748355865478516,1.8632558638665977,1.3247080807226095,2.317173990802886,45875f6e329fd63b2a5a0decfa74b4e8c32dfe372c4c4eecf9dd14d4fb5369b0,hpc/results/round1-8-64/production/zrc64_T5250_v095_s17/jobs/zrc64_T5250_v095_s17/production/attempt-01/sampling/frames.extxyz,7fdbc9fc59e3288da3c2fc653d1ed8709f0feeca8bf1573cf734a243a8eea755,,unassigned,27,stratified_SOAP_FPS,2026,0.07133424889971605
zrc64_T0300_v105_s17_f0030,zrc64_T0300_v105_s17,64,300,1.05,17,development,zrc64_v105_s17_heating,30,1500.0,3000,303.8238636552971,-9.64461898803711,-8.393218040466309,1.9891026020050049,2.166524464898071,3.173381683579011,3.228829415612599,58d0e30e5ed635159892a1d925f7842c1b1f162db6d82e90f9ae7c51510fcaf9,experiments/zrc_mace_round1/jobs/zrc64_T0300_v105_s17/production/attempt-01/sampling/frames.extxyz,2e6224250d01b866f883442edea3e0ecd17b582eb99446eca08ba48b95249e08,,unassigned,28,stratified_SOAP_FPS,2026,0.010260653181773516
zrc64_T6000_v100_s17_f0030,zrc64_T6000_v100_s17,64,6000,1.0,17,development,zrc64_v100_s17_heating,30,1500.0,3000,6099.41426473883,-8.056236267089844,35.468183752512445,11.02858829498291,1.8472743385243489,1.265274819793262,2.277624220345059,06877f72b756dfdd42b7379157b7eec2950b1c417e6c8959d1a40e90f615a015,hpc/results/round1-8-64/production/zrc64_T6000_v100_s17/jobs/zrc64_T6000_v100_s17/production/attempt-01/sampling/frames.extxyz,41599cc730e48121c4bdac3bc09d76b684d95a277e129cddc8adb7f46e6d0946,,unassigned,29,stratified_SOAP_FPS,2026,0.06132964652795569
zrc64_T1500_v095_s17_f0040,zrc64_T1500_v095_s17,64,1500,0.95,17,development,zrc64_v095_s17_heating,40,2000.0,4000,1368.1361641265146,-9.557026863098145,19.259018155266624,4.289515972137451,2.0994511956345363,2.990988700206824,3.0230150651319745,426704b97d09c87c7d702dd6439d363542d0da31efcddf330728a221f4c5dc19,hpc/results/round1-8-64/production/zrc64_T1500_v095_s17/jobs/zrc64_T1500_v095_s17/production/attempt-01/sampling/frames.extxyz,5b28004032b343dfef216429d4e0761a24384595070cb03a21afa3c444c24067,,unassigned,30,stratified_SOAP_FPS,2026,0.015613015765168941
zrc64_T1500_v105_s17_f0035,zrc64_T1500_v105_s17,64,1500,1.05,17,development,zrc64_v105_s17_heating,35,1750.0,3500,1554.6175646363076,-9.482958793640137,-2.0705945497824727,5.37630033493042,1.9530427502254601,2.7367506933628625,3.095963754087477,ca5fc8def931eba048f9770f0f31cf2344d65399fbfe330bac8304f7c11d7e84,hpc/results/round1-8-64/production/zrc64_T1500_v105_s17/jobs/zrc64_T1500_v105_s17/production/attempt-01/sampling/frames.extxyz,d28a4f0a705320a646044b919cebe9286d070451f48feede258cfdd61a8ba8f5,,unassigned,31,stratified_SOAP_FPS,2026,0.01705184896090676
zrc64_T3000_v100_s17_f0060,zrc64_T3000_v100_s17,64,3000,1.0,17,development,zrc64_v100_s17_heating,60,3000.0,6000,2059.759962916072,-9.319141387939453,12.361119825772773,6.9787397384643555,1.9424632612535737,2.6316313362140202,2.9072988352330555,1ede435c6a511dec84d2d82ffb83a8d877ef455e82f7e83bee7668c106793d76,hpc/results/round1-8-64/production/zrc64_T3000_v100_s17/jobs/zrc64_T3000_v100_s17/production/attempt-01/sampling/frames.extxyz,a4444c4024dfaef8af475d257202e4ec0c331a45e9426cd5c950944caa131eaa,,unassigned,32,stratified_SOAP_FPS,2026,0.02541058691381201
zrc64_T0300_v095_s17_f0140,zrc64_T0300_v095_s17,64,300,0.95,17,development,zrc64_v095_s17_heating,140,7000.0,14000,281.42317541487716,-9.648665428161621,15.154378890991211,2.0095534324645996,2.1724338132285053,3.0880817992909813,3.145535070537928,63fdfd70f17df00b271e65d445a9c843d548ee3f88071c7b7da24ba32a8916de,experiments/zrc_mace_round1/jobs/zrc64_T0300_v095_s17/production/attempt-01/sampling/frames.extxyz,29fc41d9fad7160ccd2375073663700da24320df162982d90ed67297d635bd7d,,unassigned,33,stratified_SOAP_FPS,2026,0.006733445749860368
zrc64_T4500_v105_s17_f0020,zrc64_T4500_v105_s17,64,4500,1.05,17,development,zrc64_v105_s17_heating,20,1000.0,2000,4145.796620565565,-8.822909355163574,17.857363511175148,9.29629135131836,1.860529972156709,1.3164573809936027,2.6800317979094332,1ce5914d40e3c2b1295e13a102ffa9f4f947ded940484feb71b90d9742e2df0c,hpc/results/round1-8-64/production/zrc64_T4500_v105_s17/jobs/zrc64_T4500_v105_s17/production/attempt-01/sampling/frames.extxyz,05e37e3688bdce1195b166c3cdb4e0b2767bce96dc36f5029349686ffc9fba78,,unassigned,34,stratified_SOAP_FPS,2026,0.06677738955361082
zrc64_T0300_v100_s17_f0180,zrc64_T0300_v100_s17,64,300,1.0,17,development,zrc64_v100_s17_heating,180,9000.0,18000,229.395968989696,-9.67772102355957,1.4209002256393433,1.979588508605957,2.208100895777164,3.1730962657792414,3.207503802912754,6e2a3a6dbc9693fe848fc1b529f1f7aa970731c08571866cd1adf00f8573c0f6,experiments/zrc_mace_round1/jobs/zrc64_T0300_v100_s17/production/attempt-01/sampling/frames.extxyz,b0e19e781d665d4f92fb7606a1fa566d8357e4b8f1c5799a79f193aea3456c2f,,unassigned,35,stratified_SOAP_FPS,2026,0.005805171780125953
zrc64_T6000_v105_s17_f0200,zrc64_T6000_v105_s17,64,6000,1.05,17,development,zrc64_v105_s17_heating,200,10000.0,20000,5876.490867296732,-8.274063110351562,22.60068426087934,10.23852825164795,1.776132969529834,1.3672876822617852,2.4503545770041484,b46fe8cf73c44393ba0be48cf575a3cc5e32ab9249e7d6b0df889199a8f50924,hpc/results/round1-8-64/production/zrc64_T6000_v105_s17/jobs/zrc64_T6000_v105_s17/production/attempt-01/sampling/frames.extxyz,ef738ec6f25e619a80c636ce84ec0302c99d26bcf9231bfb5a2f7e421275dfdc,,unassigned,36,stratified_SOAP_FPS,2026,0.07350161396206666
zrc64_T4500_v095_s17_f0095,zrc64_T4500_v095_s17,64,4500,0.95,17,development,zrc64_v095_s17_heating,95,4750.0,9500,4737.274744950833,-9.091711044311523,33.66829638110724,8.169904708862305,1.8225255727664937,1.8424177789022684,2.7763613802856595,12483361d7afa703ba3848f95fc791b12a7f969e66d3b0234882dc74f7122486,hpc/results/round1-8-64/production/zrc64_T4500_v095_s17/jobs/zrc64_T4500_v095_s17/production/attempt-01/sampling/frames.extxyz,65116dd3c23f7ea4f37d5e963453d34409098eb6bae1ff570fe77bb92b99e81a,,unassigned,37,stratified_SOAP_FPS,2026,0.031107450695791
zrc64_T5250_v095_s17_f0170,zrc64_T5250_v095_s17,64,5250,0.95,17,development,zrc64_v095_s17_heating,170,8500.0,17000,6003.731198531082,-8.349084854125977,40.77761682927668,10.924280166625977,1.9402487391163403,1.2334892760173088,2.533971142461676,260cf502d33232b636e55ae290fa0939bd62024f234bfbe514b8345b39253bf2,hpc/results/round1-8-64/production/zrc64_T5250_v095_s17/jobs/zrc64_T5250_v095_s17/production/attempt-01/sampling/frames.extxyz,7fdbc9fc59e3288da3c2fc653d1ed8709f0feeca8bf1573cf734a243a8eea755,,unassigned,38,stratified_SOAP_FPS,2026,0.07051585398070055
zrc64_T0300_v100_s17_f0155,zrc64_T0300_v100_s17,64,300,1.0,17,development,zrc64_v100_s17_heating,155,7750.0,15500,314.589464314084,-9.667302131652832,1.6260910034179688,2.5195140838623047,2.167546605638403,3.1485087797819578,3.1792875459567167,659b6379e1e0eb741d1eba6469a1fded2feb3ed15c22b3df608a921443e6588f,experiments/zrc_mace_round1/jobs/zrc64_T0300_v100_s17/production/attempt-01/sampling/frames.extxyz,b0e19e781d665d4f92fb7606a1fa566d8357e4b8f1c5799a79f193aea3456c2f,,unassigned,39,stratified_SOAP_FPS,2026,0.005107109587941005
zrc64_T3000_v095_s17_f0005,zrc64_T3000_v095_s17,64,3000,0.95,17,development,zrc64_v095_s17_heating,5,250.0,500,2906.166797547461,-9.37210750579834,25.863188454268872,5.427310943603516,1.983026361162348,2.80166398269328,2.8813243909078183,21e656a054c64da7fcd634f702ce3fd6c5d7b0b1f1ba4dd70ffde18c9c6c8f97,hpc/results/round1-8-64/production/zrc64_T3000_v095_s17/jobs/zrc64_T3000_v095_s17/production/attempt-01/sampling/frames.extxyz,38d42f886936a7c5334dbee7f9fc2d38457e89614c905ba8d473d57ee3aee2bb,,unassigned,40,stratified_SOAP_FPS,2026,0.01639697043475976
zrc64_T1500_v100_s17_f0050,zrc64_T1500_v100_s17,64,1500,1.0,17,development,zrc64_v100_s17_heating,50,2500.0,5000,1373.0074688914297,-9.473387718200684,8.683931348624224,4.448522090911865,2.044078802785356,2.8662971212128334,3.000537423609963,f33a053023bd2a88cbd989d726495b2dba1bd70eb23334cc6ddbcf83a86d3352,hpc/results/round1-8-64/production/zrc64_T1500_v100_s17/jobs/zrc64_T1500_v100_s17/production/attempt-01/sampling/frames.extxyz,0b57a9d22d7e8c7db61735858cc30505ba173d07c1c4a6e396f17041a99b84e2,,unassigned,41,stratified_SOAP_FPS,2026,0.01157894163172602
zrc64_T6000_v105_s17_f0115,zrc64_T6000_v105_s17,64,6000,1.05,17,development,zrc64_v105_s17_heating,115,5750.0,11500,6408.0976324420735,-8.158702850341797,25.467152413392807,10.566728591918945,1.8339165927781538,1.3158504591609252,2.1729732478727404,47dbb192b3f671257707227b023f55956f4aa458f2d4948067acc956e787f2a2,hpc/results/round1-8-64/production/zrc64_T6000_v105_s17/jobs/zrc64_T6000_v105_s17/production/attempt-01/sampling/frames.extxyz,ef738ec6f25e619a80c636ce84ec0302c99d26bcf9231bfb5a2f7e421275dfdc,,unassigned,42,stratified_SOAP_FPS,2026,0.06990853714128363
zrc64_T5250_v105_s17_f0035,zrc64_T5250_v105_s17,64,5250,1.05,17,development,zrc64_v105_s17_heating,35,1750.0,3500,4798.485205303595,-8.282184600830078,24.405701225804187,7.898583889007568,1.819680715580825,1.314268678706647,2.3159361212254215,fb4ffe5257fb74ecdcef41da1804c96b3fc008d9df9b3cc60f036cd3e4cd5074,hpc/results/round1-8-64/production/zrc64_T5250_v105_s17/jobs/zrc64_T5250_v105_s17/production/attempt-01/sampling/frames.extxyz,98513e4ef98528a1f91bcd1e3ab3c9da409ecdb19122d0f4eb5d882dd43afa8e,,unassigned,43,stratified_SOAP_FPS,2026,0.05820416996687987
zrc64_T3000_v100_s17_f0150,zrc64_T3000_v100_s17,64,3000,1.0,17,development,zrc64_v100_s17_heating,150,7500.0,15000,3099.6071896582184,-9.29687786102295,16.011654169447343,6.559052467346191,1.9652707588290461,2.808989213610668,2.888886029394997,b851244234e27d1fe27a8ce5bcf6f90836c4ea186467a37437ab349826280356,hpc/results/round1-8-64/production/zrc64_T3000_v100_s17/jobs/zrc64_T3000_v100_s17/production/attempt-01/sampling/frames.extxyz,a4444c4024dfaef8af475d257202e4ec0c331a45e9426cd5c950944caa131eaa,,unassigned,44,stratified_SOAP_FPS,2026,0.017726087665347362
zrc64_T5250_v100_s17_f0140,zrc64_T5250_v100_s17,64,5250,1.0,17,development,zrc64_v100_s17_heating,140,7000.0,14000,6009.110977123895,-8.163853645324707,34.64603806096682,7.805075168609619,1.7880310063712979,1.2742537949347705,2.176820638884028,15d597d2cefa7e070f0b1b0421c151dd218a4128f6d46f864c1e9c93da199012,hpc/results/round1-8-64/production/zrc64_T5250_v100_s17/jobs/zrc64_T5250_v100_s17/production/attempt-01/sampling/frames.extxyz,c105336a4968370fe0edbeab8640489ed047806d76ff10421d0ca32fae09eea0,,unassigned,45,stratified_SOAP_FPS,2026,0.057547687935382744
zrc64_T4500_v100_s17_f0140,zrc64_T4500_v100_s17,64,4500,1.0,17,development,zrc64_v100_s17_heating,140,7000.0,14000,3462.975757578845,-9.03268814086914,22.765471749839456,10.807920455932617,1.8598520451698692,1.2799060750762667,2.6128441995576,3af1cf52abe59970b2c314e9f44809f114383fe01ac7f6687e58c5dd51cc0409,hpc/results/round1-8-64/production/zrc64_T4500_v100_s17/jobs/zrc64_T4500_v100_s17/production/attempt-01/sampling/frames.extxyz,b5f6ee0648c369753023d9323aabfe46cfd7612607cbea2ffbfb15a993519ff2,,unassigned,46,stratified_SOAP_FPS,2026,0.04462439209154817
zrc64_T1500_v105_s17_f0120,zrc64_T1500_v105_s17,64,1500,1.05,17,development,zrc64_v105_s17_heating,120,6000.0,12000,1339.191602844279,-9.532276153564453,-3.11886287718536,3.889889717102051,2.062265543279595,3.004852673005807,3.054861200626542,17b0734ee1ae4c4125bda26b5db07d050684619d655139784a29d6b1a26982b9,hpc/results/round1-8-64/production/zrc64_T1500_v105_s17/jobs/zrc64_T1500_v105_s17/production/attempt-01/sampling/frames.extxyz,d28a4f0a705320a646044b919cebe9286d070451f48feede258cfdd61a8ba8f5,,unassigned,47,stratified_SOAP_FPS,2026,0.013477046831362942
zrc64_T0300_v105_s17_f0025,zrc64_T0300_v105_s17,64,300,1.05,17,development,zrc64_v105_s17_heating,25,1250.0,2500,255.0958688828977,-9.652731895446777,-8.718592643737793,1.7538729906082153,2.23079361894169,3.1977343838189616,3.2150259224156637,4d8f845cda6ecf5fdfc53f54ac72c177c8dbcf4eac563d8149b54df59c9f8d4a,experiments/zrc_mace_round1/jobs/zrc64_T0300_v105_s17/production/attempt-01/sampling/frames.extxyz,2e6224250d01b866f883442edea3e0ecd17b582eb99446eca08ba48b95249e08,,unassigned,48,stratified_SOAP_FPS,2026,0.006750000485544285
zrc64_T3000_v105_s17_f0110,zrc64_T3000_v105_s17,64,3000,1.05,17,development,zrc64_v105_s17_heating,110,5500.0,11000,3237.7816089391226,-9.238510131835938,6.455029223057892,7.005737781524658,1.963063949589573,2.807159814430005,2.848769835277175,9e0bf7e1fe8abd33e8f6f65da3b2fb4b2e38bba7cf88c8141fcc286bfccc998d,hpc/results/round1-8-64/production/zrc64_T3000_v105_s17/jobs/zrc64_T3000_v105_s17/production/attempt-01/sampling/frames.extxyz,b4dccb6801af5c2276e8bda38746a4f6f66326b38d4a2344115b8b88f363d665,,unassigned,49,stratified_SOAP_FPS,2026,0.017633101025720563
zrc64_T6000_v095_s17_f0095,zrc64_T6000_v095_s17,64,6000,0.95,17,development,zrc64_v095_s17_heating,95,4750.0,9500,5802.629043579664,-8.072386741638184,45.20954303761122,10.625053405761719,1.7675161268760946,1.2851784921520708,2.2372050331775957,26ac811aece4cf1043074e2fc46eeb884b8eb39fbc6695b0b4fd73c6c4ee8864,hpc/results/round1-8-64/production/zrc64_T6000_v095_s17/jobs/zrc64_T6000_v095_s17/production/attempt-01/sampling/frames.extxyz,ebfa194f0d83eb7ec3df31489d43cf1768b9a48d0c55db95d8af2f4e79e8302b,,unassigned,50,stratified_SOAP_FPS,2026,0.06223692053991031
zrc64_T6000_v100_s17_f0130,zrc64_T6000_v100_s17,64,6000,1.0,17,development,zrc64_v100_s17_heating,130,6500.0,13000,6891.856134211406,-8.158262252807617,37.8173117761964,10.133973121643066,1.877225210827402,1.304076417575339,2.3696331394403316,6955e321c6be5681c9b052d0bb6405fe9c7099741e0f0b1b4ab5905e41c58b41,hpc/results/round1-8-64/production/zrc64_T6000_v100_s17/jobs/zrc64_T6000_v100_s17/production/attempt-01/sampling/frames.extxyz,41599cc730e48121c4bdac3bc09d76b684d95a277e129cddc8adb7f46e6d0946,,unassigned,51,stratified_SOAP_FPS,2026,0.0547413004431968
zrc64_T0300_v095_s17_f0135,zrc64_T0300_v095_s17,64,300,0.95,17,development,zrc64_v095_s17_heating,135,6750.0,13500,273.7192677734686,-9.643157005310059,15.425658226013184,2.8444936275482178,2.1502412596331126,3.1120846645946867,3.102422170490017,aca63c37d80646279d139c3825dde91823379e50940e01dddeb51d57ec1df1d6,experiments/zrc_mace_round1/jobs/zrc64_T0300_v095_s17/production/attempt-01/sampling/frames.extxyz,29fc41d9fad7160ccd2375073663700da24320df162982d90ed67297d635bd7d,,unassigned,52,stratified_SOAP_FPS,2026,0.00410588660999042
zrc64_T4500_v105_s17_f0120,zrc64_T4500_v105_s17,64,4500,1.05,17,development,zrc64_v105_s17_heating,120,6000.0,12000,6551.286395241184,-8.927454948425293,16.363757838619257,6.0047736167907715,1.9011645674095559,1.3131405727383392,2.6158067807989185,297dc245a0ca0d1dc79f88eaf050748282008beebad30e091403dcb2118310f0,hpc/results/round1-8-64/production/zrc64_T4500_v105_s17/jobs/zrc64_T4500_v105_s17/production/attempt-01/sampling/frames.extxyz,05e37e3688bdce1195b166c3cdb4e0b2767bce96dc36f5029349686ffc9fba78,,unassigned,53,stratified_SOAP_FPS,2026,0.047866363674932834
zrc64_T1500_v095_s17_f0095,zrc64_T1500_v095_s17,64,1500,0.95,17,development,zrc64_v095_s17_heating,95,4750.0,9500,1601.6075045456264,-9.516826629638672,20.53047391394722,5.450742721557617,2.018432245973771,2.8377054262524033,2.988294702551212,d75cd51911092e3f9ca9c3f199f12a049fcc65e89dc352d72c22252e3ac07e3f,hpc/results/round1-8-64/production/zrc64_T1500_v095_s17/jobs/zrc64_T1500_v095_s17/production/attempt-01/sampling/frames.extxyz,5b28004032b343dfef216429d4e0761a24384595070cb03a21afa3c444c24067,,unassigned,54,stratified_SOAP_FPS,2026,0.011439600305780388
zrc64_T0300_v095_s17_f0190,zrc64_T0300_v095_s17,64,300,0.95,17,development,zrc64_v095_s17_heating,190,9500.0,19000,271.55831019165606,-9.641833305358887,15.299735069274902,2.874218463897705,2.161861524344937,3.064369223815839,3.083236771593335,928cf87c096dbe9b2336a59dadad235b5858d61b199b22730422a4e9bfc7271b,experiments/zrc_mace_round1/jobs/zrc64_T0300_v095_s17/production/attempt-01/sampling/frames.extxyz,29fc41d9fad7160ccd2375073663700da24320df162982d90ed67297d635bd7d,,unassigned,55,stratified_SOAP_FPS,2026,0.0036391188713865872
zrc64_T5250_v105_s17_f0065,zrc64_T5250_v105_s17,64,5250,1.05,17,development,zrc64_v105_s17_heating,65,3250.0,6500,4549.4350734658265,-8.264068603515625,23.893951515940607,12.581387519836426,1.9558012570994143,1.1846709494846897,2.3039191531508574,d2a09005ae6d2263aa13730bfe556a7cbe29400d72660be2f46c301eb26c34e8,hpc/results/round1-8-64/production/zrc64_T5250_v105_s17/jobs/zrc64_T5250_v105_s17/production/attempt-01/sampling/frames.extxyz,98513e4ef98528a1f91bcd1e3ab3c9da409ecdb19122d0f4eb5d882dd43afa8e,,unassigned,56,stratified_SOAP_FPS,2026,0.05698094518843686
zrc64_T4500_v095_s17_f0005,zrc64_T4500_v095_s17,64,4500,0.95,17,development,zrc64_v095_s17_heating,5,250.0,500,3819.063293007351,-9.028602600097656,35.150138494402505,12.501935005187988,1.866553405372874,1.2670097915998455,2.5826777049118546,7b1102ca9afb9f369ef1138cada763d90b333a3bb7b618505c797741447a4e69,hpc/results/round1-8-64/production/zrc64_T4500_v095_s17/jobs/zrc64_T4500_v095_s17/production/attempt-01/sampling/frames.extxyz,65116dd3c23f7ea4f37d5e963453d34409098eb6bae1ff570fe77bb92b99e81a,,unassigned,57,stratified_SOAP_FPS,2026,0.03110558946708194
zrc64_T6000_v105_s17_f0100,zrc64_T6000_v105_s17,64,6000,1.05,17,development,zrc64_v105_s17_heating,100,5000.0,10000,6107.533779316226,-7.983959197998047,30.077230867427744,10.822173118591309,1.8209356928198481,1.2546988495286386,2.103999109595184,16acd4959f0741aefddc84fc125c705e6d8e8dde896f99fbe8be7cd64f02b723,hpc/results/round1-8-64/production/zrc64_T6000_v105_s17/jobs/zrc64_T6000_v105_s17/production/attempt-01/sampling/frames.extxyz,ef738ec6f25e619a80c636ce84ec0302c99d26bcf9231bfb5a2f7e421275dfdc,,unassigned,58,stratified_SOAP_FPS,2026,0.06090834178078215
zrc64_T5250_v095_s17_f0085,zrc64_T5250_v095_s17,64,5250,0.95,17,development,zrc64_v095_s17_heating,85,4250.0,8500,5262.7030190685755,-8.496770858764648,42.85181142155808,12.178799629211426,1.7632431250538783,1.409441283812994,2.473058631216398,a5a1e667796f17795821b89a1483fed79723194a5ab1b4e6bec8afd16115a7d5,hpc/results/round1-8-64/production/zrc64_T5250_v095_s17/jobs/zrc64_T5250_v095_s17/production/attempt-01/sampling/frames.extxyz,7fdbc9fc59e3288da3c2fc653d1ed8709f0feeca8bf1573cf734a243a8eea755,,unassigned,59,stratified_SOAP_FPS,2026,0.06480931390385532
zrc64_T0300_v105_s17_f0145,zrc64_T0300_v105_s17,64,300,1.05,17,development,zrc64_v105_s17_heating,145,7250.0,14500,292.53694250470784,-9.65566635131836,-8.598146438598633,2.141376495361328,2.192511965071401,3.1744947033038993,3.2252475732268238,76930d5326d19307a679594b23425aa2c9dbf3983bf812417b1b66fd882c215a,experiments/zrc_mace_round1/jobs/zrc64_T0300_v105_s17/production/attempt-01/sampling/frames.extxyz,2e6224250d01b866f883442edea3e0ecd17b582eb99446eca08ba48b95249e08,,unassigned,60,stratified_SOAP_FPS,2026,0.005028685246993713
zrc64_T4500_v100_s17_f0090,zrc64_T4500_v100_s17,64,4500,1.0,17,development,zrc64_v100_s17_heating,90,4500.0,9000,4140.219100817035,-9.022489547729492,23.13554388983897,8.054366111755371,1.9164642633030555,1.5534556599801774,2.6699285423668586,eac33d0e492a4c7ff3133cbe82c32215e3a64e1dd1b0ecb5d118896521ea49ef,hpc/results/round1-8-64/production/zrc64_T4500_v100_s17/jobs/zrc64_T4500_v100_s17/production/attempt-01/sampling/frames.extxyz,b5f6ee0648c369753023d9323aabfe46cfd7612607cbea2ffbfb15a993519ff2,,unassigned,61,stratified_SOAP_FPS,2026,0.040636317115283156
zrc64_T1500_v095_s17_f0135,zrc64_T1500_v095_s17,64,1500,0.95,17,development,zrc64_v095_s17_heating,135,6750.0,13500,1775.6929410345147,-9.482297897338867,21.02246796440304,5.545580863952637,2.01899419567266,2.9232657679340677,2.9487092457438298,7aa8737c5b7325803f0c6296cc11fb4e81b420bf43af9493c7d3f71dd0e01271,hpc/results/round1-8-64/production/zrc64_T1500_v095_s17/jobs/zrc64_T1500_v095_s17/production/attempt-01/sampling/frames.extxyz,5b28004032b343dfef216429d4e0761a24384595070cb03a21afa3c444c24067,,unassigned,62,stratified_SOAP_FPS,2026,0.009685079537296196
zrc64_T6000_v100_s17_f0055,zrc64_T6000_v100_s17,64,6000,1.0,17,development,zrc64_v100_s17_heating,55,2750.0,5500,6755.85879963537,-8.080667495727539,36.85632919607185,12.031161308288574,1.8151427100650375,1.1703727413401646,2.049562169171244,588bf899b53286e3415ee71338d3627ed40de900ba969f17a0c8bf1ad59edb54,hpc/results/round1-8-64/production/zrc64_T6000_v100_s17/jobs/zrc64_T6000_v100_s17/production/attempt-01/sampling/frames.extxyz,41599cc730e48121c4bdac3bc09d76b684d95a277e129cddc8adb7f46e6d0946,,unassigned,63,stratified_SOAP_FPS,2026,0.05420707523943356
zrc64_T5250_v100_s17_f0030,zrc64_T5250_v100_s17,64,5250,1.0,17,development,zrc64_v100_s17_heating,30,1500.0,3000,5417.947705781779,-8.432490348815918,32.88193713217189,11.269301414489746,1.8168433575581489,1.3095924767853868,2.5186130207647546,d836a14a00ec840ed6a48b4c6fd74b8d5f1209b66ac9170eab29242d26726c36,hpc/results/round1-8-64/production/zrc64_T5250_v100_s17/jobs/zrc64_T5250_v100_s17/production/attempt-01/sampling/frames.extxyz,c105336a4968370fe0edbeab8640489ed047806d76ff10421d0ca32fae09eea0,,unassigned,64,stratified_SOAP_FPS,2026,0.05149252831864263
zrc64_T3000_v105_s17_f0140,zrc64_T3000_v105_s17,64,3000,1.05,17,development,zrc64_v105_s17_heating,140,7000.0,14000,3153.018604141161,-9.229361534118652,7.178188549523015,7.2308573722839355,1.867887093894972,2.6945503284497345,2.7806844817834437,9c769bc38eae40718f241b68e4bce5a8620571ad8b8ea85650124498e31816a0,hpc/results/round1-8-64/production/zrc64_T3000_v105_s17/jobs/zrc64_T3000_v105_s17/production/attempt-01/sampling/frames.extxyz,b4dccb6801af5c2276e8bda38746a4f6f66326b38d4a2344115b8b88f363d665,,unassigned,65,stratified_SOAP_FPS,2026,0.015328498071194342
zrc64_T3000_v100_s17_f0020,zrc64_T3000_v100_s17,64,3000,1.0,17,development,zrc64_v100_s17_heating,20,1000.0,2000,2959.289137646129,-9.25102710723877,16.306088715395322,6.822210311889648,1.9700438285961974,2.5880480033433297,2.8825348744703128,11a38df5324bed1b7a7fc1b735cdbe33738540a5839f36a6c2cc5bdc8fe4a3de,hpc/results/round1-8-64/production/zrc64_T3000_v100_s17/jobs/zrc64_T3000_v100_s17/production/attempt-01/sampling/frames.extxyz,a4444c4024dfaef8af475d257202e4ec0c331a45e9426cd5c950944caa131eaa,,unassigned,66,stratified_SOAP_FPS,2026,0.016302452202574574
zrc64_T1500_v105_s17_f0055,zrc64_T1500_v105_s17,64,1500,1.05,17,development,zrc64_v105_s17_heating,55,2750.0,5500,1629.8028536340628,-9.539849281311035,-3.5562759886590682,3.848487377166748,2.0930960829252796,3.069283361812161,3.0130107924472336,d64549a51a24b9b0687fde5cb6dde7513a5ee960d86b3ae8193e8af093e2ce62,hpc/results/round1-8-64/production/zrc64_T1500_v105_s17/jobs/zrc64_T1500_v105_s17/production/attempt-01/sampling/frames.extxyz,d28a4f0a705320a646044b919cebe9286d070451f48feede258cfdd61a8ba8f5,,unassigned,67,stratified_SOAP_FPS,2026,0.012928241038755025
zrc64_T6000_v095_s17_f0180,zrc64_T6000_v095_s17,64,6000,0.95,17,development,zrc64_v095_s17_heating,180,9000.0,18000,6012.13796512199,-7.85096549987793,46.77205121110585,10.802278518676758,1.7669805358951352,1.2441234556850314,2.3659739173422354,9be9b19ab0c40a101c1093d443505c41d24c289d3b2eef0ec50fdbb4ad3a576a,hpc/results/round1-8-64/production/zrc64_T6000_v095_s17/jobs/zrc64_T6000_v095_s17/production/attempt-01/sampling/frames.extxyz,ebfa194f0d83eb7ec3df31489d43cf1768b9a48d0c55db95d8af2f4e79e8302b,,unassigned,68,stratified_SOAP_FPS,2026,0.05972489054227738
zrc64_T1500_v100_s17_f0180,zrc64_T1500_v100_s17,64,1500,1.0,17,development,zrc64_v100_s17_heating,180,9000.0,18000,1572.2491646120448,-9.515776634216309,8.084556079051973,4.4624762535095215,2.0413698034511243,3.0063489495527222,3.0182454828489615,ae4e1a436b6aa08476ce886c2679bdfa1a4be991a2e07f72615fbdacd938fcc5,hpc/results/round1-8-64/production/zrc64_T1500_v100_s17/jobs/zrc64_T1500_v100_s17/production/attempt-01/sampling/frames.extxyz,0b57a9d22d7e8c7db61735858cc30505ba173d07c1c4a6e396f17041a99b84e2,,unassigned,69,stratified_SOAP_FPS,2026,0.011206992186273825
zrc64_T0300_v100_s17_f0140,zrc64_T0300_v100_s17,64,300,1.0,17,development,zrc64_v100_s17_heating,140,7000.0,14000,311.4534462674589,-9.666609764099121,1.932242512702942,2.590907573699951,2.1360076522932636,3.1317189364181734,3.169307332921068,8cbe106fc5dfb17530b24e6a133cfc845b01da06ce658a29bff61f734163a362,experiments/zrc_mace_round1/jobs/zrc64_T0300_v100_s17/production/attempt-01/sampling/frames.extxyz,b0e19e781d665d4f92fb7606a1fa566d8357e4b8f1c5799a79f193aea3456c2f,,unassigned,70,stratified_SOAP_FPS,2026,0.004506250103089167
zrc64_T4500_v105_s17_f0170,zrc64_T4500_v105_s17,64,4500,1.05,17,development,zrc64_v105_s17_heating,170,8500.0,17000,3948.507568238517,-8.957489013671875,13.027526814940753,7.887330055236816,1.9162519860455336,1.3652475980384644,2.8200615599341217,f9c3488c46d03a2cae53eb4e54276dd95acbd3bc5d659584bd0a8aea427682d4,hpc/results/round1-8-64/production/zrc64_T4500_v105_s17/jobs/zrc64_T4500_v105_s17/production/attempt-01/sampling/frames.extxyz,05e37e3688bdce1195b166c3cdb4e0b2767bce96dc36f5029349686ffc9fba78,,unassigned,71,stratified_SOAP_FPS,2026,0.044984131544797065
zrc64_T3000_v095_s17_f0120,zrc64_T3000_v095_s17,64,3000,0.95,17,development,zrc64_v095_s17_heating,120,6000.0,12000,3054.140607721017,-9.320130348205566,27.965416850017522,8.299449920654297,1.8576967241233815,2.7054794755445633,2.9636159868774645,3883123b01c3fea61d209b4d30f4149293ab0514bb2c0adad91984e975804efa,hpc/results/round1-8-64/production/zrc64_T3000_v095_s17/jobs/zrc64_T3000_v095_s17/production/attempt-01/sampling/frames.extxyz,38d42f886936a7c5334dbee7f9fc2d38457e89614c905ba8d473d57ee3aee2bb,,unassigned,72,stratified_SOAP_FPS,2026,0.015185464078609365
zrc64_T0300_v100_s17_f0165,zrc64_T0300_v100_s17,64,300,1.0,17,development,zrc64_v100_s17_heating,165,8250.0,16500,300.08131804581745,-9.673095703125,1.6438251733779907,1.8121635913848877,2.198719839277912,3.1503273333295327,3.190619688081193,f925c8146145b468500fa714fa79f8f00822886d0faa3c5fdeb1ef351e4dda72,experiments/zrc_mace_round1/jobs/zrc64_T0300_v100_s17/production/attempt-01/sampling/frames.extxyz,b0e19e781d665d4f92fb7606a1fa566d8357e4b8f1c5799a79f193aea3456c2f,,unassigned,73,stratified_SOAP_FPS,2026,0.003824253338101626
zrc64_T3000_v095_s17_f0050,zrc64_T3000_v095_s17,64,3000,0.95,17,development,zrc64_v095_s17_heating,50,2500.0,5000,2790.0744189980037,-9.33092212677002,26.49728946797005,7.196105480194092,1.9595791524241624,2.765482093940577,2.874634878221003,7217b6907e43c98dd5e6035fcada769c6ce2930fe480ef9ad53fbf023cba7c0b,hpc/results/round1-8-64/production/zrc64_T3000_v095_s17/jobs/zrc64_T3000_v095_s17/production/attempt-01/sampling/frames.extxyz,38d42f886936a7c5334dbee7f9fc2d38457e89614c905ba8d473d57ee3aee2bb,,unassigned,74,stratified_SOAP_FPS,2026,0.012752644105430368
zrc64_T6000_v100_s17_f0160,zrc64_T6000_v100_s17,64,6000,1.0,17,development,zrc64_v100_s17_heating,160,8000.0,16000,6184.586164996005,-8.14731502532959,34.5505464994106,10.562610626220703,1.777303296830909,1.2325959345241837,2.147553983958306,b3c5a2a149b72bd72373f71303b1b2733920812ecf33420b37b3e179b8c515a7,hpc/results/round1-8-64/production/zrc64_T6000_v100_s17/jobs/zrc64_T6000_v100_s17/production/attempt-01/sampling/frames.extxyz,41599cc730e48121c4bdac3bc09d76b684d95a277e129cddc8adb7f46e6d0946,,unassigned,75,stratified_SOAP_FPS,2026,0.05291674323327235
zrc64_T6000_v095_s17_f0145,zrc64_T6000_v095_s17,64,6000,0.95,17,development,zrc64_v095_s17_heating,145,7250.0,14500,6478.454885821692,-8.042604446411133,46.16328337527419,7.985873699188232,1.8511098687483942,1.2941706488274114,2.3708987482758594,1937a066a1c0200b99ff8651d2684ef178a6ac70fb98d37ff0d4adec9f88194e,hpc/results/round1-8-64/production/zrc64_T6000_v095_s17/jobs/zrc64_T6000_v095_s17/production/attempt-01/sampling/frames.extxyz,ebfa194f0d83eb7ec3df31489d43cf1768b9a48d0c55db95d8af2f4e79e8302b,,unassigned,76,stratified_SOAP_FPS,2026,0.055378376910482
zrc64_T5250_v105_s17_f0015,zrc64_T5250_v105_s17,64,5250,1.05,17,development,zrc64_v105_s17_heating,15,750.0,1500,4903.630394294471,-8.256073951721191,21.53048511797722,10.219534873962402,1.7375242891512943,1.3458296001017147,2.312878488493981,e6216eac592e0235c6fa21f2dce6a562e47b4d829419c8f57cc7fe86c56d638a,hpc/results/round1-8-64/production/zrc64_T5250_v105_s17/jobs/zrc64_T5250_v105_s17/production/attempt-01/sampling/frames.extxyz,98513e4ef98528a1f91bcd1e3ab3c9da409ecdb19122d0f4eb5d882dd43afa8e,,unassigned,77,stratified_SOAP_FPS,2026,0.05663690645271173
zrc64_T1500_v100_s17_f0035,zrc64_T1500_v100_s17,64,1500,1.0,17,development,zrc64_v100_s17_heating,35,1750.0,3500,1434.2261834938308,-9.58031940460205,5.6625438398081815,4.6067352294921875,2.0385007530793,2.994315177780649,3.0628887703160914,1c16b6eaf49e6114d0d282c9424ab3c4f3b8c2e17ffeba794798d00fa9d54a57,hpc/results/round1-8-64/production/zrc64_T1500_v100_s17/jobs/zrc64_T1500_v100_s17/production/attempt-01/sampling/frames.extxyz,0b57a9d22d7e8c7db61735858cc30505ba173d07c1c4a6e396f17041a99b84e2,,unassigned,78,stratified_SOAP_FPS,2026,0.008723910746976676
zrc64_T1500_v105_s17_f0030,zrc64_T1500_v105_s17,64,1500,1.05,17,development,zrc64_v105_s17_heating,30,1500.0,3000,1726.3794996837375,-9.475702285766602,-0.006316471557706628,5.3813371658325195,1.9731671083441502,3.0062603941408135,3.074504498572957,510732b9a03aa50783df921a281d602161f70be4c44c8d9860447d58691944bf,hpc/results/round1-8-64/production/zrc64_T1500_v105_s17/jobs/zrc64_T1500_v105_s17/production/attempt-01/sampling/frames.extxyz,d28a4f0a705320a646044b919cebe9286d070451f48feede258cfdd61a8ba8f5,,unassigned,79,stratified_SOAP_FPS,2026,0.011226949568853003
zrc64_T0300_v095_s17_f0120,zrc64_T0300_v095_s17,64,300,0.95,17,development,zrc64_v095_s17_heating,120,6000.0,12000,251.07262474730192,-9.650137901306152,15.125157356262207,2.2200207710266113,2.154416423119999,3.1179244517050737,3.1580110335134686,891ea4c65d3499ce244a00b074ad7afd85d07f202efa7fff03a398b94d01565b,experiments/zrc_mace_round1/jobs/zrc64_T0300_v095_s17/production/attempt-01/sampling/frames.extxyz,29fc41d9fad7160ccd2375073663700da24320df162982d90ed67297d635bd7d,,unassigned,80,stratified_SOAP_FPS,2026,0.0033864233154346645
zrc64_T6000_v105_s17_f0180,zrc64_T6000_v105_s17,64,6000,1.05,17,development,zrc64_v105_s17_heating,180,9000.0,18000,5674.283561364089,-7.951438903808594,30.388918376131603,15.657211303710938,1.8784598644309187,1.2059290123941,2.276819630244536,b26c6a075ffb8ee6d6d825a05f18044fd2914132289b8171b72f6479c82760d0,hpc/results/round1-8-64/production/zrc64_T6000_v105_s17/jobs/zrc64_T6000_v105_s17/production/attempt-01/sampling/frames.extxyz,ef738ec6f25e619a80c636ce84ec0302c99d26bcf9231bfb5a2f7e421275dfdc,,unassigned,81,stratified_SOAP_FPS,2026,0.05455359682743027
zrc64_T5250_v100_s17_f0035,zrc64_T5250_v100_s17,64,5250,1.0,17,development,zrc64_v100_s17_heating,35,1750.0,3500,5534.727975539631,-8.55354118347168,30.806041955326805,16.640623092651367,1.7897417255447587,1.1554798942356623,2.4712023632343363,1be154e937f5860ed515c46443ea74e5d66837b1ddbde60719c3efdfd62f85e6,hpc/results/round1-8-64/production/zrc64_T5250_v100_s17/jobs/zrc64_T5250_v100_s17/production/attempt-01/sampling/frames.extxyz,c105336a4968370fe0edbeab8640489ed047806d76ff10421d0ca32fae09eea0,,unassigned,82,stratified_SOAP_FPS,2026,0.051406042482426285
zrc64_T3000_v105_s17_f0180,zrc64_T3000_v105_s17,64,3000,1.05,17,development,zrc64_v105_s17_heating,180,9000.0,18000,2854.1436013727625,-9.307456016540527,3.689661778819274,5.676684856414795,1.9979331534474147,2.6087511088438218,2.8859025472287496,0ff97b9ab0c06aff3fc324653397e77e8d0a92e01af4db2399e8b05b84b9eab7,hpc/results/round1-8-64/production/zrc64_T3000_v105_s17/jobs/zrc64_T3000_v105_s17/production/attempt-01/sampling/frames.extxyz,b4dccb6801af5c2276e8bda38746a4f6f66326b38d4a2344115b8b88f363d665,,unassigned,83,stratified_SOAP_FPS,2026,0.015177530809149678
zrc64_T4500_v100_s17_f0070,zrc64_T4500_v100_s17,64,4500,1.0,17,development,zrc64_v100_s17_heating,70,3500.0,7000,4813.684210692699,-9.019351959228516,24.541854714384137,8.821576118469238,1.8360312481572534,1.235729030143459,2.531700325251999,72926b3d6f7707f3e43dcece77391e9c194580000b3eb0d18f134724abafd47d,hpc/results/round1-8-64/production/zrc64_T4500_v100_s17/jobs/zrc64_T4500_v100_s17/production/attempt-01/sampling/frames.extxyz,b5f6ee0648c369753023d9323aabfe46cfd7612607cbea2ffbfb15a993519ff2,,unassigned,84,stratified_SOAP_FPS,2026,0.03622758026937578
zrc64_T4500_v095_s17_f0170,zrc64_T4500_v095_s17,64,4500,0.95,17,development,zrc64_v095_s17_heating,170,8500.0,17000,4375.507200190584,-8.953890800476074,36.270625745094925,9.896153450012207,1.9082961946469208,1.8519187368764638,2.6618133640113335,c605f951ea8d075f2ca0b952883852cfec1c62f9454705683f380842b93b59dc,hpc/results/round1-8-64/production/zrc64_T4500_v095_s17/jobs/zrc64_T4500_v095_s17/production/attempt-01/sampling/frames.extxyz,65116dd3c23f7ea4f37d5e963453d34409098eb6bae1ff570fe77bb92b99e81a,,unassigned,85,stratified_SOAP_FPS,2026,0.02758390188266284
zrc64_T0300_v105_s17_f0075,zrc64_T0300_v105_s17,64,300,1.05,17,development,zrc64_v105_s17_heating,75,3750.0,7500,302.07100348683895,-9.651474952697754,-8.69398307800293,1.9660779237747192,2.203356852817843,3.1686127785291367,3.2257498967718083,5aa0030574d9b0c82dae02528ec59fba31bba7a8a7a3244cb3294333f9e76188,experiments/zrc_mace_round1/jobs/zrc64_T0300_v105_s17/production/attempt-01/sampling/frames.extxyz,2e6224250d01b866f883442edea3e0ecd17b582eb99446eca08ba48b95249e08,,unassigned,86,stratified_SOAP_FPS,2026,0.004263574904975405
zrc64_T5250_v095_s17_f0135,zrc64_T5250_v095_s17,64,5250,0.95,17,development,zrc64_v095_s17_heating,135,6750.0,13500,4755.318225625601,-8.004728317260742,49.92488640905193,15.26251220703125,1.8622970268503325,1.1372407186000923,2.180471123442601,7645d27cf992b28857c107d78069fce930fb6afff51960cb39289756f780b942,hpc/results/round1-8-64/production/zrc64_T5250_v095_s17/jobs/zrc64_T5250_v095_s17/production/attempt-01/sampling/frames.extxyz,7fdbc9fc59e3288da3c2fc653d1ed8709f0feeca8bf1573cf734a243a8eea755,,unassigned,87,stratified_SOAP_FPS,2026,0.049613204000906005
zrc64_T1500_v095_s17_f0145,zrc64_T1500_v095_s17,64,1500,0.95,17,development,zrc64_v095_s17_heating,145,7250.0,14500,1343.5410608878478,-9.455415725708008,22.539977181813835,5.922335147857666,1.9732366948512927,2.857838999605823,2.9449405098315697,846323742ce2dacc72cc42da5af61401980c8948ee3f5ce54b984dc84cf532af,hpc/results/round1-8-64/production/zrc64_T1500_v095_s17/jobs/zrc64_T1500_v095_s17/production/attempt-01/sampling/frames.extxyz,5b28004032b343dfef216429d4e0761a24384595070cb03a21afa3c444c24067,,unassigned,88,stratified_SOAP_FPS,2026,0.009432903745343744
zrc64_T4500_v105_s17_f0115,zrc64_T4500_v105_s17,64,4500,1.05,17,development,zrc64_v105_s17_heating,115,5750.0,11500,4887.855196682316,-9.003966331481934,14.328898662426145,8.5231294631958,1.8935132871371179,1.2776974006408168,2.5793636107202285,a94feec4e7dc80244ef80a631866cfa41f820095ee6c89c40a6695fb8203eff2,hpc/results/round1-8-64/production/zrc64_T4500_v105_s17/jobs/zrc64_T4500_v105_s17/production/attempt-01/sampling/frames.extxyz,05e37e3688bdce1195b166c3cdb4e0b2767bce96dc36f5029349686ffc9fba78,,unassigned,89,stratified_SOAP_FPS,2026,0.040590488082926084
zrc64_T3000_v100_s17_f0015,zrc64_T3000_v100_s17,64,3000,1.0,17,development,zrc64_v100_s17_heating,15,750.0,1500,3522.554082888451,-9.299651145935059,13.716859044455079,8.657119750976562,1.8636422435541133,2.6685679597852543,2.782264860098233,6cbbf938eeff7fbc9aad72398ba62295e3b04c6314102ec1f5001b93b3d7a98c,hpc/results/round1-8-64/production/zrc64_T3000_v100_s17/jobs/zrc64_T3000_v100_s17/production/attempt-01/sampling/frames.extxyz,a4444c4024dfaef8af475d257202e4ec0c331a45e9426cd5c950944caa131eaa,,unassigned,90,stratified_SOAP_FPS,2026,0.015553063613797631
zrc64_T4500_v095_s17_f0040,zrc64_T4500_v095_s17,64,4500,0.95,17,development,zrc64_v095_s17_heating,40,2000.0,4000,4421.525502858468,-8.984598159790039,33.42119618695399,8.342878341674805,1.8662912131909382,1.2913131221565546,2.718406311888671,a2019a29cf22256f70a7a8b84b3fc849aa51417e84c3e5405c3776f55e14f552,hpc/results/round1-8-64/production/zrc64_T4500_v095_s17/jobs/zrc64_T4500_v095_s17/production/attempt-01/sampling/frames.extxyz,65116dd3c23f7ea4f37d5e963453d34409098eb6bae1ff570fe77bb92b99e81a,,unassigned,91,stratified_SOAP_FPS,2026,0.02697243025340721
zrc64_T3000_v095_s17_f0140,zrc64_T3000_v095_s17,64,3000,0.95,17,development,zrc64_v095_s17_heating,140,7000.0,14000,3436.0823162787106,-9.26351547241211,29.5177848380483,8.164381980895996,1.9044371706542107,2.763668074686138,2.882449650383846,73c0b5efa3d287227a1f3788517a3a84fd0faef20ed7d90bfd84b272a17655e4,hpc/results/round1-8-64/production/zrc64_T3000_v095_s17/jobs/zrc64_T3000_v095_s17/production/attempt-01/sampling/frames.extxyz,38d42f886936a7c5334dbee7f9fc2d38457e89614c905ba8d473d57ee3aee2bb,,unassigned,92,stratified_SOAP_FPS,2026,0.0127125617867906
zrc64_T0300_v095_s17_f0070,zrc64_T0300_v095_s17,64,300,0.95,17,development,zrc64_v095_s17_heating,70,3500.0,7000,331.94442053026194,-9.641715049743652,15.443467140197754,2.3559370040893555,2.16886198276974,3.126499785643505,3.139754060092474,41b1d69d52b756a55ce52c6725ac19cecbaf7851c1340849186059390075076d,experiments/zrc_mace_round1/jobs/zrc64_T0300_v095_s17/production/attempt-01/sampling/frames.extxyz,29fc41d9fad7160ccd2375073663700da24320df162982d90ed67297d635bd7d,,unassigned,93,stratified_SOAP_FPS,2026,0.00304556366385902
zrc64_T5250_v100_s17_f0085,zrc64_T5250_v100_s17,64,5250,1.0,17,development,zrc64_v100_s17_heating,85,4250.0,8500,5891.806818705045,-7.995190620422363,36.931866733880426,9.126907348632812,1.8180487546253992,1.3074799832226784,2.283662928342926,89a5954f9e4fc41fa21bdd15a1c0f2c3d1f8f0ccc9da214ab30f86d329ad3562,hpc/results/round1-8-64/production/zrc64_T5250_v100_s17/jobs/zrc64_T5250_v100_s17/production/attempt-01/sampling/frames.extxyz,c105336a4968370fe0edbeab8640489ed047806d76ff10421d0ca32fae09eea0,,unassigned,94,stratified_SOAP_FPS,2026,0.050522873477356914
zrc64_T1500_v105_s17_f0130,zrc64_T1500_v105_s17,64,1500,1.05,17,development,zrc64_v105_s17_heating,130,6500.0,13000,1509.3992606056797,-9.505938529968262,-2.616882295914908,4.58038854598999,2.006404441285399,2.9943950644455586,2.9957268818104046,c2898d8b6f0262effec138cc545ce89a1df989712f1145acbd49a1976a1ed02f,hpc/results/round1-8-64/production/zrc64_T1500_v105_s17/jobs/zrc64_T1500_v105_s17/production/attempt-01/sampling/frames.extxyz,d28a4f0a705320a646044b919cebe9286d070451f48feede258cfdd61a8ba8f5,,unassigned,95,stratified_SOAP_FPS,2026,0.01031801802353058
zrc64_T5250_v105_s17_f0130,zrc64_T5250_v105_s17,64,5250,1.05,17,development,zrc64_v105_s17_heating,130,6500.0,13000,4942.312074228499,-8.258811950683594,24.50003541808156,9.461159706115723,1.86272253651547,1.2126192065338788,2.325025561229825,5ffd67660e785fc34af593228a4560e50df1e0de2dc04d0c39377b8ea1e56faf,hpc/results/round1-8-64/production/zrc64_T5250_v105_s17/jobs/zrc64_T5250_v105_s17/production/attempt-01/sampling/frames.extxyz,98513e4ef98528a1f91bcd1e3ab3c9da409ecdb19122d0f4eb5d882dd43afa8e,,unassigned,96,stratified_SOAP_FPS,2026,0.0557103736708033
zrc64_T0300_v105_s17_f0150,zrc64_T0300_v105_s17,64,300,1.05,17,development,zrc64_v105_s17_heating,150,7500.0,15000,286.21028101031885,-9.658475875854492,-8.884370803833008,1.994466781616211,2.2326771153531575,3.191550177765928,3.2451231761811807,437a47ad31bae94ea4e1c8b2b30b8f4bcb2202f2f7857979cf50488835bcd32e,experiments/zrc_mace_round1/jobs/zrc64_T0300_v105_s17/production/attempt-01/sampling/frames.extxyz,2e6224250d01b866f883442edea3e0ecd17b582eb99446eca08ba48b95249e08,,unassigned,97,stratified_SOAP_FPS,2026,0.004192147170899657
zrc64_T3000_v100_s17_f0010,zrc64_T3000_v100_s17,64,3000,1.0,17,development,zrc64_v100_s17_heating,10,500.0,1000,2766.3430685603607,-9.352869987487793,13.507846882570417,6.214907646179199,1.9705584529837727,2.7910214911667155,2.8847219422463946,912ca9172841227810a6f99f84d4d029a05677a66456d4f086e3599ee08d98dd,hpc/results/round1-8-64/production/zrc64_T3000_v100_s17/jobs/zrc64_T3000_v100_s17/production/attempt-01/sampling/frames.extxyz,a4444c4024dfaef8af475d257202e4ec0c331a45e9426cd5c950944caa131eaa,,unassigned,98,stratified_SOAP_FPS,2026,0.014504578235707733
zrc64_T1500_v095_s17_f0115,zrc64_T1500_v095_s17,64,1500,0.95,17,development,zrc64_v095_s17_heating,115,5750.0,11500,1339.0340068133357,-9.491873741149902,21.110119490314673,5.509581565856934,2.0614437707529647,2.940699071653118,2.9738174236022163,0873573cee39879943cf2756918af2ce3fa923038f03793f93939d394d3d956b,hpc/results/round1-8-64/production/zrc64_T1500_v095_s17/jobs/zrc64_T1500_v095_s17/production/attempt-01/sampling/frames.extxyz,5b28004032b343dfef216429d4e0761a24384595070cb03a21afa3c444c24067,,unassigned,99,stratified_SOAP_FPS,2026,0.007953777292920025
zrc64_T3000_v105_s17_f0010,zrc64_T3000_v105_s17,64,3000,1.05,17,development,zrc64_v105_s17_heating,10,500.0,1000,2509.7966669875555,-9.354493141174316,2.9597897697713718,5.7450175285339355,1.9848747062428032,2.7077907458709114,2.981513976402841,49049dad94b45b37b4c9563152603ecf4840e70dd809378766b9035ab12bafda,hpc/results/round1-8-64/production/zrc64_T3000_v105_s17/jobs/zrc64_T3000_v105_s17/production/attempt-01/sampling/frames.extxyz,b4dccb6801af5c2276e8bda38746a4f6f66326b38d4a2344115b8b88f363d665,,unassigned,100,stratified_SOAP_FPS,2026,0.014626970286433555
zrc64_T6000_v095_s17_f0120,zrc64_T6000_v095_s17,64,6000,0.95,17,development,zrc64_v095_s17_heating,120,6000.0,12000,5807.115564748279,-7.85279655456543,45.43182992979446,9.685626983642578,1.8572892936697916,1.306394896847216,2.1063177221223772,01e23c6d3e66cfc96169ee424258958d6949860a779fd5195120bb94381daea0,hpc/results/round1-8-64/production/zrc64_T6000_v095_s17/jobs/zrc64_T6000_v095_s17/production/attempt-01/sampling/frames.extxyz,ebfa194f0d83eb7ec3df31489d43cf1768b9a48d0c55db95d8af2f4e79e8302b,,unassigned,101,stratified_SOAP_FPS,2026,0.05463949099075961
zrc64_T6000_v100_s17_f0080,zrc64_T6000_v100_s17,64,6000,1.0,17,development,zrc64_v100_s17_heating,80,4000.0,8000,6000.651359376213,-8.001496315002441,37.798836316114816,13.902255058288574,1.7835314052343656,1.2509093389705301,2.25819725569888,812d5bee0dc3c4ffb00c8af8de2859d55244abd090f4e45faecaa0f7b94cebaf,hpc/results/round1-8-64/production/zrc64_T6000_v100_s17/jobs/zrc64_T6000_v100_s17/production/attempt-01/sampling/frames.extxyz,41599cc730e48121c4bdac3bc09d76b684d95a277e129cddc8adb7f46e6d0946,,unassigned,102,stratified_SOAP_FPS,2026,0.05212787376893891
zrc64_T0300_v100_s17_f0055,zrc64_T0300_v100_s17,64,300,1.0,17,development,zrc64_v100_s17_heating,55,2750.0,5500,332.8691644615185,-9.676434516906738,1.6130712032318115,2.2853939533233643,2.174934083396262,3.1748233000664974,3.1486365305244925,725615bec18a1ac5402a61e487dab75e9aa5bd744b2ac9f4aa714dfb71fcbedb,experiments/zrc_mace_round1/jobs/zrc64_T0300_v100_s17/production/attempt-01/sampling/frames.extxyz,b0e19e781d665d4f92fb7606a1fa566d8357e4b8f1c5799a79f193aea3456c2f,,unassigned,103,stratified_SOAP_FPS,2026,0.003592868137947729
zrc64_T6000_v105_s17_f0035,zrc64_T6000_v105_s17,64,6000,1.05,17,development,zrc64_v105_s17_heating,35,1750.0,3500,6202.690764392465,-8.04699993133545,31.848297518296253,11.4102783203125,1.8028134849535848,1.3275600539453574,2.3402741982192388,70091f5e5608e7b7c0e906d7ea79b8bd249db48d0f1fe809409805c3a402730a,hpc/results/round1-8-64/production/zrc64_T6000_v105_s17/jobs/zrc64_T6000_v105_s17/production/attempt-01/sampling/frames.extxyz,ef738ec6f25e619a80c636ce84ec0302c99d26bcf9231bfb5a2f7e421275dfdc,,unassigned,104,stratified_SOAP_FPS,2026,0.052695807206284015
zrc64_T4500_v105_s17_f0110,zrc64_T4500_v105_s17,64,4500,1.05,17,development,zrc64_v105_s17_heating,110,5500.0,11000,4690.404989128814,-8.843259811401367,21.479972197953845,10.945120811462402,1.871682118046362,1.2504880280179909,2.726273711693606,9ce4acb9cbf97f5d5544cb4de3065422b24c0b2f94a73e9c1f5bace946e59934,hpc/results/round1-8-64/production/zrc64_T4500_v105_s17/jobs/zrc64_T4500_v105_s17/production/attempt-01/sampling/frames.extxyz,05e37e3688bdce1195b166c3cdb4e0b2767bce96dc36f5029349686ffc9fba78,,unassigned,105,stratified_SOAP_FPS,2026,0.038809495267470524
zrc64_T5250_v095_s17_f0185,zrc64_T5250_v095_s17,64,5250,0.95,17,development,zrc64_v095_s17_heating,185,9250.0,18500,5019.18630582616,-8.17716121673584,41.65261504104554,8.966958999633789,1.900170868030664,1.3262945863068336,2.3538219420216833,593fb8768e726b03e8f1a68f54b45d0cdc74aeaade6487cc2b69e1ee17dffa03,hpc/results/round1-8-64/production/zrc64_T5250_v095_s17/jobs/zrc64_T5250_v095_s17/production/attempt-01/sampling/frames.extxyz,7fdbc9fc59e3288da3c2fc653d1ed8709f0feeca8bf1573cf734a243a8eea755,,unassigned,106,stratified_SOAP_FPS,2026,0.0473899641997381
zrc64_T1500_v100_s17_f0140,zrc64_T1500_v100_s17,64,1500,1.0,17,development,zrc64_v100_s17_heating,140,7000.0,14000,1329.2259901336079,-9.523834228515625,8.59882796697335,5.564723968505859,1.9844616198223268,2.9088510818511017,3.0029639547771496,40af84179c694107b3460af58bf57c944f2c85c10d6748445e0a31cb0cf902b6,hpc/results/round1-8-64/production/zrc64_T1500_v100_s17/jobs/zrc64_T1500_v100_s17/production/attempt-01/sampling/frames.extxyz,0b57a9d22d7e8c7db61735858cc30505ba173d07c1c4a6e396f17041a99b84e2,,unassigned,107,stratified_SOAP_FPS,2026,0.008479301308261937
zrc64_T4500_v100_s17_f0045,zrc64_T4500_v100_s17,64,4500,1.0,17,development,zrc64_v100_s17_heating,45,2250.0,4500,4202.599893071851,-8.896921157836914,22.16963570656102,7.805783748626709,1.8668329114293836,1.3085159913993896,2.5750949656167132,416e9d358a2a3c403832155fa626ddd4041a35e24b6b9bc21f6cceef3c226b6b,hpc/results/round1-8-64/production/zrc64_T4500_v100_s17/jobs/zrc64_T4500_v100_s17/production/attempt-01/sampling/frames.extxyz,b5f6ee0648c369753023d9323aabfe46cfd7612607cbea2ffbfb15a993519ff2,,unassigned,108,stratified_SOAP_FPS,2026,0.03619011317531254
zrc64_T4500_v100_s17_f0135,zrc64_T4500_v100_s17,64,4500,1.0,17,development,zrc64_v100_s17_heating,135,6750.0,13500,4742.129561609232,-8.969484329223633,21.163026034117408,8.952391624450684,1.9060024993149607,1.6015076006183566,2.4433153017342564,a7df383f23628ccff4454ace2da972fa50b1815d3702db8b07298629893499f3,hpc/results/round1-8-64/production/zrc64_T4500_v100_s17/jobs/zrc64_T4500_v100_s17/production/attempt-01/sampling/frames.extxyz,b5f6ee0648c369753023d9323aabfe46cfd7612607cbea2ffbfb15a993519ff2,,unassigned,109,stratified_SOAP_FPS,2026,0.03576488866904498
zrc64_T5250_v100_s17_f0170,zrc64_T5250_v100_s17,64,5250,1.0,17,development,zrc64_v100_s17_heating,170,8500.0,17000,5184.2751922034095,-8.234054565429688,32.1566032601554,7.1851301193237305,1.8932612322786602,1.2650129476632537,2.2067912397097507,cc655377303495bfe3c85221c6bb523ad9c6442822b2a0298c6814cd9311b26a,hpc/results/round1-8-64/production/zrc64_T5250_v100_s17/jobs/zrc64_T5250_v100_s17/production/attempt-01/sampling/frames.extxyz,c105336a4968370fe0edbeab8640489ed047806d76ff10421d0ca32fae09eea0,,unassigned,110,stratified_SOAP_FPS,2026,0.04915688162350568
zrc64_T1500_v105_s17_f0085,zrc64_T1500_v105_s17,64,1500,1.05,17,development,zrc64_v105_s17_heating,85,4250.0,8500,1635.3211582243182,-9.464436531066895,-1.3511211295481875,4.769027233123779,2.0130336317782658,2.8969724429681176,3.0487276291784253,d7532410bf3597ae3b8a03ea0d00ef5e9bf8d1468ca3066e81dd48d0d579abe2,hpc/results/round1-8-64/production/zrc64_T1500_v105_s17/jobs/zrc64_T1500_v105_s17/production/attempt-01/sampling/frames.extxyz,d28a4f0a705320a646044b919cebe9286d070451f48feede258cfdd61a8ba8f5,,unassigned,111,stratified_SOAP_FPS,2026,0.010312367217037292
zrc64_T1500_v095_s17_f0140,zrc64_T1500_v095_s17,64,1500,0.95,17,development,zrc64_v095_s17_heating,140,7000.0,14000,1553.9367691607983,-9.492937088012695,21.71237773924389,4.324563503265381,2.068206229821005,2.9783534050544813,2.9528923780307372,bb58695574c3b3b288ff87f367804a8189f1611b0bca1c4a79d928312bb766ee,hpc/results/round1-8-64/production/zrc64_T1500_v095_s17/jobs/zrc64_T1500_v095_s17/production/attempt-01/sampling/frames.extxyz,5b28004032b343dfef216429d4e0761a24384595070cb03a21afa3c444c24067,,unassigned,112,stratified_SOAP_FPS,2026,0.007649620788008382
zrc64_T6000_v105_s17_f0030,zrc64_T6000_v105_s17,64,6000,1.05,17,development,zrc64_v105_s17_heating,30,1500.0,3000,5161.045589325256,-8.094968795776367,27.70954102965151,9.068254470825195,1.8537598376023867,1.3212358360295293,2.098315439959891,fa5cf097d1ca9ac426b15fdcd0847a199dc2329e33117c5818fced830ad8052d,hpc/results/round1-8-64/production/zrc64_T6000_v105_s17/jobs/zrc64_T6000_v105_s17/production/attempt-01/sampling/frames.extxyz,ef738ec6f25e619a80c636ce84ec0302c99d26bcf9231bfb5a2f7e421275dfdc,,unassigned,113,stratified_SOAP_FPS,2026,0.05202699825937231
zrc64_T3000_v100_s17_f0120,zrc64_T3000_v100_s17,64,3000,1.0,17,development,zrc64_v100_s17_heating,120,6000.0,12000,2921.138340761629,-9.263582229614258,15.78421872896698,8.606374740600586,1.848677489034674,2.8574481105940146,2.811220640736785,41b446322579e76c243a3d7925abaae6ebd136d6c03d4fc6166631532c411bc4,hpc/results/round1-8-64/production/zrc64_T3000_v100_s17/jobs/zrc64_T3000_v100_s17/production/attempt-01/sampling/frames.extxyz,a4444c4024dfaef8af475d257202e4ec0c331a45e9426cd5c950944caa131eaa,,unassigned,114,stratified_SOAP_FPS,2026,0.013795187163959055
zrc64_T4500_v095_s17_f0075,zrc64_T4500_v095_s17,64,4500,0.95,17,development,zrc64_v095_s17_heating,75,3750.0,7500,4489.847132700898,-8.9644136428833,34.48354964948865,8.973028182983398,1.8444277951516512,1.6025523757590694,2.771730018201724,7530f37a48a39a7db8ee6cc98da11538681a8b86e2010fff68dadda6c07c5eee,hpc/results/round1-8-64/production/zrc64_T4500_v095_s17/jobs/zrc64_T4500_v095_s17/production/attempt-01/sampling/frames.extxyz,65116dd3c23f7ea4f37d5e963453d34409098eb6bae1ff570fe77bb92b99e81a,,unassigned,115,stratified_SOAP_FPS,2026,0.024756242618019918
zrc64_T5250_v095_s17_f0105,zrc64_T5250_v095_s17,64,5250,0.95,17,development,zrc64_v095_s17_heating,105,5250.0,10500,5672.14836626221,-8.295884132385254,41.9620626194553,10.441761016845703,1.771022907152551,1.2821886079527491,2.324459083526526,21dff48e71e6ad5145ceb05b5fe9bc026db053d5c331f92d1d38b29e8b0e4ee4,hpc/results/round1-8-64/production/zrc64_T5250_v095_s17/jobs/zrc64_T5250_v095_s17/production/attempt-01/sampling/frames.extxyz,7fdbc9fc59e3288da3c2fc653d1ed8709f0feeca8bf1573cf734a243a8eea755,,unassigned,116,stratified_SOAP_FPS,2026,0.04618979915287614
zrc64_T6000_v100_s17_f0185,zrc64_T6000_v100_s17,64,6000,1.0,17,development,zrc64_v100_s17_heating,185,9250.0,18500,6707.260927399353,-7.983367919921875,38.859129938284795,10.133377075195312,1.7708306058293621,1.304819309117101,2.225867682373504,f82253ba7f38be9841daca84e13a48414e32109f0dd85cd69f1b67d5b26758b2,hpc/results/round1-8-64/production/zrc64_T6000_v100_s17/jobs/zrc64_T6000_v100_s17/production/attempt-01/sampling/frames.extxyz,41599cc730e48121c4bdac3bc09d76b684d95a277e129cddc8adb7f46e6d0946,,unassigned,117,stratified_SOAP_FPS,2026,0.04972471460914615
zrc64_T3000_v095_s17_f0040,zrc64_T3000_v095_s17,64,3000,0.95,17,development,zrc64_v095_s17_heating,40,2000.0,4000,3537.3465700487445,-9.24586296081543,29.827536715434256,7.4294328689575195,1.9519753980615016,2.6888296887644434,2.818023396875,4bfe48a972039470bdd9c0348bb6cf5e1415cf1705b5849cbdc2fe08b02cf112,hpc/results/round1-8-64/production/zrc64_T3000_v095_s17/jobs/zrc64_T3000_v095_s17/production/attempt-01/sampling/frames.extxyz,38d42f886936a7c5334dbee7f9fc2d38457e89614c905ba8d473d57ee3aee2bb,,unassigned,118,stratified_SOAP_FPS,2026,0.012403760174478367
zrc64_T0300_v095_s17_f0125,zrc64_T0300_v095_s17,64,300,0.95,17,development,zrc64_v095_s17_heating,125,6250.0,12500,315.2600515775154,-9.647187232971191,15.183324813842773,2.095839262008667,2.1723458445284187,3.108318346746551,3.131953842446705,f1d01826dfda0055a739003beae1aa7fa388e3ccd05e1b37505a37f44d2c6b51,experiments/zrc_mace_round1/jobs/zrc64_T0300_v095_s17/production/attempt-01/sampling/frames.extxyz,29fc41d9fad7160ccd2375073663700da24320df162982d90ed67297d635bd7d,,unassigned,119,stratified_SOAP_FPS,2026,0.0029062202764950245
zrc64_T0300_v100_s17_f0065,zrc64_T0300_v100_s17,64,300,1.0,17,development,zrc64_v100_s17_heating,65,3250.0,6500,279.3969881057842,-9.672749519348145,1.6781408786773682,2.131786584854126,2.1773180497157387,3.134566619625735,3.1785205640697236,fcf9687ee3a42f63794152311c9066e0f6d4cab8a80db3b34a9fc7f4c692e695,experiments/zrc_mace_round1/jobs/zrc64_T0300_v100_s17/production/attempt-01/sampling/frames.extxyz,b0e19e781d665d4f92fb7606a1fa566d8357e4b8f1c5799a79f193aea3456c2f,,unassigned,120,stratified_SOAP_FPS,2026,0.003470198767910824
zrc64_T0300_v105_s17_f0170,zrc64_T0300_v105_s17,64,300,1.05,17,development,zrc64_v105_s17_heating,170,8500.0,17000,306.98107056420463,-9.645529747009277,-8.663477897644043,2.37011981010437,2.1836152754584894,3.1126434455924303,3.200581123922785,c49455436abc2d0747e027460b71933cb016471c01bbc1d2a1e48ff1508efb7a,experiments/zrc_mace_round1/jobs/zrc64_T0300_v105_s17/production/attempt-01/sampling/frames.extxyz,2e6224250d01b866f883442edea3e0ecd17b582eb99446eca08ba48b95249e08,,unassigned,121,stratified_SOAP_FPS,2026,0.0037855166355910894
zrc64_T6000_v095_s17_f0110,zrc64_T6000_v095_s17,64,6000,0.95,17,development,zrc64_v095_s17_heating,110,5500.0,11000,6234.0805788758535,-8.014593124389648,41.269723390511146,14.014522552490234,1.6932823152166034,1.3797039812733312,2.3133462212143487,8dd9d551b9b2585f6abfcbc38154a3117e49a77b14a3cb12c9434f47be11fa0a,hpc/results/round1-8-64/production/zrc64_T6000_v095_s17/jobs/zrc64_T6000_v095_s17/production/attempt-01/sampling/frames.extxyz,ebfa194f0d83eb7ec3df31489d43cf1768b9a48d0c55db95d8af2f4e79e8302b,,unassigned,122,stratified_SOAP_FPS,2026,0.050608268312961065
zrc64_T3000_v105_s17_f0025,zrc64_T3000_v105_s17,64,3000,1.05,17,development,zrc64_v105_s17_heating,25,1250.0,2500,3333.8165054585343,-9.387523651123047,2.599141902351039,5.058358669281006,2.0644257369927566,2.8455491106609543,2.9040656757376233,ff85e228e43795da0ff88454f33710c202bd25e7004e27c68908edd922c9c43f,hpc/results/round1-8-64/production/zrc64_T3000_v105_s17/jobs/zrc64_T3000_v105_s17/production/attempt-01/sampling/frames.extxyz,b4dccb6801af5c2276e8bda38746a4f6f66326b38d4a2344115b8b88f363d665,,unassigned,123,stratified_SOAP_FPS,2026,0.01414459295474405
zrc64_T1500_v100_s17_f0145,zrc64_T1500_v100_s17,64,1500,1.0,17,development,zrc64_v100_s17_heating,145,7250.0,14500,1351.3088400344373,-9.534361839294434,6.85690837127963,5.143222808837891,2.0008611761039505,2.9857374213327224,3.0185259497895416,d3f2d6af9f7894b9b82a3849e56f6da3cf8af4b43b7270dcda1ff5094bec502a,hpc/results/round1-8-64/production/zrc64_T1500_v100_s17/jobs/zrc64_T1500_v100_s17/production/attempt-01/sampling/frames.extxyz,0b57a9d22d7e8c7db61735858cc30505ba173d07c1c4a6e396f17041a99b84e2,,unassigned,124,stratified_SOAP_FPS,2026,0.00846978081825931
zrc64_T5250_v105_s17_f0095,zrc64_T5250_v105_s17,64,5250,1.05,17,development,zrc64_v105_s17_heating,95,4750.0,9500,4897.567389361488,-8.257295608520508,26.98435623314687,8.47447395324707,1.8294170230181221,1.2707451023376555,2.288377954694914,af356f2343e5de76b3dd18f81bf8bc0204910a9add243f2d823fc04302b885cf,hpc/results/round1-8-64/production/zrc64_T5250_v105_s17/jobs/zrc64_T5250_v105_s17/production/attempt-01/sampling/frames.extxyz,98513e4ef98528a1f91bcd1e3ab3c9da409ecdb19122d0f4eb5d882dd43afa8e,,unassigned,125,stratified_SOAP_FPS,2026,0.053931319545279674
zrc64_T4500_v105_s17_f0055,zrc64_T4500_v105_s17,64,4500,1.05,17,development,zrc64_v105_s17_heating,55,2750.0,5500,4198.970847170935,-9.04671573638916,12.411801973325073,9.35821533203125,1.897424219063624,1.3472885970032857,2.8006798216693203,1a44a38f4b65987dee54c2d798c1056b2f3f1d0ce13652e99141d63aab974671,hpc/results/round1-8-64/production/zrc64_T4500_v105_s17/jobs/zrc64_T4500_v105_s17/production/attempt-01/sampling/frames.extxyz,05e37e3688bdce1195b166c3cdb4e0b2767bce96dc36f5029349686ffc9fba78,,unassigned,126,stratified_SOAP_FPS,2026,0.03834543734268543
zrc64_T0300_v105_s17_f0115,zrc64_T0300_v105_s17,64,300,1.05,17,development,zrc64_v105_s17_heating,115,5750.0,11500,258.1828292292046,-9.6519775390625,-8.5728120803833,1.7324048280715942,2.2460124502255754,3.1366917275124155,3.237954581688053,5d7b104656e632dfbe2a8415235823b893b14cce0db4ea9c485e866ef536f1f5,experiments/zrc_mace_round1/jobs/zrc64_T0300_v105_s17/production/attempt-01/sampling/frames.extxyz,2e6224250d01b866f883442edea3e0ecd17b582eb99446eca08ba48b95249e08,,unassigned,127,stratified_SOAP_FPS,2026,0.0035678897161580416
zrc64_T5250_v105_s17_f0185,zrc64_T5250_v105_s17,64,5250,1.05,17,development,zrc64_v105_s17_heating,185,9250.0,18500,5247.271955327082,-8.349201202392578,24.75651126206024,8.25306224822998,1.826189623241239,1.412485105910754,2.5804003353891716,27a6660d7c0afd41225a9d6171e86770ffaff66a4edf91d9d3757fc335abcc2c,hpc/results/round1-8-64/production/zrc64_T5250_v105_s17/jobs/zrc64_T5250_v105_s17/production/attempt-01/sampling/frames.extxyz,98513e4ef98528a1f91bcd1e3ab3c9da409ecdb19122d0f4eb5d882dd43afa8e,,unassigned,128,stratified_SOAP_FPS,2026,0.05373403952222053
zrc64_T0300_v095_s17_f0095,zrc64_T0300_v095_s17,64,300,0.95,17,development,zrc64_v095_s17_heating,95,4750.0,9500,277.03190611967636,-9.651240348815918,15.110326766967773,1.985311508178711,2.1631451799817776,3.1268230411527074,3.132095927514826,b3daf44e5b6c308c25df00a5d58591bcdac5438ca961695e16c1f537e61fd714,experiments/zrc_mace_round1/jobs/zrc64_T0300_v095_s17/production/attempt-01/sampling/frames.extxyz,29fc41d9fad7160ccd2375073663700da24320df162982d90ed67297d635bd7d,,unassigned,129,stratified_SOAP_FPS,2026,0.0026975781085806258
zrc64_T3000_v105_s17_f0095,zrc64_T3000_v105_s17,64,3000,1.05,17,development,zrc64_v105_s17_heating,95,4750.0,9500,3319.4197466809183,-9.266995429992676,6.82941246651111,7.9146952629089355,1.9570847918338097,2.780072559453513,2.8967245600327467,01184810768296ecad5e94cb551ca1ffb9c2bbeb3435d2dba7f886b39819e390,hpc/results/round1-8-64/production/zrc64_T3000_v105_s17/jobs/zrc64_T3000_v105_s17/production/attempt-01/sampling/frames.extxyz,b4dccb6801af5c2276e8bda38746a4f6f66326b38d4a2344115b8b88f363d665,,unassigned,130,stratified_SOAP_FPS,2026,0.013956407776991855
zrc64_T5250_v095_s17_f0120,zrc64_T5250_v095_s17,64,5250,0.95,17,development,zrc64_v095_s17_heating,120,6000.0,12000,4345.404302961365,-7.982381820678711,40.263450662886925,9.553701400756836,1.825810617914715,1.2843449728221625,2.2422924521533205,a5c300e9dde1c86aed37342db0b4c354e1e98116c93facc905f666d3d02c9727,hpc/results/round1-8-64/production/zrc64_T5250_v095_s17/jobs/zrc64_T5250_v095_s17/production/attempt-01/sampling/frames.extxyz,7fdbc9fc59e3288da3c2fc653d1ed8709f0feeca8bf1573cf734a243a8eea755,,unassigned,131,stratified_SOAP_FPS,2026,0.04600285897181214
zrc64_T6000_v105_s17_f0025,zrc64_T6000_v105_s17,64,6000,1.05,17,development,zrc64_v105_s17_heating,25,1250.0,2500,5846.132447138951,-8.145174026489258,22.81603154677686,10.697253227233887,1.8378299818473927,1.3057532889100358,2.1163235072923876,940054f71a3d64979351c94123aa1dd613a90cffaa3f26dc1def6db9f68a2ae9,hpc/results/round1-8-64/production/zrc64_T6000_v105_s17/jobs/zrc64_T6000_v105_s17/production/attempt-01/sampling/frames.extxyz,ef738ec6f25e619a80c636ce84ec0302c99d26bcf9231bfb5a2f7e421275dfdc,,unassigned,132,stratified_SOAP_FPS,2026,0.051911660899730885
zrc64_T4500_v100_s17_f0055,zrc64_T4500_v100_s17,64,4500,1.0,17,development,zrc64_v100_s17_heating,55,2750.0,5500,4448.643299405117,-9.036357879638672,22.076652876381623,9.82822322845459,1.81314637628384,1.46118520677653,2.638111517159,e31f3c4b0af5bc7a59168dc4ce02fd45e5efe3a2efa6a4308e41f8391cc84eed,hpc/results/round1-8-64/production/zrc64_T4500_v100_s17/jobs/zrc64_T4500_v100_s17/production/attempt-01/sampling/frames.extxyz,b5f6ee0648c369753023d9323aabfe46cfd7612607cbea2ffbfb15a993519ff2,,unassigned,133,stratified_SOAP_FPS,2026,0.031874334798810695
zrc64_T1500_v095_s17_f0120,zrc64_T1500_v095_s17,64,1500,0.95,17,development,zrc64_v095_s17_heating,120,6000.0,12000,1255.633661312837,-9.489603042602539,20.664953255737117,7.088176727294922,2.0088605682043577,2.9249309475477894,2.923113764409596,c6c96711f5638b931f09ad16d2a3dfed65a48568e6c9d2af5f834424462582ce,hpc/results/round1-8-64/production/zrc64_T1500_v095_s17/jobs/zrc64_T1500_v095_s17/production/attempt-01/sampling/frames.extxyz,5b28004032b343dfef216429d4e0761a24384595070cb03a21afa3c444c24067,,unassigned,134,stratified_SOAP_FPS,2026,0.007633936346103709
zrc64_T5250_v100_s17_f0100,zrc64_T5250_v100_s17,64,5250,1.0,17,development,zrc64_v100_s17_heating,100,5000.0,10000,5518.295378590532,-8.329339981079102,32.171465201940705,11.445792198181152,1.8023685007492047,1.3096550582691011,2.2341146605999382,0e0765f7bd77970a18e497a96b5f750ca899626fce24ec486863fe25c74d4972,hpc/results/round1-8-64/production/zrc64_T5250_v100_s17/jobs/zrc64_T5250_v100_s17/production/attempt-01/sampling/frames.extxyz,c105336a4968370fe0edbeab8640489ed047806d76ff10421d0ca32fae09eea0,,unassigned,135,stratified_SOAP_FPS,2026,0.04873568945714803
zrc64_T3000_v100_s17_f0100,zrc64_T3000_v100_s17,64,3000,1.0,17,development,zrc64_v100_s17_heating,100,5000.0,10000,3579.2573499882014,-9.338311195373535,15.373215212681533,10.366195678710938,1.9111951484160228,2.7564066250348422,2.8230909375311883,8197314817d4efa5476ef8f86bdd4b733a05e884a229fedd3cab835ae7e00848,hpc/results/round1-8-64/production/zrc64_T3000_v100_s17/jobs/zrc64_T3000_v100_s17/production/attempt-01/sampling/frames.extxyz,a4444c4024dfaef8af475d257202e4ec0c331a45e9426cd5c950944caa131eaa,,unassigned,136,stratified_SOAP_FPS,2026,0.013476072358787722
zrc64_T6000_v095_s17_f0185,zrc64_T6000_v095_s17,64,6000,0.95,17,development,zrc64_v095_s17_heating,185,9250.0,18500,6113.800013550461,-7.957372665405273,46.30842087698368,8.85225772857666,1.804132128933726,1.264615008493162,2.215924179125391,579dafafb891242cf4e8490c91f03691f0d6c5b89656ea048983eb42fea81ae6,hpc/results/round1-8-64/production/zrc64_T6000_v095_s17/jobs/zrc64_T6000_v095_s17/production/attempt-01/sampling/frames.extxyz,ebfa194f0d83eb7ec3df31489d43cf1768b9a48d0c55db95d8af2f4e79e8302b,,unassigned,137,stratified_SOAP_FPS,2026,0.048788140806226975
zrc64_T3000_v095_s17_f0105,zrc64_T3000_v095_s17,64,3000,0.95,17,development,zrc64_v095_s17_heating,105,5250.0,10500,3361.6691451776464,-9.278481483459473,27.132448699118328,7.965038776397705,1.8908416916903277,2.764641244778144,2.815863944177917,4aaf37eb504ce2c412ca254e657732fd3d78940d189df3365f06f2d1814cc0a2,hpc/results/round1-8-64/production/zrc64_T3000_v095_s17/jobs/zrc64_T3000_v095_s17/production/attempt-01/sampling/frames.extxyz,38d42f886936a7c5334dbee7f9fc2d38457e89614c905ba8d473d57ee3aee2bb,,unassigned,138,stratified_SOAP_FPS,2026,0.01197090973540715
zrc64_T4500_v095_s17_f0090,zrc64_T4500_v095_s17,64,4500,0.95,17,development,zrc64_v095_s17_heating,90,4500.0,9000,4335.08456597259,-9.002656936645508,34.9866482036573,10.262499809265137,1.8178739362812404,1.547562160474628,2.7612598533391886,54983c362a6f8380d51a500215385c006cc85356e1ca2b368f6a2c9349d7ac69,hpc/results/round1-8-64/production/zrc64_T4500_v095_s17/jobs/zrc64_T4500_v095_s17/production/attempt-01/sampling/frames.extxyz,65116dd3c23f7ea4f37d5e963453d34409098eb6bae1ff570fe77bb92b99e81a,,unassigned,139,stratified_SOAP_FPS,2026,0.024243314537159194
zrc64_T6000_v100_s17_f0105,zrc64_T6000_v100_s17,64,6000,1.0,17,development,zrc64_v100_s17_heating,105,5250.0,10500,5095.896744833186,-8.055619239807129,34.27253295510483,14.765061378479004,1.8161896274416873,1.255922939362959,2.228439599881846,f5e88ba9e47fb9e7167b264b4a3d833a9519fbd9313d435f9fd0b0c679855aa9,hpc/results/round1-8-64/production/zrc64_T6000_v100_s17/jobs/zrc64_T6000_v100_s17/production/attempt-01/sampling/frames.extxyz,41599cc730e48121c4bdac3bc09d76b684d95a277e129cddc8adb7f46e6d0946,,unassigned,140,stratified_SOAP_FPS,2026,0.04858918156789555
zrc64_T0300_v100_s17_f0190,zrc64_T0300_v100_s17,64,300,1.0,17,development,zrc64_v100_s17_heating,190,9500.0,19000,291.8211784738539,-9.669743537902832,1.6175956726074219,2.0542123317718506,2.1858041484266932,3.1759210674863616,3.1765793192450102,e1eb59144ca7351d9f65bfc9ac99db8fb4ceea34dc8da37ee1b74786e37bd2b1,experiments/zrc_mace_round1/jobs/zrc64_T0300_v100_s17/production/attempt-01/sampling/frames.extxyz,b0e19e781d665d4f92fb7606a1fa566d8357e4b8f1c5799a79f193aea3456c2f,,unassigned,141,stratified_SOAP_FPS,2026,0.003319509303326534
zrc64_T1500_v100_s17_f0150,zrc64_T1500_v100_s17,64,1500,1.0,17,development,zrc64_v100_s17_heating,150,7500.0,15000,1396.8765829501676,-9.487099647521973,8.413150277481604,5.6270294189453125,1.9655164997378505,2.9585522158674733,2.985642594864974,1e7cc7c084ba3ad5d3dd075d42315abb374e38acb2ff147f83d91c3d0c5eea8a,hpc/results/round1-8-64/production/zrc64_T1500_v100_s17/jobs/zrc64_T1500_v100_s17/production/attempt-01/sampling/frames.extxyz,0b57a9d22d7e8c7db61735858cc30505ba173d07c1c4a6e396f17041a99b84e2,,unassigned,142,stratified_SOAP_FPS,2026,0.008056668141751846
zrc64_T1500_v105_s17_f0090,zrc64_T1500_v105_s17,64,1500,1.05,17,development,zrc64_v105_s17_heating,90,4500.0,9000,1382.6422139327105,-9.499691009521484,-1.8486583785326902,3.8330509662628174,2.0318005047338397,3.0071897232445193,3.062846651361098,501152ac5579c7e83467a04c7301a4cd4127b3c72df9e28fa275511d5fa56ff9,hpc/results/round1-8-64/production/zrc64_T1500_v105_s17/jobs/zrc64_T1500_v105_s17/production/attempt-01/sampling/frames.extxyz,d28a4f0a705320a646044b919cebe9286d070451f48feede258cfdd61a8ba8f5,,unassigned,143,stratified_SOAP_FPS,2026,0.010025314410786225
zrc64_T4500_v105_s17_f0095,zrc64_T4500_v105_s17,64,4500,1.05,17,development,zrc64_v105_s17_heating,95,4750.0,9500,4502.11700009075,-8.943781852722168,14.539726216026995,9.161726951599121,1.820891433569796,1.2299700667445999,2.501967818803388,e0d5f7272aec73b983c738153a0b22bbfb5a8e294209589a731b2b545c727fa2,hpc/results/round1-8-64/production/zrc64_T4500_v105_s17/jobs/zrc64_T4500_v105_s17/production/attempt-01/sampling/frames.extxyz,05e37e3688bdce1195b166c3cdb4e0b2767bce96dc36f5029349686ffc9fba78,,unassigned,144,stratified_SOAP_FPS,2026,0.03736885263377935
zrc64_T0300_v100_s17_f0010,zrc64_T0300_v100_s17,64,300,1.0,17,development,zrc64_v100_s17_heating,10,500.0,1000,293.2828551690849,-9.67462158203125,1.5593949556350708,1.8714463710784912,2.1960055617938528,3.1408885816065175,3.1700816149600177,3625274edb32d650d38e931d695d7a57e2bdda1e28e172741615465a1da9d461,experiments/zrc_mace_round1/jobs/zrc64_T0300_v100_s17/production/attempt-01/sampling/frames.extxyz,b0e19e781d665d4f92fb7606a1fa566d8357e4b8f1c5799a79f193aea3456c2f,,unassigned,145,stratified_SOAP_FPS,2026,0.003174536736041335
zrc64_T4500_v100_s17_f0185,zrc64_T4500_v100_s17,64,4500,1.0,17,development,zrc64_v100_s17_heating,185,9250.0,18500,4179.953928337429,-9.011493682861328,20.563725979755098,8.090126991271973,1.881719133047362,1.509824001396284,2.8107074462422403,215f8877766c632bc1250c1786fbd98fef76064a87ab59d31f5daf0f60a9d71a,hpc/results/round1-8-64/production/zrc64_T4500_v100_s17/jobs/zrc64_T4500_v100_s17/production/attempt-01/sampling/frames.extxyz,b5f6ee0648c369753023d9323aabfe46cfd7612607cbea2ffbfb15a993519ff2,,unassigned,146,stratified_SOAP_FPS,2026,0.030694196443871738
zrc64_T5250_v100_s17_f0145,zrc64_T5250_v100_s17,64,5250,1.0,17,development,zrc64_v100_s17_heating,145,7250.0,14500,5249.380723840783,-8.292686462402344,30.820417181822368,9.324755668640137,1.862578190904081,1.263333156576313,2.407007689899622,65ccd15613966bfa5ec7774e3c944503447f738781f1b9003d80f91e745a474a,hpc/results/round1-8-64/production/zrc64_T5250_v100_s17/jobs/zrc64_T5250_v100_s17/production/attempt-01/sampling/frames.extxyz,c105336a4968370fe0edbeab8640489ed047806d76ff10421d0ca32fae09eea0,,unassigned,147,stratified_SOAP_FPS,2026,0.046762177376785126
zrc64_T1500_v095_s17_f0195,zrc64_T1500_v095_s17,64,1500,0.95,17,development,zrc64_v095_s17_heating,195,9750.0,19500,1521.5509206971253,-9.477888107299805,21.223548554032565,5.627013206481934,2.018559721943268,2.8873301797829973,2.9814786140593115,b36304fb36604c96ee127f48b5130935b0478c4da60a7aca85da11e5dce46251,hpc/results/round1-8-64/production/zrc64_T1500_v095_s17/jobs/zrc64_T1500_v095_s17/production/attempt-01/sampling/frames.extxyz,5b28004032b343dfef216429d4e0761a24384595070cb03a21afa3c444c24067,,unassigned,148,stratified_SOAP_FPS,2026,0.007372374164983674
zrc64_T4500_v095_s17_f0050,zrc64_T4500_v095_s17,64,4500,0.95,17,development,zrc64_v095_s17_heating,50,2500.0,5000,4846.658460294153,-8.98528003692627,33.12723688284183,10.1403226852417,1.9311703732005352,1.449368854448153,2.5569460680032017,8b6e8fb2f3d8f657ffb6eea63533b515bd5ca416c0fbd4a7f4f65074734255e4,hpc/results/round1-8-64/production/zrc64_T4500_v095_s17/jobs/zrc64_T4500_v095_s17/production/attempt-01/sampling/frames.extxyz,65116dd3c23f7ea4f37d5e963453d34409098eb6bae1ff570fe77bb92b99e81a,,unassigned,149,stratified_SOAP_FPS,2026,0.023947102975371688
zrc64_T6000_v105_s17_f0080,zrc64_T6000_v105_s17,64,6000,1.05,17,development,zrc64_v105_s17_heating,80,4000.0,8000,4924.270352643925,-7.990839958190918,25.017773723323987,8.439188003540039,1.9304881522032842,1.281478197267113,2.1271103391348047,4785fde21d26b3696de0645ad1ef88c19fdf8f7f0bf4124baefb377e28e7e726,hpc/results/round1-8-64/production/zrc64_T6000_v105_s17/jobs/zrc64_T6000_v105_s17/production/attempt-01/sampling/frames.extxyz,ef738ec6f25e619a80c636ce84ec0302c99d26bcf9231bfb5a2f7e421275dfdc,,unassigned,150,stratified_SOAP_FPS,2026,0.05178895964994586
zrc64_T0300_v105_s17_f0065,zrc64_T0300_v105_s17,64,300,1.05,17,development,zrc64_v105_s17_heating,65,3250.0,6500,276.9563943943895,-9.656769752502441,-8.717376708984375,1.75728178024292,2.214193125944649,3.134929147594778,3.2571244020717405,055b78c37ed36ed3ce34cf95b89415ac189e3c41eaae1444e3649db3db6ff197,experiments/zrc_mace_round1/jobs/zrc64_T0300_v105_s17/production/attempt-01/sampling/frames.extxyz,2e6224250d01b866f883442edea3e0ecd17b582eb99446eca08ba48b95249e08,,unassigned,151,stratified_SOAP_FPS,2026,0.0033110154772350658
zrc64_T5250_v095_s17_f0060,zrc64_T5250_v095_s17,64,5250,0.95,17,development,zrc64_v095_s17_heating,60,3000.0,6000,4440.883703082748,-8.663324356079102,38.54137209217497,11.093384742736816,1.7794896388535626,1.4205657678918042,2.5512430326493467,604dfd42a2d460d25e9a18938cdc71ce9d48bbf0419e0419ed25248906de691b,hpc/results/round1-8-64/production/zrc64_T5250_v095_s17/jobs/zrc64_T5250_v095_s17/production/attempt-01/sampling/frames.extxyz,7fdbc9fc59e3288da3c2fc653d1ed8709f0feeca8bf1573cf734a243a8eea755,,unassigned,152,stratified_SOAP_FPS,2026,0.045517639208278594
zrc64_T4500_v105_s17_f0005,zrc64_T4500_v105_s17,64,4500,1.05,17,development,zrc64_v105_s17_heating,5,250.0,500,4064.9970879846674,-8.895047187805176,11.492137697122297,7.5075554847717285,1.832776275710447,1.4167115257933494,2.608480466419054,87cd06228bd1fe95a9a0c97474dd9b33520c1739c2b3f8928858f342980ad14e,hpc/results/round1-8-64/production/zrc64_T4500_v105_s17/jobs/zrc64_T4500_v105_s17/production/attempt-01/sampling/frames.extxyz,05e37e3688bdce1195b166c3cdb4e0b2767bce96dc36f5029349686ffc9fba78,,unassigned,153,stratified_SOAP_FPS,2026,0.03551887603711338
zrc64_T3000_v105_s17_f0015,zrc64_T3000_v105_s17,64,3000,1.05,17,development,zrc64_v105_s17_heating,15,750.0,1500,2642.3021815215297,-9.319390296936035,4.338232294589298,12.33428955078125,1.756753998107188,2.738666873918988,2.9301974199612397,bc29069170f033e5e8717e580eca9a00499c13f385a83b5cc7becfe35500298f,hpc/results/round1-8-64/production/zrc64_T3000_v105_s17/jobs/zrc64_T3000_v105_s17/production/attempt-01/sampling/frames.extxyz,b4dccb6801af5c2276e8bda38746a4f6f66326b38d4a2344115b8b88f363d665,,unassigned,154,stratified_SOAP_FPS,2026,0.013762366077350242
zrc64_T1500_v105_s17_f0065,zrc64_T1500_v105_s17,64,1500,1.05,17,development,zrc64_v105_s17_heating,65,3250.0,6500,1424.9023641586755,-9.490327835083008,-2.774593423627952,6.026583671569824,1.9571636097262919,2.9436919162189237,3.0271396559874817,572e23a7e0d795a9dad594dcdb870b32418ccdb23944e22b4ffee991768238c4,hpc/results/round1-8-64/production/zrc64_T1500_v105_s17/jobs/zrc64_T1500_v105_s17/production/attempt-01/sampling/frames.extxyz,d28a4f0a705320a646044b919cebe9286d070451f48feede258cfdd61a8ba8f5,,unassigned,155,stratified_SOAP_FPS,2026,0.009172380223131833
zrc64_T5250_v105_s17_f0070,zrc64_T5250_v105_s17,64,5250,1.05,17,development,zrc64_v105_s17_heating,70,3500.0,7000,4503.22551494625,-8.252907752990723,22.106453707856836,9.872153282165527,1.8378092286983116,1.2537502195391914,2.4189621935722174,7f273e1ee83fecb479ea39fd8447b9e00eea77ef0805f6daeb76c786f2e1a0f3,hpc/results/round1-8-64/production/zrc64_T5250_v105_s17/jobs/zrc64_T5250_v105_s17/production/attempt-01/sampling/frames.extxyz,98513e4ef98528a1f91bcd1e3ab3c9da409ecdb19122d0f4eb5d882dd43afa8e,,unassigned,156,stratified_SOAP_FPS,2026,0.04920791725810075
zrc64_T3000_v095_s17_f0130,zrc64_T3000_v095_s17,64,3000,0.95,17,development,zrc64_v095_s17_heating,130,6500.0,13000,2954.7867233237466,-9.288837432861328,29.143090040788298,6.3093791007995605,1.9905379172520667,2.754516370607385,2.8609568699109698,89c9124f15c1c98f5c8c5bda047eefd1f1114cd20b01118a0c24867eda03b35c,hpc/results/round1-8-64/production/zrc64_T3000_v095_s17/jobs/zrc64_T3000_v095_s17/production/attempt-01/sampling/frames.extxyz,38d42f886936a7c5334dbee7f9fc2d38457e89614c905ba8d473d57ee3aee2bb,,unassigned,157,stratified_SOAP_FPS,2026,0.011107975767658845
zrc64_T6000_v095_s17_f0060,zrc64_T6000_v095_s17,64,6000,0.95,17,development,zrc64_v095_s17_heating,60,3000.0,6000,5446.794212463271,-8.05202579498291,46.538086522224994,10.259561538696289,1.8818728846488528,1.2311874899420883,2.2232801407416507,f1b877418d0b877f1361eb1f4a39a6ddaa5ec3081c5d4074262cddc1e88925bf,hpc/results/round1-8-64/production/zrc64_T6000_v095_s17/jobs/zrc64_T6000_v095_s17/production/attempt-01/sampling/frames.extxyz,ebfa194f0d83eb7ec3df31489d43cf1768b9a48d0c55db95d8af2f4e79e8302b,,unassigned,158,stratified_SOAP_FPS,2026,0.047889231148957254
zrc64_T1500_v100_s17_f0190,zrc64_T1500_v100_s17,64,1500,1.0,17,development,zrc64_v100_s17_heating,190,9500.0,19000,1700.8559200698112,-9.510469436645508,8.770125866669932,7.345754623413086,1.9786711898229403,2.963658737646886,2.9837309973284993,c9f872fbe40689afb29ad8c5cff7a9482f3adb8497097b7165641813bdfc0947,hpc/results/round1-8-64/production/zrc64_T1500_v100_s17/jobs/zrc64_T1500_v100_s17/production/attempt-01/sampling/frames.extxyz,0b57a9d22d7e8c7db61735858cc30505ba173d07c1c4a6e396f17041a99b84e2,,unassigned,159,stratified_SOAP_FPS,2026,0.007885125564071603
zrc64_T6000_v100_s17_f0125,zrc64_T6000_v100_s17,64,6000,1.0,17,development,zrc64_v100_s17_heating,125,6250.0,12500,4369.965001626411,-8.0482759475708,32.88906854504627,9.770678520202637,1.8016695217981469,1.3174551701339732,2.175763429157664,214649f09fecaff764611aacae25f4b0e6b63050c228ae5eded90ae80cd16824,hpc/results/round1-8-64/production/zrc64_T6000_v100_s17/jobs/zrc64_T6000_v100_s17/production/attempt-01/sampling/frames.extxyz,41599cc730e48121c4bdac3bc09d76b684d95a277e129cddc8adb7f46e6d0946,,unassigned,160,stratified_SOAP_FPS,2026,0.04834760182862543
zrc64_T0300_v095_s17_f0080,zrc64_T0300_v095_s17,64,300,0.95,17,development,zrc64_v095_s17_heating,80,4000.0,8000,303.48510019144925,-9.638790130615234,15.433926582336426,2.313049554824829,2.179999247079152,3.0473914803280424,3.1213234678455093,6ec8bc811e763cd03a599d2e3f420c79c724344085f50259fdc72a7a36704435,experiments/zrc_mace_round1/jobs/zrc64_T0300_v095_s17/production/attempt-01/sampling/frames.extxyz,29fc41d9fad7160ccd2375073663700da24320df162982d90ed67297d635bd7d,,unassigned,161,stratified_SOAP_FPS,2026,0.0025867008151496994
zrc64_T3000_v100_s17_f0075,zrc64_T3000_v100_s17,64,3000,1.0,17,development,zrc64_v100_s17_heating,75,3750.0,7500,2568.8675634731185,-9.328763961791992,12.492142744184674,9.518753051757812,1.927455372470497,2.8209294124624433,2.841328933844571,7b1bed89b8bec0e616f1be1c91a97149e1ff4a78aba9d68d4e43c6555cd70385,hpc/results/round1-8-64/production/zrc64_T3000_v100_s17/jobs/zrc64_T3000_v100_s17/production/attempt-01/sampling/frames.extxyz,a4444c4024dfaef8af475d257202e4ec0c331a45e9426cd5c950944caa131eaa,,unassigned,162,stratified_SOAP_FPS,2026,0.01335331549314207
zrc64_T6000_v095_s17_f0085,zrc64_T6000_v095_s17,64,6000,0.95,17,development,zrc64_v095_s17_heating,85,4250.0,8500,6597.488494663399,-8.03034782409668,43.90789362449724,10.476552963256836,1.7503345990533503,1.304878228720881,2.2269036959633772,cd06166cafb5d1c0d29e464ca9ce2a0a2b579ec881e61dfc2d0fa45eb251e4ba,hpc/results/round1-8-64/production/zrc64_T6000_v095_s17/jobs/zrc64_T6000_v095_s17/production/attempt-01/sampling/frames.extxyz,ebfa194f0d83eb7ec3df31489d43cf1768b9a48d0c55db95d8af2f4e79e8302b,,unassigned,163,stratified_SOAP_FPS,2026,0.04702188110890392
zrc64_T1500_v105_s17_f0165,zrc64_T1500_v105_s17,64,1500,1.05,17,development,zrc64_v105_s17_heating,165,8250.0,16500,1448.0401044735179,-9.492069244384766,-2.3459870070981714,5.104068279266357,1.999644221138142,2.983521819819488,3.0887269080318798,bdd2ff9007cddaec17bc9d23a7e58abbdd40f3945d7176cde0bd9625587bad36,hpc/results/round1-8-64/production/zrc64_T1500_v105_s17/jobs/zrc64_T1500_v105_s17/production/attempt-01/sampling/frames.extxyz,d28a4f0a705320a646044b919cebe9286d070451f48feede258cfdd61a8ba8f5,,unassigned,164,stratified_SOAP_FPS,2026,0.00889689819502337
zrc64_T3000_v095_s17_f0065,zrc64_T3000_v095_s17,64,3000,0.95,17,development,zrc64_v095_s17_heating,65,3250.0,6500,3088.355541246279,-9.3287935256958,26.954106577589677,8.077588081359863,1.9091634605672343,2.591242912717698,2.8666964584276795,e9a56c9221cb8074cc3817eee9a8b10c5e8b2f696b09afd8b433114456d14b6f,hpc/results/round1-8-64/production/zrc64_T3000_v095_s17/jobs/zrc64_T3000_v095_s17/production/attempt-01/sampling/frames.extxyz,38d42f886936a7c5334dbee7f9fc2d38457e89614c905ba8d473d57ee3aee2bb,,unassigned,165,stratified_SOAP_FPS,2026,0.010950842430385677
zrc64_T6000_v100_s17_f0135,zrc64_T6000_v100_s17,64,6000,1.0,17,development,zrc64_v100_s17_heating,135,6750.0,13500,5626.92634290269,-8.00406551361084,36.39239477282391,10.628082275390625,1.8499843586964593,1.2091072890759502,2.200864664572125,f3b56ad83d5425617196b3eafc2bcaa3bbc1bf9c5e268f86efb7c171016ce44f,hpc/results/round1-8-64/production/zrc64_T6000_v100_s17/jobs/zrc64_T6000_v100_s17/production/attempt-01/sampling/frames.extxyz,41599cc730e48121c4bdac3bc09d76b684d95a277e129cddc8adb7f46e6d0946,,unassigned,166,stratified_SOAP_FPS,2026,0.04641653581710004
zrc64_T1500_v100_s17_f0075,zrc64_T1500_v100_s17,64,1500,1.0,17,development,zrc64_v100_s17_heating,75,3750.0,7500,1419.473803113714,-9.506326675415039,7.612969141445263,6.126962661743164,1.9984871314746306,2.800008515308272,2.908367994832823,d273b9bbdca74a05430964a23b6d11a479c3b3223f8c8cbe4480998add526d42,hpc/results/round1-8-64/production/zrc64_T1500_v100_s17/jobs/zrc64_T1500_v100_s17/production/attempt-01/sampling/frames.extxyz,0b57a9d22d7e8c7db61735858cc30505ba173d07c1c4a6e396f17041a99b84e2,,unassigned,167,stratified_SOAP_FPS,2026,0.007695162685753707
zrc64_T0300_v100_s17_f0030,zrc64_T0300_v100_s17,64,300,1.0,17,development,zrc64_v100_s17_heating,30,1500.0,3000,262.8661508762857,-9.668625831604004,1.569455862045288,1.9242233037948608,2.2111098684765165,3.117575494797301,3.1745469132370268,60a23af0f65e89da4db9285c0d272e22d3a3a0d1933ea07026805019d2f1d85b,experiments/zrc_mace_round1/jobs/zrc64_T0300_v100_s17/production/attempt-01/sampling/frames.extxyz,b0e19e781d665d4f92fb7606a1fa566d8357e4b8f1c5799a79f193aea3456c2f,,unassigned,168,stratified_SOAP_FPS,2026,0.0030519013720592533
zrc64_T5250_v100_s17_f0015,zrc64_T5250_v100_s17,64,5250,1.0,17,development,zrc64_v100_s17_heating,15,750.0,1500,5606.495246988441,-8.650060653686523,31.971852517045832,11.760072708129883,1.7812349491186743,1.3221767835332832,2.5607579496315815,bed2992c17504789c861054c4238899de55a62fd21765e5a268f60a68932fd99,hpc/results/round1-8-64/production/zrc64_T5250_v100_s17/jobs/zrc64_T5250_v100_s17/production/attempt-01/sampling/frames.extxyz,c105336a4968370fe0edbeab8640489ed047806d76ff10421d0ca32fae09eea0,,unassigned,169,stratified_SOAP_FPS,2026,0.04447797428627832
zrc64_T0300_v105_s17_f0160,zrc64_T0300_v105_s17,64,300,1.05,17,development,zrc64_v105_s17_heating,160,8000.0,16000,302.1763257427792,-9.649923324584961,-8.536523818969727,1.7338130474090576,2.2084010938567324,3.140587248909349,3.2588144115868873,3ece357f671d378b9b546c25e81ee8e6880f8e42dd0ee9ed98013e8a668d8605,experiments/zrc_mace_round1/jobs/zrc64_T0300_v105_s17/production/attempt-01/sampling/frames.extxyz,2e6224250d01b866f883442edea3e0ecd17b582eb99446eca08ba48b95249e08,,unassigned,170,stratified_SOAP_FPS,2026,0.0033080091819065334
zrc64_T5250_v095_s17_f0150,zrc64_T5250_v095_s17,64,5250,0.95,17,development,zrc64_v095_s17_heating,150,7500.0,15000,5001.941669425219,-8.189408302307129,40.58749534511806,9.10687255859375,1.8414599300581624,1.3348788371823768,2.434759178487582,d49c119b8ef7fdfb9db02fda278f9f748f7364341d0b0863b898944f9d9b1b5a,hpc/results/round1-8-64/production/zrc64_T5250_v095_s17/jobs/zrc64_T5250_v095_s17/production/attempt-01/sampling/frames.extxyz,7fdbc9fc59e3288da3c2fc653d1ed8709f0feeca8bf1573cf734a243a8eea755,,unassigned,171,stratified_SOAP_FPS,2026,0.04454160372656921
zrc64_T3000_v105_s17_f0160,zrc64_T3000_v105_s17,64,3000,1.05,17,development,zrc64_v105_s17_heating,160,8000.0,16000,3264.000490944005,-9.255675315856934,7.546944303293071,7.663345813751221,1.9186223855018136,2.6550251350948555,2.8768922304871123,770fb81719dc6fc666ac6f2814cdd5ebc50033aa5e83608f8e03699e5cd24e9b,hpc/results/round1-8-64/production/zrc64_T3000_v105_s17/jobs/zrc64_T3000_v105_s17/production/attempt-01/sampling/frames.extxyz,b4dccb6801af5c2276e8bda38746a4f6f66326b38d4a2344115b8b88f363d665,,unassigned,172,stratified_SOAP_FPS,2026,0.013615743160986177
zrc64_T4500_v095_s17_f0130,zrc64_T4500_v095_s17,64,4500,0.95,17,development,zrc64_v095_s17_heating,130,6500.0,13000,4271.987152104372,-9.014095306396484,36.417857510914295,10.42613410949707,1.8422635290222933,2.369312743191524,2.7504681944160794,8c30fa5ab1d04f62775195dc9f023ea5ff6429e7dc6c48cde3148aaf5e45ff95,hpc/results/round1-8-64/production/zrc64_T4500_v095_s17/jobs/zrc64_T4500_v095_s17/production/attempt-01/sampling/frames.extxyz,65116dd3c23f7ea4f37d5e963453d34409098eb6bae1ff570fe77bb92b99e81a,,unassigned,173,stratified_SOAP_FPS,2026,0.023353085222880272
zrc64_T1500_v095_s17_f0175,zrc64_T1500_v095_s17,64,1500,0.95,17,development,zrc64_v095_s17_heating,175,8750.0,17500,1501.4098702865338,-9.513798713684082,20.194351260364968,4.8837385177612305,2.043307574363966,2.9169918268391553,3.0271763938408878,bc6544828b813a15b47923756ac6bd01efde52686f192890c5d53c6623a5f5b6,hpc/results/round1-8-64/production/zrc64_T1500_v095_s17/jobs/zrc64_T1500_v095_s17/production/attempt-01/sampling/frames.extxyz,5b28004032b343dfef216429d4e0761a24384595070cb03a21afa3c444c24067,,unassigned,174,stratified_SOAP_FPS,2026,0.007163643333790837
zrc64_T6000_v105_s17_f0090,zrc64_T6000_v105_s17,64,6000,1.05,17,development,zrc64_v105_s17_heating,90,4500.0,9000,6111.672238782455,-8.147331237792969,30.367534755062255,12.789743423461914,1.8076281823762177,1.1949899152245305,2.0493494828200998,27111f34953e3e7ee02cc995513fe744b4a173913914d449a8d70323d0da393a,hpc/results/round1-8-64/production/zrc64_T6000_v105_s17/jobs/zrc64_T6000_v105_s17/production/attempt-01/sampling/frames.extxyz,ef738ec6f25e619a80c636ce84ec0302c99d26bcf9231bfb5a2f7e421275dfdc,,unassigned,175,stratified_SOAP_FPS,2026,0.05024589166135478
zrc64_T5250_v105_s17_f0115,zrc64_T5250_v105_s17,64,5250,1.05,17,development,zrc64_v105_s17_heating,115,5750.0,11500,4549.82258193962,-8.235977172851562,22.609878007597896,12.20804214477539,1.7267213406144004,1.325304752792063,2.3748474491407077,92e9a870c911cfd3b517a944c9485a0260c9309b01b8abe50d5e62a48c4aaf0d,hpc/results/round1-8-64/production/zrc64_T5250_v105_s17/jobs/zrc64_T5250_v105_s17/production/attempt-01/sampling/frames.extxyz,98513e4ef98528a1f91bcd1e3ab3c9da409ecdb19122d0f4eb5d882dd43afa8e,,unassigned,176,stratified_SOAP_FPS,2026,0.04842073082221966
zrc64_T4500_v105_s17_f0125,zrc64_T4500_v105_s17,64,4500,1.05,17,development,zrc64_v105_s17_heating,125,6250.0,12500,4561.676028529415,-8.85657024383545,18.2461030387696,13.013835906982422,1.7371775018662232,1.3743243725577157,2.765080331632071,3f91db89e4eb3662d14a646be6f2cf6a7050a294f7137428ee295326b24f3dfa,hpc/results/round1-8-64/production/zrc64_T4500_v105_s17/jobs/zrc64_T4500_v105_s17/production/attempt-01/sampling/frames.extxyz,05e37e3688bdce1195b166c3cdb4e0b2767bce96dc36f5029349686ffc9fba78,,unassigned,177,stratified_SOAP_FPS,2026,0.03358754922113407
zrc64_T4500_v100_s17_f0110,zrc64_T4500_v100_s17,64,4500,1.0,17,development,zrc64_v100_s17_heating,110,5500.0,11000,4298.521363184437,-8.948517799377441,27.13229557929495,11.095104217529297,1.841467110394143,1.3521472990620609,2.728796303505944,df61402d2c3f3bde0f82002fc4fa5cdee00d3f58ba453a717d47da0f9d53520b,hpc/results/round1-8-64/production/zrc64_T4500_v100_s17/jobs/zrc64_T4500_v100_s17/production/attempt-01/sampling/frames.extxyz,b5f6ee0648c369753023d9323aabfe46cfd7612607cbea2ffbfb15a993519ff2,,unassigned,178,stratified_SOAP_FPS,2026,0.029108236072873345
zrc64_T3000_v100_s17_f0065,zrc64_T3000_v100_s17,64,3000,1.0,17,development,zrc64_v100_s17_heating,65,3250.0,6500,3591.602279302092,-9.32541561126709,16.143748035161348,7.41408634185791,1.8963326523989452,2.777967640101969,2.881913507721314,ab4575334e28b44bd9a892694c4b54e463977b693dd2c5ef56461e50ecc03b2f,hpc/results/round1-8-64/production/zrc64_T3000_v100_s17/jobs/zrc64_T3000_v100_s17/production/attempt-01/sampling/frames.extxyz,a4444c4024dfaef8af475d257202e4ec0c331a45e9426cd5c950944caa131eaa,,unassigned,179,stratified_SOAP_FPS,2026,0.012763761367626043
zrc64_T0300_v095_s17_f0185,zrc64_T0300_v095_s17,64,300,0.95,17,development,zrc64_v095_s17_heating,185,9250.0,18500,345.43836686694215,-9.647197723388672,15.206144332885742,2.0442991256713867,2.168180776516896,3.1021704521022957,3.158130474949243,aae56ac5fc96dae7e0ecf6300fb5d230942538518f6dbd52ef900c71c1094584,experiments/zrc_mace_round1/jobs/zrc64_T0300_v095_s17/production/attempt-01/sampling/frames.extxyz,29fc41d9fad7160ccd2375073663700da24320df162982d90ed67297d635bd7d,,unassigned,180,stratified_SOAP_FPS,2026,0.0025263671015277036
zrc64_T5250_v105_s17_f0160,zrc64_T5250_v105_s17,64,5250,1.05,17,development,zrc64_v105_s17_heating,160,8000.0,16000,5633.156361164098,-8.26070499420166,23.77887326973764,7.889825344085693,1.8949015190943685,1.339024240470215,2.3456436918727372,b53560a1026ff355333225f149f566fb5827ab7588a51897544b32e36fc3c09d,hpc/results/round1-8-64/production/zrc64_T5250_v105_s17/jobs/zrc64_T5250_v105_s17/production/attempt-01/sampling/frames.extxyz,98513e4ef98528a1f91bcd1e3ab3c9da409ecdb19122d0f4eb5d882dd43afa8e,,unassigned,181,stratified_SOAP_FPS,2026,0.047761801140918755
zrc64_T6000_v100_s17_f0100,zrc64_T6000_v100_s17,64,6000,1.0,17,development,zrc64_v100_s17_heating,100,5000.0,10000,5772.417350985736,-8.069075584411621,35.64935528979342,11.616339683532715,1.7840543207711017,1.3036972620184932,2.255679755278592,1b3acc161476087f8aad80f39462a046d54ac826930058c0b478c2e8183502de,hpc/results/round1-8-64/production/zrc64_T6000_v100_s17/jobs/zrc64_T6000_v100_s17/production/attempt-01/sampling/frames.extxyz,41599cc730e48121c4bdac3bc09d76b684d95a277e129cddc8adb7f46e6d0946,,unassigned,182,stratified_SOAP_FPS,2026,0.046106205671946066
zrc64_T1500_v095_s17_f0105,zrc64_T1500_v095_s17,64,1500,0.95,17,development,zrc64_v095_s17_heating,105,5250.0,10500,1644.4174092910205,-9.492170333862305,21.074714319891207,4.627991676330566,2.062790048967778,2.8708133328652377,2.9560844601303855,2d3d621c725b430ae9a511c82e57722547a06732416c999c23be4d4bdc17a61f,hpc/results/round1-8-64/production/zrc64_T1500_v095_s17/jobs/zrc64_T1500_v095_s17/production/attempt-01/sampling/frames.extxyz,5b28004032b343dfef216429d4e0761a24384595070cb03a21afa3c444c24067,,unassigned,183,stratified_SOAP_FPS,2026,0.006992532531604789
zrc64_T4500_v095_s17_f0025,zrc64_T4500_v095_s17,64,4500,0.95,17,development,zrc64_v095_s17_heating,25,1250.0,2500,4183.688356988208,-8.95463752746582,33.67360391091269,9.867046356201172,1.862920755096602,1.2900358927595483,2.6886821645052392,da616acf32faec1107db9f14bde8115c20c725285e99d5247f32176722a5c17f,hpc/results/round1-8-64/production/zrc64_T4500_v095_s17/jobs/zrc64_T4500_v095_s17/production/attempt-01/sampling/frames.extxyz,65116dd3c23f7ea4f37d5e963453d34409098eb6bae1ff570fe77bb92b99e81a,,unassigned,184,stratified_SOAP_FPS,2026,0.022339553276688413
zrc64_T6000_v095_s17_f0045,zrc64_T6000_v095_s17,64,6000,0.95,17,development,zrc64_v095_s17_heating,45,2250.0,4500,5830.685739983404,-7.951936721801758,41.78478034917038,7.563214302062988,1.8688120185103532,1.286011397906962,2.2910197911501085,e4ab3601de98f17f817f32801de91e9645d9af1aa86e2dbb923e9dc9aa923bc0,hpc/results/round1-8-64/production/zrc64_T6000_v095_s17/jobs/zrc64_T6000_v095_s17/production/attempt-01/sampling/frames.extxyz,ebfa194f0d83eb7ec3df31489d43cf1768b9a48d0c55db95d8af2f4e79e8302b,,unassigned,185,stratified_SOAP_FPS,2026,0.04476461113955315
zrc64_T1500_v105_s17_f0170,zrc64_T1500_v105_s17,64,1500,1.05,17,development,zrc64_v105_s17_heating,170,8500.0,17000,1619.1758078116502,-9.481688499450684,-1.5808900742687029,5.069521903991699,1.9956667302755697,3.0209094826600698,2.9670574711747775,7e2fefc1aa447e5e864630e6afd75afe4418033bc69aa09ac8bea4b0bde7379c,hpc/results/round1-8-64/production/zrc64_T1500_v105_s17/jobs/zrc64_T1500_v105_s17/production/attempt-01/sampling/frames.extxyz,d28a4f0a705320a646044b919cebe9286d070451f48feede258cfdd61a8ba8f5,,unassigned,186,stratified_SOAP_FPS,2026,0.00874533228441437
zrc64_T0300_v105_s17_f0105,zrc64_T0300_v105_s17,64,300,1.05,17,development,zrc64_v105_s17_heating,105,5250.0,10500,319.48595996601387,-9.654743194580078,-8.724774360656738,1.6295803785324097,2.1983183017166943,3.2140096818525437,3.2019365781249562,6618c3342c58f106a1e182606ab7a1e6b98d11b7bb8e4624fceff9d7cdff99c0,experiments/zrc_mace_round1/jobs/zrc64_T0300_v105_s17/production/attempt-01/sampling/frames.extxyz,2e6224250d01b866f883442edea3e0ecd17b582eb99446eca08ba48b95249e08,,unassigned,187,stratified_SOAP_FPS,2026,0.0032338396736500004
zrc64_T1500_v100_s17_f0025,zrc64_T1500_v100_s17,64,1500,1.0,17,development,zrc64_v100_s17_heating,25,1250.0,2500,1493.7633670076916,-9.510988235473633,7.2654011766045965,5.729824066162109,2.087008621898163,3.0125193584537118,2.9334559676814806,846d2b4a8e1f5f65023d2ccab8dad58f44889c8b98bfc2af1691e802404b9b78,hpc/results/round1-8-64/production/zrc64_T1500_v100_s17/jobs/zrc64_T1500_v100_s17/production/attempt-01/sampling/frames.extxyz,0b57a9d22d7e8c7db61735858cc30505ba173d07c1c4a6e396f17041a99b84e2,,unassigned,188,stratified_SOAP_FPS,2026,0.007337639377202846
zrc64_T3000_v095_s17_f0035,zrc64_T3000_v095_s17,64,3000,0.95,17,development,zrc64_v095_s17_heating,35,1750.0,3500,2927.640043499821,-9.277636528015137,29.0353938021203,10.06848430633545,1.9490811274870619,2.685449027232116,2.7596071846530097,83f6a326c4450d68d1fd1611842f3853ebfc361607bc6826c23e938bc7af8697,hpc/results/round1-8-64/production/zrc64_T3000_v095_s17/jobs/zrc64_T3000_v095_s17/production/attempt-01/sampling/frames.extxyz,38d42f886936a7c5334dbee7f9fc2d38457e89614c905ba8d473d57ee3aee2bb,,unassigned,189,stratified_SOAP_FPS,2026,0.010946185074948874
zrc64_T4500_v105_s17_f0025,zrc64_T4500_v105_s17,64,4500,1.05,17,development,zrc64_v105_s17_heating,25,1250.0,2500,4966.93418119172,-8.791918754577637,18.934928326891402,9.981549263000488,1.796076175808484,1.3453138879812838,2.5669167183247863,beae6303a40ad6ca5dc88f9dadb166d7560a8b2b3e71571b9fda3e88f557e299,hpc/results/round1-8-64/production/zrc64_T4500_v105_s17/jobs/zrc64_T4500_v105_s17/production/attempt-01/sampling/frames.extxyz,05e37e3688bdce1195b166c3cdb4e0b2767bce96dc36f5029349686ffc9fba78,,unassigned,190,stratified_SOAP_FPS,2026,0.03122328277367493
zrc64_T0300_v095_s17_f0060,zrc64_T0300_v095_s17,64,300,0.95,17,development,zrc64_v095_s17_heating,60,3000.0,6000,261.75448346004265,-9.650477409362793,14.97961139678955,1.9399874210357666,2.163149086737417,3.0707207714052402,3.1091197580584247,977b60856b179beb0cc3853bef60c548befd21033c75e12b82bd621cbf4cedbc,experiments/zrc_mace_round1/jobs/zrc64_T0300_v095_s17/production/attempt-01/sampling/frames.extxyz,29fc41d9fad7160ccd2375073663700da24320df162982d90ed67297d635bd7d,,unassigned,191,stratified_SOAP_FPS,2026,0.0025137947827728654
zrc64_T4500_v100_s17_f0180,zrc64_T4500_v100_s17,64,4500,1.0,17,development,zrc64_v100_s17_heating,180,9000.0,18000,4981.919720237783,-9.06391429901123,23.706357292046548,9.5918550491333,1.8436945467832953,1.4461166809343278,2.8365009494965174,855392044b5a42d0eaf2489077895b09ec85f502e077c30a40ee57e3e3104b3e,hpc/results/round1-8-64/production/zrc64_T4500_v100_s17/jobs/zrc64_T4500_v100_s17/production/attempt-01/sampling/frames.extxyz,b5f6ee0648c369753023d9323aabfe46cfd7612607cbea2ffbfb15a993519ff2,,unassigned,192,stratified_SOAP_FPS,2026,0.027740548533168135
zrc64_T6000_v105_s17_f0160,zrc64_T6000_v105_s17,64,6000,1.05,17,development,zrc64_v105_s17_heating,160,8000.0,16000,5584.4762901583435,-8.177301406860352,27.743260476691596,17.666656494140625,1.8629535306281755,1.1285281276046655,2.35002234907369,8552d2b791963f60be8edbce7675dc27dbf20efe136fd9a3e89fa577bfca3f6b,hpc/results/round1-8-64/production/zrc64_T6000_v105_s17/jobs/zrc64_T6000_v105_s17/production/attempt-01/sampling/frames.extxyz,ef738ec6f25e619a80c636ce84ec0302c99d26bcf9231bfb5a2f7e421275dfdc,,unassigned,193,stratified_SOAP_FPS,2026,0.049581707138074596
zrc64_T5250_v095_s17_f0195,zrc64_T5250_v095_s17,64,5250,0.95,17,development,zrc64_v095_s17_heating,195,9750.0,19500,4758.430581951625,-8.200872421264648,40.521298691821066,13.79724407196045,1.785601377888928,1.1667548126530056,2.3205826048661278,d7f42b85a396ec6357d953653bbc9780337e675a442b4581c82b88bb90532de2,hpc/results/round1-8-64/production/zrc64_T5250_v095_s17/jobs/zrc64_T5250_v095_s17/production/attempt-01/sampling/frames.extxyz,7fdbc9fc59e3288da3c2fc653d1ed8709f0feeca8bf1573cf734a243a8eea755,,unassigned,194,stratified_SOAP_FPS,2026,0.044120537521467204
zrc64_T3000_v100_s17_f0110,zrc64_T3000_v100_s17,64,3000,1.0,17,development,zrc64_v100_s17_heating,110,5500.0,11000,2682.5115478675434,-9.324919700622559,15.385702463764504,7.089675426483154,1.8984175819523708,2.688309267527787,2.8428300025415667,3101ca970a7cf076e0a1034f5c79c56e251cc05cadae14051f437cb6edee4440,hpc/results/round1-8-64/production/zrc64_T3000_v100_s17/jobs/zrc64_T3000_v100_s17/production/attempt-01/sampling/frames.extxyz,a4444c4024dfaef8af475d257202e4ec0c331a45e9426cd5c950944caa131eaa,,unassigned,195,stratified_SOAP_FPS,2026,0.01186568093677334
zrc64_T0300_v100_s17_f0150,zrc64_T0300_v100_s17,64,300,1.0,17,development,zrc64_v100_s17_heating,150,7500.0,15000,326.9108187734181,-9.67320442199707,1.5632879734039307,1.8549492359161377,2.2172335304010184,3.1641220109483363,3.173395766034313,b64fe3a7293504b6e47feaeaa06f6e007cf182192590fcc1e115c1795d915a49,experiments/zrc_mace_round1/jobs/zrc64_T0300_v100_s17/production/attempt-01/sampling/frames.extxyz,b0e19e781d665d4f92fb7606a1fa566d8357e4b8f1c5799a79f193aea3456c2f,,unassigned,196,stratified_SOAP_FPS,2026,0.002953929100121227
zrc64_T5250_v100_s17_f0095,zrc64_T5250_v100_s17,64,5250,1.0,17,development,zrc64_v100_s17_heating,95,4750.0,9500,4696.500917568522,-8.13258171081543,32.70961067407253,14.77306842803955,1.6751295356017475,1.2245614415314217,2.3988842003708255,82fcbb0d5a5891f58bae926df900159e6fc726341e54e9aa35d1ba6e2d10b984,hpc/results/round1-8-64/production/zrc64_T5250_v100_s17/jobs/zrc64_T5250_v100_s17/production/attempt-01/sampling/frames.extxyz,c105336a4968370fe0edbeab8640489ed047806d76ff10421d0ca32fae09eea0,,unassigned,197,stratified_SOAP_FPS,2026,0.043253682985872004
zrc64_T3000_v105_s17_f0120,zrc64_T3000_v105_s17,64,3000,1.05,17,development,zrc64_v105_s17_heating,120,6000.0,12000,2906.56107487666,-9.314905166625977,6.027772843784474,7.242243766784668,1.9144020009249463,2.858578668743755,2.9665497277611297,5506775bc561084faa1028d660d2afa2c10532c5c803289c3a368fc091795feb,hpc/results/round1-8-64/production/zrc64_T3000_v105_s17/jobs/zrc64_T3000_v105_s17/production/attempt-01/sampling/frames.extxyz,b4dccb6801af5c2276e8bda38746a4f6f66326b38d4a2344115b8b88f363d665,,unassigned,198,stratified_SOAP_FPS,2026,0.013504212446132334
zrc64_T4500_v095_s17_f0175,zrc64_T4500_v095_s17,64,4500,0.95,17,development,zrc64_v095_s17_heating,175,8750.0,17500,4592.331022453292,-9.036697387695312,34.363785042415664,10.279703140258789,1.8223750237972305,1.3201082486503297,2.666585047784981,8063bb9df60a0eaec5e71aa200d346a407761434620a93e46a4156ceb323564b,hpc/results/round1-8-64/production/zrc64_T4500_v095_s17/jobs/zrc64_T4500_v095_s17/production/attempt-01/sampling/frames.extxyz,65116dd3c23f7ea4f37d5e963453d34409098eb6bae1ff570fe77bb92b99e81a,,unassigned,199,stratified_SOAP_FPS,2026,0.02195847189295228
zrc64_T6000_v105_s17_f0125,zrc64_T6000_v105_s17,64,6000,1.05,17,development,zrc64_v105_s17_heating,125,6250.0,12500,5988.085625074151,-8.09820556640625,27.5839540060451,16.279502868652344,1.8381319805548642,1.1760564131226359,2.4242443437476826,381fad88391a8043616a351c29dafc8c392b23d978cdfa7c3eb92b400e112e37,hpc/results/round1-8-64/production/zrc64_T6000_v105_s17/jobs/zrc64_T6000_v105_s17/production/attempt-01/sampling/frames.extxyz,ef738ec6f25e619a80c636ce84ec0302c99d26bcf9231bfb5a2f7e421275dfdc,,unassigned,200,stratified_SOAP_FPS,2026,0.04923052586528546
